2025-08-11T19:37:53: 2025/08/11 19:37:53 Server listening on :3000...
2025-08-11T19:39:20: 2025/08/11 19:39:20 [INFO] SSE connection attempt from 127.0.0.1:52848
2025-08-11T19:39:20: 2025/08/11 19:39:20 [INFO] New SSE user id : 1
2025-08-11T19:39:20: 2025/08/11 19:39:20 [INFO] Active Clients: map[1:0xc0002fae40]
2025-08-11T19:39:33: 
2025-08-11T19:39:33: 2025/08/11 19:39:33 [32m/home/ubuntu/unipilot/internal/server/users.go:46
2025-08-11T19:39:33: [0m[33m[5.417ms] [34;1m[rows:2][0m SELECT * FROM "public"."users" WHERE NOT id = 1 AND "users"."deleted_at" IS NULL
2025-08-11T19:39:33: 
2025-08-11T19:39:33: 2025/08/11 19:39:33 [32m/home/ubuntu/unipilot/internal/server/users.go:57
2025-08-11T19:39:33: [0m[33m[2.240ms] [34;1m[rows:3][0m SELECT "code" FROM "public"."courses" WHERE user_id = 3  AND "courses"."deleted_at" IS NULL
2025-08-11T19:39:33: 
2025-08-11T19:39:33: 2025/08/11 19:39:33 [32m/home/ubuntu/unipilot/internal/server/users.go:57
2025-08-11T19:39:33: [0m[33m[2.278ms] [34;1m[rows:0][0m SELECT "code" FROM "public"."courses" WHERE user_id = 19  AND "courses"."deleted_at" IS NULL
2025-08-11T19:39:34: 
2025-08-11T19:39:34: 2025/08/11 19:39:34 [32m/home/ubuntu/unipilot/internal/models/user/follow.go:108
2025-08-11T19:39:34: [0m[33m[3.720ms] [34;1m[rows:0][0m SELECT "users"."id","users"."created_at","users"."updated_at","users"."deleted_at","users"."username","users"."email","users"."password_hash","users"."avatar","users"."university","users"."is_verified","users"."language","users"."last_sync" FROM "public"."users" JOIN follows ON users.id = follows.followed_id WHERE (follows.follower_id = 3 AND follows.deleted_at is NULL) AND "users"."deleted_at" IS NULL LIMIT 20
2025-08-11T19:39:34: 
2025-08-11T19:39:34: 2025/08/11 19:39:34 [32m/home/ubuntu/unipilot/internal/models/user/follow.go:64
2025-08-11T19:39:34: [0m[33m[2.754ms] [34;1m[rows:1][0m SELECT count(*) FROM "public"."follows" WHERE follower_id = 3 AND "follows"."deleted_at" IS NULL
2025-08-11T19:39:34: 
2025-08-11T19:39:34: 2025/08/11 19:39:34 [32m/home/ubuntu/unipilot/internal/models/user/follow.go:98
2025-08-11T19:39:34: [0m[33m[2.767ms] [34;1m[rows:0][0m SELECT "users"."id","users"."created_at","users"."updated_at","users"."deleted_at","users"."username","users"."email","users"."password_hash","users"."avatar","users"."university","users"."is_verified","users"."language","users"."last_sync" FROM "public"."users" JOIN follows ON users.id = follows.follower_id WHERE (follows.followed_id = 3 AND follows.deleted_at is NULL) AND "users"."deleted_at" IS NULL LIMIT 20
2025-08-11T19:39:34: 
2025-08-11T19:39:34: 2025/08/11 19:39:34 [32m/home/ubuntu/unipilot/internal/models/user/follow.go:57
2025-08-11T19:39:34: [0m[33m[1.297ms] [34;1m[rows:1][0m SELECT count(*) FROM "public"."follows" WHERE followed_id = 3 AND "follows"."deleted_at" IS NULL
2025-08-11T19:39:34: 2025/08/11 19:39:34 [INFO] User ID : 3, Total : 0, Followers : []
2025-08-11T19:39:34: 
2025-08-11T19:39:34: 2025/08/11 19:39:34 [32m/home/ubuntu/unipilot/internal/models/user/follow.go:108
2025-08-11T19:39:34: [0m[33m[37.045ms] [34;1m[rows:0][0m SELECT "users"."id","users"."created_at","users"."updated_at","users"."deleted_at","users"."username","users"."email","users"."password_hash","users"."avatar","users"."university","users"."is_verified","users"."language","users"."last_sync" FROM "public"."users" JOIN follows ON users.id = follows.followed_id WHERE (follows.follower_id = 19 AND follows.deleted_at is NULL) AND "users"."deleted_at" IS NULL LIMIT 20
2025-08-11T19:39:34: 
2025-08-11T19:39:34: 2025/08/11 19:39:34 [32m/home/ubuntu/unipilot/internal/models/user/follow.go:98
2025-08-11T19:39:34: [0m[33m[34.565ms] [34;1m[rows:0][0m SELECT "users"."id","users"."created_at","users"."updated_at","users"."deleted_at","users"."username","users"."email","users"."password_hash","users"."avatar","users"."university","users"."is_verified","users"."language","users"."last_sync" FROM "public"."users" JOIN follows ON users.id = follows.follower_id WHERE (follows.followed_id = 19 AND follows.deleted_at is NULL) AND "users"."deleted_at" IS NULL LIMIT 20
2025-08-11T19:39:34: 
2025-08-11T19:39:34: 2025/08/11 19:39:34 [32m/home/ubuntu/unipilot/internal/models/user/follow.go:64
2025-08-11T19:39:34: [0m[33m[3.806ms] [34;1m[rows:1][0m SELECT count(*) FROM "public"."follows" WHERE follower_id = 19 AND "follows"."deleted_at" IS NULL
2025-08-11T19:39:34: 
2025-08-11T19:39:34: 2025/08/11 19:39:34 [32m/home/ubuntu/unipilot/internal/models/user/follow.go:57
2025-08-11T19:39:34: [0m[33m[4.367ms] [34;1m[rows:1][0m SELECT count(*) FROM "public"."follows" WHERE followed_id = 19 AND "follows"."deleted_at" IS NULL
2025-08-11T19:39:34: 2025/08/11 19:39:34 [INFO] User ID : 19, Total : 0, Followers : []
2025-08-11T19:41:05: 2025/08/11 19:41:05 [INFO] Client 1 disconnected (context canceled)
2025-08-11T19:41:05: 2025/08/11 19:41:05 [INFO] Removing client 1 (reason: connection closing)
2025-08-11T22:16:48: 2025/08/11 22:16:48 [INFO] SSE connection attempt from 127.0.0.1:52204
2025-08-11T22:16:48: 2025/08/11 22:16:48 [INFO] New SSE user id : 1
2025-08-11T22:16:48: 2025/08/11 22:16:48 [INFO] Active Clients: map[1:0xc0004401b0]
2025-08-11T22:16:54: 
2025-08-11T22:16:54: 2025/08/11 22:16:54 [32m/home/ubuntu/unipilot/internal/server/users.go:46
2025-08-11T22:16:54: [0m[33m[2.308ms] [34;1m[rows:2][0m SELECT * FROM "public"."users" WHERE NOT id = 1 AND "users"."deleted_at" IS NULL
2025-08-11T22:16:54: 
2025-08-11T22:16:54: 2025/08/11 22:16:54 [32m/home/ubuntu/unipilot/internal/server/users.go:57
2025-08-11T22:16:54: [0m[33m[4.043ms] [34;1m[rows:3][0m SELECT "code" FROM "public"."courses" WHERE user_id = 3  AND "courses"."deleted_at" IS NULL
2025-08-11T22:16:54: 
2025-08-11T22:16:54: 2025/08/11 22:16:54 [32m/home/ubuntu/unipilot/internal/server/users.go:57
2025-08-11T22:16:54: [0m[33m[0.581ms] [34;1m[rows:0][0m SELECT "code" FROM "public"."courses" WHERE user_id = 19  AND "courses"."deleted_at" IS NULL
2025-08-11T22:16:54: 
2025-08-11T22:16:54: 2025/08/11 22:16:54 [32m/home/ubuntu/unipilot/internal/models/user/follow.go:108
2025-08-11T22:16:54: [0m[33m[1.042ms] [34;1m[rows:0][0m SELECT "users"."id","users"."created_at","users"."updated_at","users"."deleted_at","users"."username","users"."email","users"."password_hash","users"."avatar","users"."university","users"."is_verified","users"."language","users"."last_sync" FROM "public"."users" JOIN follows ON users.id = follows.followed_id WHERE (follows.follower_id = 19 AND follows.deleted_at is NULL) AND "users"."deleted_at" IS NULL LIMIT 20
2025-08-11T22:16:54: 
2025-08-11T22:16:54: 2025/08/11 22:16:54 [32m/home/ubuntu/unipilot/internal/models/user/follow.go:64
2025-08-11T22:16:54: [0m[33m[2.971ms] [34;1m[rows:1][0m SELECT count(*) FROM "public"."follows" WHERE follower_id = 19 AND "follows"."deleted_at" IS NULL
2025-08-11T22:16:54: 
2025-08-11T22:16:54: 2025/08/11 22:16:54 [32m/home/ubuntu/unipilot/internal/models/user/follow.go:98
2025-08-11T22:16:54: [0m[33m[3.617ms] [34;1m[rows:0][0m SELECT "users"."id","users"."created_at","users"."updated_at","users"."deleted_at","users"."username","users"."email","users"."password_hash","users"."avatar","users"."university","users"."is_verified","users"."language","users"."last_sync" FROM "public"."users" JOIN follows ON users.id = follows.follower_id WHERE (follows.followed_id = 19 AND follows.deleted_at is NULL) AND "users"."deleted_at" IS NULL LIMIT 20
2025-08-11T22:16:54: 
2025-08-11T22:16:54: 2025/08/11 22:16:54 [32m/home/ubuntu/unipilot/internal/models/user/follow.go:57
2025-08-11T22:16:54: [0m[33m[2.551ms] [34;1m[rows:1][0m SELECT count(*) FROM "public"."follows" WHERE followed_id = 19 AND "follows"."deleted_at" IS NULL
2025-08-11T22:16:54: 
2025-08-11T22:16:54: 2025/08/11 22:16:54 [32m/home/ubuntu/unipilot/internal/models/user/follow.go:108
2025-08-11T22:16:54: [0m[33m[1.002ms] [34;1m[rows:0][0m SELECT "users"."id","users"."created_at","users"."updated_at","users"."deleted_at","users"."username","users"."email","users"."password_hash","users"."avatar","users"."university","users"."is_verified","users"."language","users"."last_sync" FROM "public"."users" JOIN follows ON users.id = follows.followed_id WHERE (follows.follower_id = 3 AND follows.deleted_at is NULL) AND "users"."deleted_at" IS NULL LIMIT 20
2025-08-11T22:16:54: 2025/08/11 22:16:54 [INFO] User ID : 19, Total : 0, Followers : []
2025-08-11T22:16:54: 
2025-08-11T22:16:54: 2025/08/11 22:16:54 [32m/home/ubuntu/unipilot/internal/models/user/follow.go:64
2025-08-11T22:16:54: [0m[33m[2.578ms] [34;1m[rows:1][0m SELECT count(*) FROM "public"."follows" WHERE follower_id = 3 AND "follows"."deleted_at" IS NULL
2025-08-11T22:16:54: 
2025-08-11T22:16:54: 2025/08/11 22:16:54 [32m/home/ubuntu/unipilot/internal/models/user/follow.go:98
2025-08-11T22:16:54: [0m[33m[33.435ms] [34;1m[rows:0][0m SELECT "users"."id","users"."created_at","users"."updated_at","users"."deleted_at","users"."username","users"."email","users"."password_hash","users"."avatar","users"."university","users"."is_verified","users"."language","users"."last_sync" FROM "public"."users" JOIN follows ON users.id = follows.follower_id WHERE (follows.followed_id = 3 AND follows.deleted_at is NULL) AND "users"."deleted_at" IS NULL LIMIT 20
2025-08-11T22:16:54: 
2025-08-11T22:16:54: 2025/08/11 22:16:54 [32m/home/ubuntu/unipilot/internal/models/user/follow.go:57
2025-08-11T22:16:54: [0m[33m[1.581ms] [34;1m[rows:1][0m SELECT count(*) FROM "public"."follows" WHERE followed_id = 3 AND "follows"."deleted_at" IS NULL
2025-08-11T22:16:54: 2025/08/11 22:16:54 [INFO] User ID : 3, Total : 0, Followers : []
2025-08-11T22:44:59: 
2025-08-11T22:44:59: 2025/08/11 22:44:59 [32m/home/ubuntu/unipilot/internal/server/users.go:46
2025-08-11T22:44:59: [0m[33m[10.403ms] [34;1m[rows:2][0m SELECT * FROM "public"."users" WHERE NOT id = 1 AND "users"."deleted_at" IS NULL
2025-08-11T22:44:59: 
2025-08-11T22:44:59: 2025/08/11 22:44:59 [32m/home/ubuntu/unipilot/internal/server/users.go:57
2025-08-11T22:44:59: [0m[33m[2.163ms] [34;1m[rows:3][0m SELECT "code" FROM "public"."courses" WHERE user_id = 3  AND "courses"."deleted_at" IS NULL
2025-08-11T22:44:59: 
2025-08-11T22:44:59: 2025/08/11 22:44:59 [32m/home/ubuntu/unipilot/internal/server/users.go:57
2025-08-11T22:44:59: [0m[33m[0.616ms] [34;1m[rows:0][0m SELECT "code" FROM "public"."courses" WHERE user_id = 19  AND "courses"."deleted_at" IS NULL
2025-08-11T22:45:09: 2025/08/11 22:45:09 [INFO] Client 1 disconnected (context canceled)
2025-08-11T22:45:09: 2025/08/11 22:45:09 [INFO] Removing client 1 (reason: connection closing)
2025-08-11T22:45:29: 
2025-08-11T22:45:29: 2025/08/11 22:45:29 [31;1m/home/ubuntu/unipilot/internal/server/login.go:35 [35;1mrecord not found
2025-08-11T22:45:29: [0m[33m[4.340ms] [34;1m[rows:0][0m SELECT * FROM "public"."users" WHERE username = 'Testuser' AND "users"."deleted_at" IS NULL ORDER BY "users"."id" LIMIT 1
2025-08-11T22:45:29: 2025/08/11 22:45:29 [ERROR] [401] Invalid credentials
2025-08-11T22:46:20: 2025/08/11 22:46:20 [INFO] SSE connection attempt from 127.0.0.1:35660
2025-08-11T22:46:20: 2025/08/11 22:46:20 [INFO] New SSE user id : 3
2025-08-11T22:46:20: 2025/08/11 22:46:20 [INFO] Active Clients: map[3:0xc0001c11a0]
2025-08-11T22:46:51: 
2025-08-11T22:46:51: 2025/08/11 22:46:51 [32m/home/ubuntu/unipilot/internal/server/users.go:46
2025-08-11T22:46:51: [0m[33m[1.515ms] [34;1m[rows:2][0m SELECT * FROM "public"."users" WHERE NOT id = 3 AND "users"."deleted_at" IS NULL
2025-08-11T22:46:51: 
2025-08-11T22:46:51: 2025/08/11 22:46:51 [32m/home/ubuntu/unipilot/internal/server/users.go:57
2025-08-11T22:46:51: [0m[33m[1.065ms] [34;1m[rows:10][0m SELECT "code" FROM "public"."courses" WHERE user_id = 1  AND "courses"."deleted_at" IS NULL
2025-08-11T22:46:51: 
2025-08-11T22:46:51: 2025/08/11 22:46:51 [32m/home/ubuntu/unipilot/internal/server/users.go:57
2025-08-11T22:46:51: [0m[33m[1.144ms] [34;1m[rows:0][0m SELECT "code" FROM "public"."courses" WHERE user_id = 19  AND "courses"."deleted_at" IS NULL
2025-08-11T22:46:51: 
2025-08-11T22:46:51: 2025/08/11 22:46:51 [32m/home/ubuntu/unipilot/internal/models/user/follow.go:108
2025-08-11T22:46:51: [0m[33m[1.218ms] [34;1m[rows:0][0m SELECT "users"."id","users"."created_at","users"."updated_at","users"."deleted_at","users"."username","users"."email","users"."password_hash","users"."avatar","users"."university","users"."is_verified","users"."language","users"."last_sync" FROM "public"."users" JOIN follows ON users.id = follows.followed_id WHERE (follows.follower_id = 19 AND follows.deleted_at is NULL) AND "users"."deleted_at" IS NULL LIMIT 20
2025-08-11T22:46:51: 
2025-08-11T22:46:51: 2025/08/11 22:46:51 [32m/home/ubuntu/unipilot/internal/models/user/follow.go:64
2025-08-11T22:46:51: [0m[33m[2.285ms] [34;1m[rows:1][0m SELECT count(*) FROM "public"."follows" WHERE follower_id = 19 AND "follows"."deleted_at" IS NULL
2025-08-11T22:46:51: 
2025-08-11T22:46:51: 2025/08/11 22:46:51 [32m/home/ubuntu/unipilot/internal/models/user/follow.go:98
2025-08-11T22:46:51: [0m[33m[1.825ms] [34;1m[rows:0][0m SELECT "users"."id","users"."created_at","users"."updated_at","users"."deleted_at","users"."username","users"."email","users"."password_hash","users"."avatar","users"."university","users"."is_verified","users"."language","users"."last_sync" FROM "public"."users" JOIN follows ON users.id = follows.follower_id WHERE (follows.followed_id = 19 AND follows.deleted_at is NULL) AND "users"."deleted_at" IS NULL LIMIT 20
2025-08-11T22:46:51: 
2025-08-11T22:46:51: 2025/08/11 22:46:51 [32m/home/ubuntu/unipilot/internal/models/user/follow.go:98
2025-08-11T22:46:51: [0m[33m[0.769ms] [34;1m[rows:0][0m SELECT "users"."id","users"."created_at","users"."updated_at","users"."deleted_at","users"."username","users"."email","users"."password_hash","users"."avatar","users"."university","users"."is_verified","users"."language","users"."last_sync" FROM "public"."users" JOIN follows ON users.id = follows.follower_id WHERE (follows.followed_id = 1 AND follows.deleted_at is NULL) AND "users"."deleted_at" IS NULL LIMIT 20
2025-08-11T22:46:51: 
2025-08-11T22:46:51: 2025/08/11 22:46:51 [32m/home/ubuntu/unipilot/internal/models/user/follow.go:57
2025-08-11T22:46:51: [0m[33m[2.887ms] [34;1m[rows:1][0m SELECT count(*) FROM "public"."follows" WHERE followed_id = 19 AND "follows"."deleted_at" IS NULL
2025-08-11T22:46:51: 2025/08/11 22:46:51 [INFO] User ID : 19, Total : 0, Followers : []
2025-08-11T22:46:51: 
2025-08-11T22:46:51: 2025/08/11 22:46:51 [32m/home/ubuntu/unipilot/internal/models/user/follow.go:57
2025-08-11T22:46:51: [0m[33m[2.005ms] [34;1m[rows:1][0m SELECT count(*) FROM "public"."follows" WHERE followed_id = 1 AND "follows"."deleted_at" IS NULL
2025-08-11T22:46:51: 2025/08/11 22:46:51 [INFO] User ID : 1, Total : 0, Followers : []
2025-08-11T22:46:51: 
2025-08-11T22:46:51: 2025/08/11 22:46:51 [32m/home/ubuntu/unipilot/internal/models/user/follow.go:108
2025-08-11T22:46:51: [0m[33m[32.047ms] [34;1m[rows:0][0m SELECT "users"."id","users"."created_at","users"."updated_at","users"."deleted_at","users"."username","users"."email","users"."password_hash","users"."avatar","users"."university","users"."is_verified","users"."language","users"."last_sync" FROM "public"."users" JOIN follows ON users.id = follows.followed_id WHERE (follows.follower_id = 1 AND follows.deleted_at is NULL) AND "users"."deleted_at" IS NULL LIMIT 20
2025-08-11T22:46:51: 
2025-08-11T22:46:51: 2025/08/11 22:46:51 [32m/home/ubuntu/unipilot/internal/models/user/follow.go:64
2025-08-11T22:46:51: [0m[33m[0.700ms] [34;1m[rows:1][0m SELECT count(*) FROM "public"."follows" WHERE follower_id = 1 AND "follows"."deleted_at" IS NULL
2025-08-11T22:48:20: 2025/08/11 22:48:20 [INFO] Client 3 disconnected (context canceled)
2025-08-11T22:48:20: 2025/08/11 22:48:20 [INFO] Removing client 3 (reason: connection closing)
2025-08-11T22:48:28: 2025/08/11 22:48:28 [INFO] SSE connection attempt from 127.0.0.1:53794
2025-08-11T22:48:28: 2025/08/11 22:48:28 [INFO] New SSE user id : 3
2025-08-11T22:48:28: 2025/08/11 22:48:28 [INFO] Active Clients: map[3:0xc0003928d0]
2025-08-11T22:48:58: 2025/08/11 22:48:58 [INFO] user_id %!s(uint=3) column status_name value Done
2025-08-11T22:50:55: 2025/08/11 22:50:55 [INFO] user_id %!s(uint=3) column status_name value Not started
2025-08-11T22:53:28: 2025/08/11 22:53:28 [INFO] Client 3 disconnected (context canceled)
2025-08-11T22:53:28: 2025/08/11 22:53:28 [INFO] Removing client 3 (reason: connection closing)
2025-08-11T22:53:52: 2025/08/11 22:53:52 [INFO] SSE connection attempt from 127.0.0.1:39748
2025-08-11T22:53:52: 2025/08/11 22:53:52 [INFO] New SSE user id : 1
2025-08-11T22:53:52: 2025/08/11 22:53:52 [INFO] Active Clients: map[1:0xc000258a50]
2025-08-11T22:54:58: 2025/08/11 22:54:58 [INFO] user_id %!s(uint=1) column status_name value Not started
2025-08-11T22:55:18: 2025/08/11 22:55:18 [INFO] user_id %!s(uint=1) column status_name value Done
2025-08-11T23:10:04: 2025/08/11 23:10:04 [INFO] Client 1 disconnected (context canceled)
2025-08-11T23:10:04: 2025/08/11 23:10:04 [INFO] Removing client 1 (reason: connection closing)
2025-08-12T12:52:22: 2025/08/12 12:52:22 [INFO] SSE connection attempt from 127.0.0.1:44156
2025-08-12T12:52:22: 2025/08/12 12:52:22 [INFO] New SSE user id : 1
2025-08-12T12:52:22: 2025/08/12 12:52:22 [INFO] Active Clients: map[1:0xc0002fac30]
2025-08-12T12:58:29: 
2025-08-12T12:58:29: 2025/08/12 12:58:29 [32m/home/ubuntu/unipilot/internal/server/users.go:46
2025-08-12T12:58:29: [0m[33m[27.577ms] [34;1m[rows:2][0m SELECT * FROM "public"."users" WHERE NOT id = 1 AND "users"."deleted_at" IS NULL
2025-08-12T12:58:29: 
2025-08-12T12:58:29: 2025/08/12 12:58:29 [32m/home/ubuntu/unipilot/internal/server/users.go:57
2025-08-12T12:58:29: [0m[33m[0.548ms] [34;1m[rows:3][0m SELECT "code" FROM "public"."courses" WHERE user_id = 3  AND "courses"."deleted_at" IS NULL
2025-08-12T12:58:29: 
2025-08-12T12:58:29: 2025/08/12 12:58:29 [32m/home/ubuntu/unipilot/internal/server/users.go:57
2025-08-12T12:58:29: [0m[33m[0.451ms] [34;1m[rows:0][0m SELECT "code" FROM "public"."courses" WHERE user_id = 19  AND "courses"."deleted_at" IS NULL
2025-08-12T13:33:49: 2025/08/12 13:33:49 [INFO] Client 1 disconnected (context canceled)
2025-08-12T13:33:49: 2025/08/12 13:33:49 [INFO] Removing client 1 (reason: connection closing)
2025-08-12T16:03:27: 2025/08/12 16:03:27 [INFO] SSE connection attempt from 127.0.0.1:49932
2025-08-12T16:03:27: 2025/08/12 16:03:27 [INFO] New SSE user id : 1
2025-08-12T16:03:27: 2025/08/12 16:03:27 [INFO] Active Clients: map[1:0xc0002fac60]
2025-08-12T16:03:36: 
2025-08-12T16:03:36: 2025/08/12 16:03:36 [32m/home/ubuntu/unipilot/internal/server/users.go:46
2025-08-12T16:03:36: [0m[33m[10.078ms] [34;1m[rows:2][0m SELECT * FROM "public"."users" WHERE NOT id = 1 AND "users"."deleted_at" IS NULL
2025-08-12T16:03:36: 
2025-08-12T16:03:36: 2025/08/12 16:03:36 [32m/home/ubuntu/unipilot/internal/server/users.go:57
2025-08-12T16:03:36: [0m[33m[0.647ms] [34;1m[rows:3][0m SELECT "code" FROM "public"."courses" WHERE user_id = 3  AND "courses"."deleted_at" IS NULL
2025-08-12T16:03:36: 
2025-08-12T16:03:36: 2025/08/12 16:03:36 [32m/home/ubuntu/unipilot/internal/server/users.go:57
2025-08-12T16:03:36: [0m[33m[0.934ms] [34;1m[rows:0][0m SELECT "code" FROM "public"."courses" WHERE user_id = 19  AND "courses"."deleted_at" IS NULL
2025-08-12T16:03:36: 
2025-08-12T16:03:36: 2025/08/12 16:03:36 [32m/home/ubuntu/unipilot/internal/models/user/follow.go:98
2025-08-12T16:03:36: [0m[33m[1.118ms] [34;1m[rows:0][0m SELECT "users"."id","users"."created_at","users"."updated_at","users"."deleted_at","users"."username","users"."email","users"."password_hash","users"."avatar","users"."university","users"."is_verified","users"."language","users"."last_sync" FROM "public"."users" JOIN follows ON users.id = follows.follower_id WHERE (follows.followed_id = 3 AND follows.deleted_at is NULL) AND "users"."deleted_at" IS NULL LIMIT 20
2025-08-12T16:03:36: 
2025-08-12T16:03:36: 2025/08/12 16:03:36 [32m/home/ubuntu/unipilot/internal/models/user/follow.go:108
2025-08-12T16:03:36: [0m[33m[1.946ms] [34;1m[rows:0][0m SELECT "users"."id","users"."created_at","users"."updated_at","users"."deleted_at","users"."username","users"."email","users"."password_hash","users"."avatar","users"."university","users"."is_verified","users"."language","users"."last_sync" FROM "public"."users" JOIN follows ON users.id = follows.followed_id WHERE (follows.follower_id = 19 AND follows.deleted_at is NULL) AND "users"."deleted_at" IS NULL LIMIT 20
2025-08-12T16:03:36: 
2025-08-12T16:03:36: 2025/08/12 16:03:36 [32m/home/ubuntu/unipilot/internal/models/user/follow.go:57
2025-08-12T16:03:36: [0m[33m[1.153ms] [34;1m[rows:1][0m SELECT count(*) FROM "public"."follows" WHERE followed_id = 3 AND "follows"."deleted_at" IS NULL
2025-08-12T16:03:36: 
2025-08-12T16:03:36: 2025/08/12 16:03:36 [32m/home/ubuntu/unipilot/internal/models/user/follow.go:64
2025-08-12T16:03:36: [0m[33m[0.662ms] [34;1m[rows:1][0m SELECT count(*) FROM "public"."follows" WHERE follower_id = 19 AND "follows"."deleted_at" IS NULL
2025-08-12T16:03:36: 
2025-08-12T16:03:36: 2025/08/12 16:03:36 [32m/home/ubuntu/unipilot/internal/models/user/follow.go:98
2025-08-12T16:03:36: [0m[33m[0.752ms] [34;1m[rows:0][0m SELECT "users"."id","users"."created_at","users"."updated_at","users"."deleted_at","users"."username","users"."email","users"."password_hash","users"."avatar","users"."university","users"."is_verified","users"."language","users"."last_sync" FROM "public"."users" JOIN follows ON users.id = follows.follower_id WHERE (follows.followed_id = 19 AND follows.deleted_at is NULL) AND "users"."deleted_at" IS NULL LIMIT 20
2025-08-12T16:03:36: 
2025-08-12T16:03:36: 2025/08/12 16:03:36 [32m/home/ubuntu/unipilot/internal/models/user/follow.go:57
2025-08-12T16:03:36: [0m[33m[0.787ms] [34;1m[rows:1][0m SELECT count(*) FROM "public"."follows" WHERE followed_id = 19 AND "follows"."deleted_at" IS NULL
2025-08-12T16:03:36: 2025/08/12 16:03:36 [INFO] User ID : 3, Total : 0, Followers : []
2025-08-12T16:03:36: 2025/08/12 16:03:36 [INFO] User ID : 19, Total : 0, Followers : []
2025-08-12T16:03:37: 
2025-08-12T16:03:37: 2025/08/12 16:03:37 [32m/home/ubuntu/unipilot/internal/models/user/follow.go:108
2025-08-12T16:03:37: [0m[33m[1.462ms] [34;1m[rows:0][0m SELECT "users"."id","users"."created_at","users"."updated_at","users"."deleted_at","users"."username","users"."email","users"."password_hash","users"."avatar","users"."university","users"."is_verified","users"."language","users"."last_sync" FROM "public"."users" JOIN follows ON users.id = follows.followed_id WHERE (follows.follower_id = 3 AND follows.deleted_at is NULL) AND "users"."deleted_at" IS NULL LIMIT 20
2025-08-12T16:03:37: 
2025-08-12T16:03:37: 2025/08/12 16:03:37 [32m/home/ubuntu/unipilot/internal/models/user/follow.go:64
2025-08-12T16:03:37: [0m[33m[0.661ms] [34;1m[rows:1][0m SELECT count(*) FROM "public"."follows" WHERE follower_id = 3 AND "follows"."deleted_at" IS NULL
2025-08-12T17:13:39: 2025/08/12 17:13:39 [INFO] Client 1 disconnected (context canceled)
2025-08-12T17:13:39: 2025/08/12 17:13:39 [INFO] Removing client 1 (reason: connection closing)
2025-08-12T17:46:17: 2025/08/12 17:46:17 [INFO] SSE connection attempt from 127.0.0.1:38134
2025-08-12T17:46:17: 2025/08/12 17:46:17 [INFO] New SSE user id : 1
2025-08-12T17:46:17: 2025/08/12 17:46:17 [INFO] Active Clients: map[1:0xc0002fa7e0]
2025-08-12T17:49:03: 2025/08/12 17:49:03 [INFO] Client 1 disconnected (context canceled)
2025-08-12T17:49:03: 2025/08/12 17:49:03 [INFO] Removing client 1 (reason: connection closing)
2025-08-12T18:33:28: 2025/08/12 18:33:28 [INFO] SSE connection attempt from 127.0.0.1:53148
2025-08-12T18:33:28: 2025/08/12 18:33:28 [INFO] New SSE user id : 1
2025-08-12T18:33:28: 2025/08/12 18:33:28 [INFO] Active Clients: map[1:0xc0002fac30]
2025-08-12T18:33:30: 2025/08/12 18:33:30 [INFO] Client 1 disconnected (context canceled)
2025-08-12T18:33:30: 2025/08/12 18:33:30 [INFO] Removing client 1 (reason: connection closing)
2025-08-12T19:12:46: 2025/08/12 19:12:46 [INFO] SSE connection attempt from 127.0.0.1:44484
2025-08-12T19:12:46: 2025/08/12 19:12:46 [INFO] New SSE user id : 1
2025-08-12T19:12:46: 2025/08/12 19:12:46 [INFO] Active Clients: map[1:0xc0003922d0]
2025-08-12T19:16:52: 2025/08/12 19:16:52 [INFO] Client 1 disconnected (context canceled)
2025-08-12T19:16:52: 2025/08/12 19:16:52 [INFO] Removing client 1 (reason: connection closing)
2025-08-12T19:17:03: 2025/08/12 19:17:03 [INFO] SSE connection attempt from 127.0.0.1:37788
2025-08-12T19:17:03: 2025/08/12 19:17:03 [INFO] New SSE user id : 1
2025-08-12T19:17:03: 2025/08/12 19:17:03 [INFO] Active Clients: map[1:0xc0003928d0]
2025-08-12T19:18:08: 2025/08/12 19:18:08 [INFO] Client 1 disconnected (context canceled)
2025-08-12T19:18:08: 2025/08/12 19:18:08 [INFO] Removing client 1 (reason: connection closing)
2025-08-12T20:54:57: 2025/08/12 20:54:57 [INFO] SSE connection attempt from 127.0.0.1:41298
2025-08-12T20:54:57: 2025/08/12 20:54:57 [INFO] New SSE user id : 1
2025-08-12T20:54:57: 2025/08/12 20:54:57 [INFO] Active Clients: map[1:0xc000440660]
2025-08-12T21:09:11: 
2025-08-12T21:09:11: 2025/08/12 21:09:11 [32m/home/ubuntu/unipilot/internal/server/users.go:46
2025-08-12T21:09:11: [0m[33m[2.168ms] [34;1m[rows:2][0m SELECT * FROM "public"."users" WHERE NOT id = 1 AND "users"."deleted_at" IS NULL
2025-08-12T21:09:11: 
2025-08-12T21:09:11: 2025/08/12 21:09:11 [32m/home/ubuntu/unipilot/internal/server/users.go:57
2025-08-12T21:09:11: [0m[33m[0.870ms] [34;1m[rows:3][0m SELECT "code" FROM "public"."courses" WHERE user_id = 3  AND "courses"."deleted_at" IS NULL
2025-08-12T21:09:11: 
2025-08-12T21:09:11: 2025/08/12 21:09:11 [32m/home/ubuntu/unipilot/internal/server/users.go:57
2025-08-12T21:09:11: [0m[33m[0.835ms] [34;1m[rows:0][0m SELECT "code" FROM "public"."courses" WHERE user_id = 19  AND "courses"."deleted_at" IS NULL
2025-08-12T21:09:12: 
2025-08-12T21:09:12: 2025/08/12 21:09:12 [32m/home/ubuntu/unipilot/internal/models/user/follow.go:98
2025-08-12T21:09:12: [0m[33m[1.213ms] [34;1m[rows:0][0m SELECT "users"."id","users"."created_at","users"."updated_at","users"."deleted_at","users"."username","users"."email","users"."password_hash","users"."avatar","users"."university","users"."is_verified","users"."language","users"."last_sync" FROM "public"."users" JOIN follows ON users.id = follows.follower_id WHERE (follows.followed_id = 19 AND follows.deleted_at is NULL) AND "users"."deleted_at" IS NULL LIMIT 20
2025-08-12T21:09:12: 
2025-08-12T21:09:12: 2025/08/12 21:09:12 [32m/home/ubuntu/unipilot/internal/models/user/follow.go:108
2025-08-12T21:09:12: [0m[33m[1.834ms] [34;1m[rows:0][0m SELECT "users"."id","users"."created_at","users"."updated_at","users"."deleted_at","users"."username","users"."email","users"."password_hash","users"."avatar","users"."university","users"."is_verified","users"."language","users"."last_sync" FROM "public"."users" JOIN follows ON users.id = follows.followed_id WHERE (follows.follower_id = 19 AND follows.deleted_at is NULL) AND "users"."deleted_at" IS NULL LIMIT 20
2025-08-12T21:09:12: 
2025-08-12T21:09:12: 2025/08/12 21:09:12 [32m/home/ubuntu/unipilot/internal/models/user/follow.go:64
2025-08-12T21:09:12: [0m[33m[2.803ms] [34;1m[rows:1][0m SELECT count(*) FROM "public"."follows" WHERE follower_id = 19 AND "follows"."deleted_at" IS NULL
2025-08-12T21:09:12: 
2025-08-12T21:09:12: 2025/08/12 21:09:12 [32m/home/ubuntu/unipilot/internal/models/user/follow.go:57
2025-08-12T21:09:12: [0m[33m[3.027ms] [34;1m[rows:1][0m SELECT count(*) FROM "public"."follows" WHERE followed_id = 19 AND "follows"."deleted_at" IS NULL
2025-08-12T21:09:12: 
2025-08-12T21:09:12: 2025/08/12 21:09:12 [32m/home/ubuntu/unipilot/internal/models/user/follow.go:108
2025-08-12T21:09:12: [0m[33m[1.613ms] [34;1m[rows:0][0m SELECT "users"."id","users"."created_at","users"."updated_at","users"."deleted_at","users"."username","users"."email","users"."password_hash","users"."avatar","users"."university","users"."is_verified","users"."language","users"."last_sync" FROM "public"."users" JOIN follows ON users.id = follows.followed_id WHERE (follows.follower_id = 3 AND follows.deleted_at is NULL) AND "users"."deleted_at" IS NULL LIMIT 20
2025-08-12T21:09:12: 2025/08/12 21:09:12 [INFO] User ID : 19, Total : 0, Followers : []
2025-08-12T21:09:12: 
2025-08-12T21:09:12: 2025/08/12 21:09:12 [32m/home/ubuntu/unipilot/internal/models/user/follow.go:64
2025-08-12T21:09:12: [0m[33m[4.030ms] [34;1m[rows:1][0m SELECT count(*) FROM "public"."follows" WHERE follower_id = 3 AND "follows"."deleted_at" IS NULL
2025-08-12T21:09:12: 
2025-08-12T21:09:12: 2025/08/12 21:09:12 [32m/home/ubuntu/unipilot/internal/models/user/follow.go:98
2025-08-12T21:09:12: [0m[33m[34.611ms] [34;1m[rows:0][0m SELECT "users"."id","users"."created_at","users"."updated_at","users"."deleted_at","users"."username","users"."email","users"."password_hash","users"."avatar","users"."university","users"."is_verified","users"."language","users"."last_sync" FROM "public"."users" JOIN follows ON users.id = follows.follower_id WHERE (follows.followed_id = 3 AND follows.deleted_at is NULL) AND "users"."deleted_at" IS NULL LIMIT 20
2025-08-12T21:09:12: 
2025-08-12T21:09:12: 2025/08/12 21:09:12 [32m/home/ubuntu/unipilot/internal/models/user/follow.go:57
2025-08-12T21:09:12: [0m[33m[0.581ms] [34;1m[rows:1][0m SELECT count(*) FROM "public"."follows" WHERE followed_id = 3 AND "follows"."deleted_at" IS NULL
2025-08-12T21:09:12: 2025/08/12 21:09:12 [INFO] User ID : 3, Total : 0, Followers : []
2025-08-12T21:12:49: 
2025-08-12T21:12:49: 2025/08/12 21:12:49 [32m/home/ubuntu/unipilot/internal/server/users.go:46
2025-08-12T21:12:49: [0m[33m[1.811ms] [34;1m[rows:2][0m SELECT * FROM "public"."users" WHERE NOT id = 1 AND "users"."deleted_at" IS NULL
2025-08-12T21:12:49: 
2025-08-12T21:12:49: 2025/08/12 21:12:49 [32m/home/ubuntu/unipilot/internal/server/users.go:57
2025-08-12T21:12:49: [0m[33m[0.920ms] [34;1m[rows:3][0m SELECT "code" FROM "public"."courses" WHERE user_id = 3  AND "courses"."deleted_at" IS NULL
2025-08-12T21:12:49: 
2025-08-12T21:12:49: 2025/08/12 21:12:49 [32m/home/ubuntu/unipilot/internal/server/users.go:57
2025-08-12T21:12:49: [0m[33m[0.552ms] [34;1m[rows:0][0m SELECT "code" FROM "public"."courses" WHERE user_id = 19  AND "courses"."deleted_at" IS NULL
2025-08-12T21:12:51: 2025/08/12 21:12:51 [INFO] Client 1 disconnected (context canceled)
2025-08-12T21:12:51: 2025/08/12 21:12:51 [INFO] Removing client 1 (reason: connection closing)
2025-08-12T21:13:27: 2025/08/12 21:13:27 [INFO] SSE connection attempt from 127.0.0.1:56414
2025-08-12T21:13:27: 2025/08/12 21:13:27 [INFO] New SSE user id : 3
2025-08-12T21:13:27: 2025/08/12 21:13:27 [INFO] Active Clients: map[3:0xc0002fb230]
2025-08-12T21:20:39: 
2025-08-12T21:20:39: 2025/08/12 21:20:39 [32m/home/ubuntu/unipilot/internal/server/users.go:46
2025-08-12T21:20:39: [0m[33m[1.718ms] [34;1m[rows:2][0m SELECT * FROM "public"."users" WHERE NOT id = 3 AND "users"."deleted_at" IS NULL
2025-08-12T21:20:39: 
2025-08-12T21:20:39: 2025/08/12 21:20:39 [32m/home/ubuntu/unipilot/internal/server/users.go:57
2025-08-12T21:20:39: [0m[33m[1.144ms] [34;1m[rows:10][0m SELECT "code" FROM "public"."courses" WHERE user_id = 1  AND "courses"."deleted_at" IS NULL
2025-08-12T21:20:39: 
2025-08-12T21:20:39: 2025/08/12 21:20:39 [32m/home/ubuntu/unipilot/internal/server/users.go:57
2025-08-12T21:20:39: [0m[33m[0.507ms] [34;1m[rows:0][0m SELECT "code" FROM "public"."courses" WHERE user_id = 19  AND "courses"."deleted_at" IS NULL
2025-08-12T21:20:39: 
2025-08-12T21:20:39: 2025/08/12 21:20:39 [32m/home/ubuntu/unipilot/internal/models/user/follow.go:108
2025-08-12T21:20:39: [0m[33m[1.439ms] [34;1m[rows:0][0m SELECT "users"."id","users"."created_at","users"."updated_at","users"."deleted_at","users"."username","users"."email","users"."password_hash","users"."avatar","users"."university","users"."is_verified","users"."language","users"."last_sync" FROM "public"."users" JOIN follows ON users.id = follows.followed_id WHERE (follows.follower_id = 1 AND follows.deleted_at is NULL) AND "users"."deleted_at" IS NULL LIMIT 20
2025-08-12T21:20:39: 
2025-08-12T21:20:39: 2025/08/12 21:20:39 [32m/home/ubuntu/unipilot/internal/models/user/follow.go:98
2025-08-12T21:20:39: [0m[33m[4.074ms] [34;1m[rows:0][0m SELECT "users"."id","users"."created_at","users"."updated_at","users"."deleted_at","users"."username","users"."email","users"."password_hash","users"."avatar","users"."university","users"."is_verified","users"."language","users"."last_sync" FROM "public"."users" JOIN follows ON users.id = follows.follower_id WHERE (follows.followed_id = 1 AND follows.deleted_at is NULL) AND "users"."deleted_at" IS NULL LIMIT 20
2025-08-12T21:20:39: 
2025-08-12T21:20:39: 2025/08/12 21:20:39 [32m/home/ubuntu/unipilot/internal/models/user/follow.go:64
2025-08-12T21:20:39: [0m[33m[2.108ms] [34;1m[rows:1][0m SELECT count(*) FROM "public"."follows" WHERE follower_id = 1 AND "follows"."deleted_at" IS NULL
2025-08-12T21:20:39: 
2025-08-12T21:20:39: 2025/08/12 21:20:39 [32m/home/ubuntu/unipilot/internal/models/user/follow.go:57
2025-08-12T21:20:39: [0m[33m[0.684ms] [34;1m[rows:1][0m SELECT count(*) FROM "public"."follows" WHERE followed_id = 1 AND "follows"."deleted_at" IS NULL
2025-08-12T21:20:39: 2025/08/12 21:20:39 [INFO] User ID : 1, Total : 0, Followers : []
2025-08-12T21:20:39: 
2025-08-12T21:20:39: 2025/08/12 21:20:39 [32m/home/ubuntu/unipilot/internal/models/user/follow.go:98
2025-08-12T21:20:39: [0m[33m[2.635ms] [34;1m[rows:0][0m SELECT "users"."id","users"."created_at","users"."updated_at","users"."deleted_at","users"."username","users"."email","users"."password_hash","users"."avatar","users"."university","users"."is_verified","users"."language","users"."last_sync" FROM "public"."users" JOIN follows ON users.id = follows.follower_id WHERE (follows.followed_id = 19 AND follows.deleted_at is NULL) AND "users"."deleted_at" IS NULL LIMIT 20
2025-08-12T21:20:39: 
2025-08-12T21:20:39: 2025/08/12 21:20:39 [32m/home/ubuntu/unipilot/internal/models/user/follow.go:57
2025-08-12T21:20:39: [0m[33m[1.951ms] [34;1m[rows:1][0m SELECT count(*) FROM "public"."follows" WHERE followed_id = 19 AND "follows"."deleted_at" IS NULL
2025-08-12T21:20:39: 2025/08/12 21:20:39 [INFO] User ID : 19, Total : 0, Followers : []
2025-08-12T21:20:40: 
2025-08-12T21:20:40: 2025/08/12 21:20:40 [32m/home/ubuntu/unipilot/internal/models/user/follow.go:108
2025-08-12T21:20:40: [0m[33m[0.997ms] [34;1m[rows:0][0m SELECT "users"."id","users"."created_at","users"."updated_at","users"."deleted_at","users"."username","users"."email","users"."password_hash","users"."avatar","users"."university","users"."is_verified","users"."language","users"."last_sync" FROM "public"."users" JOIN follows ON users.id = follows.followed_id WHERE (follows.follower_id = 19 AND follows.deleted_at is NULL) AND "users"."deleted_at" IS NULL LIMIT 20
2025-08-12T21:20:40: 
2025-08-12T21:20:40: 2025/08/12 21:20:40 [32m/home/ubuntu/unipilot/internal/models/user/follow.go:64
2025-08-12T21:20:40: [0m[33m[1.549ms] [34;1m[rows:1][0m SELECT count(*) FROM "public"."follows" WHERE follower_id = 19 AND "follows"."deleted_at" IS NULL
2025-08-12T21:21:37: 2025/08/12 21:21:37 [INFO] Client 3 disconnected (context canceled)
2025-08-12T21:21:37: 2025/08/12 21:21:37 [INFO] Removing client 3 (reason: connection closing)
2025-08-12T22:15:01: 2025/08/12 22:15:01 [INFO] SSE connection attempt from 127.0.0.1:48834
2025-08-12T22:15:01: 2025/08/12 22:15:01 [INFO] New SSE user id : 3
2025-08-12T22:15:01: 2025/08/12 22:15:01 [INFO] Active Clients: map[3:0xc0002fa7e0]
2025-08-12T22:33:41: 2025/08/12 22:33:41 [INFO] Client 3 disconnected (context canceled)
2025-08-12T22:33:41: 2025/08/12 22:33:41 [INFO] Removing client 3 (reason: connection closing)
2025-08-12T23:22:30: 2025/08/12 23:22:30 [INFO] SSE connection attempt from 127.0.0.1:47162
2025-08-12T23:22:30: 2025/08/12 23:22:30 [INFO] New SSE user id : 3
2025-08-12T23:22:30: 2025/08/12 23:22:30 [INFO] Active Clients: map[3:0xc0002fac30]
2025-08-12T23:39:33: 2025/08/12 23:39:33 [INFO] Client 3 disconnected (context canceled)
2025-08-12T23:39:33: 2025/08/12 23:39:33 [INFO] Removing client 3 (reason: connection closing)
2025-08-13T00:14:14: 2025/08/13 00:14:14 [INFO] SSE connection attempt from 127.0.0.1:35032
2025-08-13T00:14:14: 2025/08/13 00:14:14 [INFO] New SSE user id : 3
2025-08-13T00:14:14: 2025/08/13 00:14:14 [INFO] Active Clients: map[3:0xc0002fac60]
2025-08-13T00:18:42: 2025/08/13 00:18:42 [INFO] user_id %!s(uint=3) column status_name value Done
2025-08-13T00:25:58: 
2025-08-13T00:25:58: 2025/08/13 00:25:58 [31;1m/home/ubuntu/unipilot/internal/models/assignment/assignment.go:111 [35;1mrecord not found
2025-08-13T00:25:58: [0m[33m[2.695ms] [34;1m[rows:0][0m SELECT * FROM "public"."assignments" WHERE local_id = 7 AND "assignments"."deleted_at" IS NULL ORDER BY "assignments"."id" LIMIT 1
2025-08-13T00:25:58: 2025/08/13 00:25:58 [ERROR] [500] failed to getting assignment: record not found
2025-08-13T00:25:59: 
2025-08-13T00:25:59: 2025/08/13 00:25:59 [31;1m/home/ubuntu/unipilot/internal/models/assignment/assignment.go:111 [35;1mrecord not found
2025-08-13T00:25:59: [0m[33m[2.034ms] [34;1m[rows:0][0m SELECT * FROM "public"."assignments" WHERE local_id = 7 AND "assignments"."deleted_at" IS NULL ORDER BY "assignments"."id" LIMIT 1
2025-08-13T00:25:59: 2025/08/13 00:25:59 [ERROR] [500] failed to getting assignment: record not found
2025-08-13T00:26:48: 
2025-08-13T00:26:48: 2025/08/13 00:26:48 [31;1m/home/ubuntu/unipilot/internal/models/assignment/assignment.go:111 [35;1mrecord not found
2025-08-13T00:26:48: [0m[33m[3.049ms] [34;1m[rows:0][0m SELECT * FROM "public"."assignments" WHERE local_id = 7 AND "assignments"."deleted_at" IS NULL ORDER BY "assignments"."id" LIMIT 1
2025-08-13T00:26:48: 2025/08/13 00:26:48 [ERROR] [500] failed to getting assignment: record not found
2025-08-13T00:26:50: 
2025-08-13T00:26:50: 2025/08/13 00:26:50 [31;1m/home/ubuntu/unipilot/internal/models/assignment/assignment.go:111 [35;1mrecord not found
2025-08-13T00:26:50: [0m[33m[3.234ms] [34;1m[rows:0][0m SELECT * FROM "public"."assignments" WHERE local_id = 7 AND "assignments"."deleted_at" IS NULL ORDER BY "assignments"."id" LIMIT 1
2025-08-13T00:26:50: 2025/08/13 00:26:50 [ERROR] [500] failed to getting assignment: record not found
2025-08-13T00:36:47: 2025/08/13 00:36:47 [INFO] user_id %!s(uint=3) column status_name value Not started
2025-08-13T00:37:24: 2025/08/13 00:37:24 [INFO] user_id %!s(uint=3) column status_name value Done
2025-08-13T00:39:50: 2025/08/13 00:39:50 [INFO] user_id %!s(uint=3) column status_name value Not started
2025-08-13T00:43:03: 2025/08/13 00:43:03 Server listening on :3000...
2025-08-13T00:43:09: 2025/08/13 00:43:09 [INFO] SSE connection attempt from 127.0.0.1:51718
2025-08-13T00:43:09: 2025/08/13 00:43:09 [INFO] New SSE user id : 3
2025-08-13T00:43:09: 2025/08/13 00:43:09 [INFO] Active Clients: map[3:0xc000300e40]
2025-08-13T01:01:33: 2025/08/13 01:01:33 [INFO] Client 3 disconnected (context canceled)
2025-08-13T01:01:33: 2025/08/13 01:01:33 [INFO] Removing client 3 (reason: connection closing)
2025-08-13T01:35:09: 2025/08/13 01:35:09 [INFO] SSE connection attempt from 127.0.0.1:42666
2025-08-13T01:35:09: 2025/08/13 01:35:09 [INFO] New SSE user id : 3
2025-08-13T01:35:09: 2025/08/13 01:35:09 [INFO] Active Clients: map[3:0xc0003016b0]
2025-08-13T01:51:55: 2025/08/13 01:51:55 [INFO] Client 3 disconnected (context canceled)
2025-08-13T01:51:55: 2025/08/13 01:51:55 [INFO] Removing client 3 (reason: connection closing)
2025-08-13T02:42:13: 2025/08/13 02:42:13 [INFO] SSE connection attempt from 127.0.0.1:57994
2025-08-13T02:42:13: 2025/08/13 02:42:13 [INFO] New SSE user id : 3
2025-08-13T02:42:13: 2025/08/13 02:42:13 [INFO] Active Clients: map[3:0xc000301ef0]
2025-08-13T02:59:02: 2025/08/13 02:59:02 [INFO] Client 3 disconnected (context canceled)
2025-08-13T02:59:02: 2025/08/13 02:59:02 [INFO] Removing client 3 (reason: connection closing)
2025-08-13T03:35:23: 2025/08/13 03:35:23 [INFO] SSE connection attempt from 127.0.0.1:35464
2025-08-13T03:35:23: 2025/08/13 03:35:23 [INFO] New SSE user id : 3
2025-08-13T03:35:23: 2025/08/13 03:35:23 [INFO] Active Clients: map[3:0xc0003307b0]
2025-08-13T03:52:37: 2025/08/13 03:52:37 [INFO] Client 3 disconnected (context canceled)
2025-08-13T03:52:37: 2025/08/13 03:52:37 [INFO] Removing client 3 (reason: connection closing)
2025-08-13T04:22:17: 2025/08/13 04:22:17 [INFO] SSE connection attempt from 127.0.0.1:53976
2025-08-13T04:22:17: 2025/08/13 04:22:17 [INFO] New SSE user id : 3
2025-08-13T04:22:17: 2025/08/13 04:22:17 [INFO] Active Clients: map[3:0xc000330ff0]
2025-08-13T04:39:07: 2025/08/13 04:39:07 [INFO] Client 3 disconnected (context canceled)
2025-08-13T04:39:07: 2025/08/13 04:39:07 [INFO] Removing client 3 (reason: connection closing)
2025-08-13T04:48:31: 2025/08/13 04:48:31 [INFO] SSE connection attempt from 127.0.0.1:40598
2025-08-13T04:48:31: 2025/08/13 04:48:31 [INFO] New SSE user id : 3
2025-08-13T04:48:31: 2025/08/13 04:48:31 [INFO] Active Clients: map[3:0xc000331830]
2025-08-13T05:05:19: 2025/08/13 05:05:19 [INFO] Client 3 disconnected (context canceled)
2025-08-13T05:05:19: 2025/08/13 05:05:19 [INFO] Removing client 3 (reason: connection closing)
2025-08-13T05:16:22: 2025/08/13 05:16:22 [INFO] SSE connection attempt from 127.0.0.1:39190
2025-08-13T05:16:22: 2025/08/13 05:16:22 [INFO] New SSE user id : 3
2025-08-13T05:16:22: 2025/08/13 05:16:22 [INFO] Active Clients: map[3:0xc00034a0f0]
2025-08-13T05:33:56: 2025/08/13 05:33:56 [INFO] Client 3 disconnected (context canceled)
2025-08-13T05:33:56: 2025/08/13 05:33:56 [INFO] Removing client 3 (reason: connection closing)
2025-08-13T06:00:03: 2025/08/13 06:00:03 [INFO] SSE connection attempt from 127.0.0.1:48076
2025-08-13T06:00:03: 2025/08/13 06:00:03 [INFO] New SSE user id : 3
2025-08-13T06:00:03: 2025/08/13 06:00:03 [INFO] Active Clients: map[3:0xc00034a930]
2025-08-13T06:16:52: 2025/08/13 06:16:52 [INFO] Client 3 disconnected (context canceled)
2025-08-13T06:16:52: 2025/08/13 06:16:52 [INFO] Removing client 3 (reason: connection closing)
2025-08-13T06:34:36: 2025/08/13 06:34:36 [INFO] SSE connection attempt from 127.0.0.1:32818
2025-08-13T06:34:36: 2025/08/13 06:34:36 [INFO] New SSE user id : 3
2025-08-13T06:34:36: 2025/08/13 06:34:36 [INFO] Active Clients: map[3:0xc00034b170]
2025-08-13T06:51:25: 2025/08/13 06:51:25 [INFO] Client 3 disconnected (context canceled)
2025-08-13T06:51:25: 2025/08/13 06:51:25 [INFO] Removing client 3 (reason: connection closing)
2025-08-13T07:39:33: 2025/08/13 07:39:33 [INFO] SSE connection attempt from 127.0.0.1:46880
2025-08-13T07:39:33: 2025/08/13 07:39:33 [INFO] New SSE user id : 3
2025-08-13T07:39:33: 2025/08/13 07:39:33 [INFO] Active Clients: map[3:0xc00034b9b0]
2025-08-13T07:56:20: 2025/08/13 07:56:20 [INFO] Client 3 disconnected (context canceled)
2025-08-13T07:56:20: 2025/08/13 07:56:20 [INFO] Removing client 3 (reason: connection closing)
2025-08-13T08:41:48: 2025/08/13 08:41:48 [INFO] SSE connection attempt from 127.0.0.1:36678
2025-08-13T08:41:48: 2025/08/13 08:41:48 [INFO] New SSE user id : 3
2025-08-13T08:41:48: 2025/08/13 08:41:48 [INFO] Active Clients: map[3:0xc000368270]
2025-08-13T08:58:35: 2025/08/13 08:58:35 [INFO] Client 3 disconnected (context canceled)
2025-08-13T08:58:35: 2025/08/13 08:58:35 [INFO] Removing client 3 (reason: connection closing)
2025-08-13T09:00:29: 2025/08/13 09:00:29 [INFO] SSE connection attempt from 127.0.0.1:42356
2025-08-13T09:00:29: 2025/08/13 09:00:29 [INFO] New SSE user id : 3
2025-08-13T09:00:29: 2025/08/13 09:00:29 [INFO] Active Clients: map[3:0xc000368ab0]
2025-08-13T09:00:44: 
2025-08-13T09:00:44: 2025/08/13 09:00:44 [32m/home/ubuntu/unipilot/internal/server/users.go:46
2025-08-13T09:00:44: [0m[33m[13.765ms] [34;1m[rows:2][0m SELECT * FROM "public"."users" WHERE NOT id = 3 AND "users"."deleted_at" IS NULL
2025-08-13T09:00:44: 
2025-08-13T09:00:44: 2025/08/13 09:00:44 [32m/home/ubuntu/unipilot/internal/server/users.go:57
2025-08-13T09:00:44: [0m[33m[2.621ms] [34;1m[rows:10][0m SELECT "code" FROM "public"."courses" WHERE user_id = 1  AND "courses"."deleted_at" IS NULL
2025-08-13T09:00:44: 
2025-08-13T09:00:44: 2025/08/13 09:00:44 [32m/home/ubuntu/unipilot/internal/server/users.go:57
2025-08-13T09:00:44: [0m[33m[0.627ms] [34;1m[rows:0][0m SELECT "code" FROM "public"."courses" WHERE user_id = 19  AND "courses"."deleted_at" IS NULL
2025-08-13T09:00:45: 
2025-08-13T09:00:45: 2025/08/13 09:00:45 [32m/home/ubuntu/unipilot/internal/models/user/follow.go:108
2025-08-13T09:00:45: [0m[33m[5.215ms] [34;1m[rows:0][0m SELECT "users"."id","users"."created_at","users"."updated_at","users"."deleted_at","users"."username","users"."email","users"."password_hash","users"."avatar","users"."university","users"."is_verified","users"."language","users"."last_sync" FROM "public"."users" JOIN follows ON users.id = follows.followed_id WHERE (follows.follower_id = 19 AND follows.deleted_at is NULL) AND "users"."deleted_at" IS NULL LIMIT 20
2025-08-13T09:00:45: 
2025-08-13T09:00:45: 2025/08/13 09:00:45 [32m/home/ubuntu/unipilot/internal/models/user/follow.go:64
2025-08-13T09:00:45: [0m[33m[2.397ms] [34;1m[rows:1][0m SELECT count(*) FROM "public"."follows" WHERE follower_id = 19 AND "follows"."deleted_at" IS NULL
2025-08-13T09:00:45: 
2025-08-13T09:00:45: 2025/08/13 09:00:45 [32m/home/ubuntu/unipilot/internal/models/user/follow.go:98
2025-08-13T09:00:45: [0m[33m[3.920ms] [34;1m[rows:0][0m SELECT "users"."id","users"."created_at","users"."updated_at","users"."deleted_at","users"."username","users"."email","users"."password_hash","users"."avatar","users"."university","users"."is_verified","users"."language","users"."last_sync" FROM "public"."users" JOIN follows ON users.id = follows.follower_id WHERE (follows.followed_id = 1 AND follows.deleted_at is NULL) AND "users"."deleted_at" IS NULL LIMIT 20
2025-08-13T09:00:45: 
2025-08-13T09:00:45: 2025/08/13 09:00:45 [32m/home/ubuntu/unipilot/internal/models/user/follow.go:57
2025-08-13T09:00:45: [0m[33m[2.934ms] [34;1m[rows:1][0m SELECT count(*) FROM "public"."follows" WHERE followed_id = 1 AND "follows"."deleted_at" IS NULL
2025-08-13T09:00:45: 2025/08/13 09:00:45 [INFO] User ID : 1, Total : 0, Followers : []
2025-08-13T09:00:45: 
2025-08-13T09:00:45: 2025/08/13 09:00:45 [32m/home/ubuntu/unipilot/internal/models/user/follow.go:108
2025-08-13T09:00:45: [0m[33m[42.143ms] [34;1m[rows:0][0m SELECT "users"."id","users"."created_at","users"."updated_at","users"."deleted_at","users"."username","users"."email","users"."password_hash","users"."avatar","users"."university","users"."is_verified","users"."language","users"."last_sync" FROM "public"."users" JOIN follows ON users.id = follows.followed_id WHERE (follows.follower_id = 1 AND follows.deleted_at is NULL) AND "users"."deleted_at" IS NULL LIMIT 20
2025-08-13T09:00:45: 
2025-08-13T09:00:45: 2025/08/13 09:00:45 [32m/home/ubuntu/unipilot/internal/models/user/follow.go:64
2025-08-13T09:00:45: [0m[33m[2.647ms] [34;1m[rows:1][0m SELECT count(*) FROM "public"."follows" WHERE follower_id = 1 AND "follows"."deleted_at" IS NULL
2025-08-13T09:00:45: 
2025-08-13T09:00:45: 2025/08/13 09:00:45 [32m/home/ubuntu/unipilot/internal/models/user/follow.go:98
2025-08-13T09:00:45: [0m[33m[3.353ms] [34;1m[rows:0][0m SELECT "users"."id","users"."created_at","users"."updated_at","users"."deleted_at","users"."username","users"."email","users"."password_hash","users"."avatar","users"."university","users"."is_verified","users"."language","users"."last_sync" FROM "public"."users" JOIN follows ON users.id = follows.follower_id WHERE (follows.followed_id = 19 AND follows.deleted_at is NULL) AND "users"."deleted_at" IS NULL LIMIT 20
2025-08-13T09:00:45: 
2025-08-13T09:00:45: 2025/08/13 09:00:45 [32m/home/ubuntu/unipilot/internal/models/user/follow.go:57
2025-08-13T09:00:45: [0m[33m[1.754ms] [34;1m[rows:1][0m SELECT count(*) FROM "public"."follows" WHERE followed_id = 19 AND "follows"."deleted_at" IS NULL
2025-08-13T09:00:45: 2025/08/13 09:00:45 [INFO] User ID : 19, Total : 0, Followers : []
2025-08-13T09:05:24: 
2025-08-13T09:05:24: 2025/08/13 09:05:24 [32m/home/ubuntu/unipilot/internal/server/users.go:46
2025-08-13T09:05:24: [0m[33m[2.298ms] [34;1m[rows:2][0m SELECT * FROM "public"."users" WHERE NOT id = 3 AND "users"."deleted_at" IS NULL
2025-08-13T09:05:24: 
2025-08-13T09:05:24: 2025/08/13 09:05:24 [32m/home/ubuntu/unipilot/internal/server/users.go:57
2025-08-13T09:05:24: [0m[33m[2.821ms] [34;1m[rows:10][0m SELECT "code" FROM "public"."courses" WHERE user_id = 1  AND "courses"."deleted_at" IS NULL
2025-08-13T09:05:24: 
2025-08-13T09:05:24: 2025/08/13 09:05:24 [32m/home/ubuntu/unipilot/internal/server/users.go:57
2025-08-13T09:05:24: [0m[33m[0.574ms] [34;1m[rows:0][0m SELECT "code" FROM "public"."courses" WHERE user_id = 19  AND "courses"."deleted_at" IS NULL
2025-08-13T09:05:56: 2025/08/13 09:05:56 [INFO] user_id %!s(uint=3) column status_name value Done
2025-08-13T09:17:30: 2025/08/13 09:17:30 Server listening on :3000...
2025-08-13T09:17:31: 2025/08/13 09:17:31 [INFO] SSE connection attempt from 127.0.0.1:34140
2025-08-13T09:17:31: 2025/08/13 09:17:31 [INFO] New SSE user id : 3
2025-08-13T09:17:31: 2025/08/13 09:17:31 [INFO] Active Clients: map[3:0xc000300e40]
2025-08-13T09:29:02: 2025/08/13 09:29:02 [INFO] Client 3 disconnected (context canceled)
2025-08-13T09:29:02: 2025/08/13 09:29:02 [INFO] Removing client 3 (reason: connection closing)
2025-08-13T09:31:01: 
2025-08-13T09:31:01: 2025/08/13 09:31:01 [32m/home/ubuntu/unipilot/internal/server/users.go:46
2025-08-13T09:31:01: [0m[33m[5.114ms] [34;1m[rows:2][0m SELECT * FROM "public"."users" WHERE NOT id = 3 AND "users"."deleted_at" IS NULL
2025-08-13T09:31:01: 
2025-08-13T09:31:01: 2025/08/13 09:31:01 [32m/home/ubuntu/unipilot/internal/server/users.go:57
2025-08-13T09:31:01: [0m[33m[4.529ms] [34;1m[rows:10][0m SELECT "code" FROM "public"."courses" WHERE user_id = 1  AND "courses"."deleted_at" IS NULL
2025-08-13T09:31:01: 
2025-08-13T09:31:01: 2025/08/13 09:31:01 [32m/home/ubuntu/unipilot/internal/server/users.go:57
2025-08-13T09:31:01: [0m[33m[0.606ms] [34;1m[rows:0][0m SELECT "code" FROM "public"."courses" WHERE user_id = 19  AND "courses"."deleted_at" IS NULL
2025-08-13T09:31:01: 
2025-08-13T09:31:01: 2025/08/13 09:31:01 [32m/home/ubuntu/unipilot/internal/models/user/follow.go:98
2025-08-13T09:31:01: [0m[33m[3.048ms] [34;1m[rows:0][0m SELECT "users"."id","users"."created_at","users"."updated_at","users"."deleted_at","users"."username","users"."email","users"."password_hash","users"."avatar","users"."university","users"."is_verified","users"."language","users"."last_sync" FROM "public"."users" JOIN follows ON users.id = follows.follower_id WHERE (follows.followed_id = 19 AND follows.deleted_at is NULL) AND "users"."deleted_at" IS NULL LIMIT 20
2025-08-13T09:31:01: 
2025-08-13T09:31:01: 2025/08/13 09:31:01 [32m/home/ubuntu/unipilot/internal/models/user/follow.go:57
2025-08-13T09:31:01: [0m[33m[3.843ms] [34;1m[rows:1][0m SELECT count(*) FROM "public"."follows" WHERE followed_id = 19 AND "follows"."deleted_at" IS NULL
2025-08-13T09:31:01: 2025/08/13 09:31:01 [INFO] User ID : 19, Total : 0, Followers : []
2025-08-13T09:31:01: 
2025-08-13T09:31:01: 2025/08/13 09:31:01 [32m/home/ubuntu/unipilot/internal/models/user/follow.go:98
2025-08-13T09:31:01: [0m[33m[1.078ms] [34;1m[rows:0][0m SELECT "users"."id","users"."created_at","users"."updated_at","users"."deleted_at","users"."username","users"."email","users"."password_hash","users"."avatar","users"."university","users"."is_verified","users"."language","users"."last_sync" FROM "public"."users" JOIN follows ON users.id = follows.follower_id WHERE (follows.followed_id = 1 AND follows.deleted_at is NULL) AND "users"."deleted_at" IS NULL LIMIT 20
2025-08-13T09:31:01: 
2025-08-13T09:31:01: 2025/08/13 09:31:01 [32m/home/ubuntu/unipilot/internal/models/user/follow.go:57
2025-08-13T09:31:01: [0m[33m[1.122ms] [34;1m[rows:1][0m SELECT count(*) FROM "public"."follows" WHERE followed_id = 1 AND "follows"."deleted_at" IS NULL
2025-08-13T09:31:01: 2025/08/13 09:31:01 [INFO] User ID : 1, Total : 0, Followers : []
2025-08-13T09:31:01: 
2025-08-13T09:31:01: 2025/08/13 09:31:01 [32m/home/ubuntu/unipilot/internal/models/user/follow.go:108
2025-08-13T09:31:01: [0m[33m[33.930ms] [34;1m[rows:0][0m SELECT "users"."id","users"."created_at","users"."updated_at","users"."deleted_at","users"."username","users"."email","users"."password_hash","users"."avatar","users"."university","users"."is_verified","users"."language","users"."last_sync" FROM "public"."users" JOIN follows ON users.id = follows.followed_id WHERE (follows.follower_id = 19 AND follows.deleted_at is NULL) AND "users"."deleted_at" IS NULL LIMIT 20
2025-08-13T09:31:01: 
2025-08-13T09:31:01: 2025/08/13 09:31:01 [32m/home/ubuntu/unipilot/internal/models/user/follow.go:108
2025-08-13T09:31:01: [0m[33m[34.764ms] [34;1m[rows:0][0m SELECT "users"."id","users"."created_at","users"."updated_at","users"."deleted_at","users"."username","users"."email","users"."password_hash","users"."avatar","users"."university","users"."is_verified","users"."language","users"."last_sync" FROM "public"."users" JOIN follows ON users.id = follows.followed_id WHERE (follows.follower_id = 1 AND follows.deleted_at is NULL) AND "users"."deleted_at" IS NULL LIMIT 20
2025-08-13T09:31:01: 
2025-08-13T09:31:01: 2025/08/13 09:31:01 [32m/home/ubuntu/unipilot/internal/models/user/follow.go:64
2025-08-13T09:31:01: [0m[33m[1.992ms] [34;1m[rows:1][0m SELECT count(*) FROM "public"."follows" WHERE follower_id = 19 AND "follows"."deleted_at" IS NULL
2025-08-13T09:31:01: 
2025-08-13T09:31:01: 2025/08/13 09:31:01 [32m/home/ubuntu/unipilot/internal/models/user/follow.go:64
2025-08-13T09:31:01: [0m[33m[2.225ms] [34;1m[rows:1][0m SELECT count(*) FROM "public"."follows" WHERE follower_id = 1 AND "follows"."deleted_at" IS NULL
2025-08-13T09:31:51: 2025/08/13 09:31:51 [INFO] user_id %!s(uint=3) column course_code value GOVT-2305
2025-08-13T09:31:51: 2025/08/13 09:31:51 [INFO] user_id %!s(uint=3) column status_name value Done
2025-08-13T09:39:37: 2025/08/13 09:39:37 [INFO] SSE connection attempt from 127.0.0.1:58836
2025-08-13T09:39:37: 2025/08/13 09:39:37 [INFO] New SSE user id : 3
2025-08-13T09:39:37: 2025/08/13 09:39:37 [INFO] Active Clients: map[3:0xc000300c60]
2025-08-13T09:40:23: 2025/08/13 09:40:23 [INFO] assignment input data local ID : 9 Title: Test assignment : Course code: HIST-1301 Type : Exam Deadline : 2025-08-13 
2025-08-13T09:40:23: 2025/08/13 09:40:23 [INFO] assignment input : {9 Test assignment A simple assignment 2025-08-13 HIST-1301 Exam Not started low}
2025-08-13T09:42:42: 2025/08/13 09:42:42 [INFO] Client 3 disconnected (context canceled)
2025-08-13T09:42:42: 2025/08/13 09:42:42 [INFO] Removing client 3 (reason: connection closing)
2025-08-13T09:55:14: 2025/08/13 09:55:14 [INFO] SSE connection attempt from 127.0.0.1:57780
2025-08-13T09:55:14: 2025/08/13 09:55:14 [INFO] New SSE user id : 3
2025-08-13T09:55:14: 2025/08/13 09:55:14 [INFO] Active Clients: map[3:0xc00041af90]
2025-08-13T09:58:03: 2025/08/13 09:58:03 [INFO] assignment input data local ID : 9 Title: Sync : Course code: COSC-1301 Type : Lab Deadline : 2025-08-13 
2025-08-13T09:58:03: 2025/08/13 09:58:03 [INFO] assignment input : {9 Sync Trying to make sync work 2025-08-13 COSC-1301 Lab  low}
2025-08-13T09:58:03: 
2025-08-13T09:58:03: 2025/08/13 09:58:03 [31;1m/home/ubuntu/unipilot/internal/server/assignments.go:144 [35;1mERROR: insert or update on table "assignments" violates foreign key constraint "fk_public_assignments_status" (SQLSTATE 23503)
2025-08-13T09:58:03: [0m[33m[3.714ms] [34;1m[rows:0][0m INSERT INTO "public"."assignments" ("created_at","updated_at","deleted_at","user_id","local_id","notion_id","title","todo","deadline","link","course_code","type_name","status_name","priority","completed") VALUES ('2025-08-13 09:58:03.927','2025-08-13 09:58:03.927',NULL,3,9,'','Sync','Trying to make sync work','2025-08-13 00:00:00','https://acconline.austincc.edu/ultra/stream','COSC-1301','Lab','','low',false) RETURNING "id"
2025-08-13T09:58:03: 2025/08/13 09:58:03 [ERROR] [409] Error creating assignment in database%!(EXTRA <nil>)
2025-08-13T09:58:05: 2025/08/13 09:58:05 [INFO] assignment input data local ID : 9 Title: Sync : Course code: COSC-1301 Type : Lab Deadline : 2025-08-13 
2025-08-13T09:58:05: 2025/08/13 09:58:05 [INFO] assignment input : {9 Sync Trying to make sync work 2025-08-13 COSC-1301 Lab  low}
2025-08-13T09:58:05: 
2025-08-13T09:58:05: 2025/08/13 09:58:05 [31;1m/home/ubuntu/unipilot/internal/server/assignments.go:144 [35;1mERROR: insert or update on table "assignments" violates foreign key constraint "fk_public_assignments_status" (SQLSTATE 23503)
2025-08-13T09:58:05: [0m[33m[4.112ms] [34;1m[rows:0][0m INSERT INTO "public"."assignments" ("created_at","updated_at","deleted_at","user_id","local_id","notion_id","title","todo","deadline","link","course_code","type_name","status_name","priority","completed") VALUES ('2025-08-13 09:58:05.118','2025-08-13 09:58:05.118',NULL,3,9,'','Sync','Trying to make sync work','2025-08-13 00:00:00','https://acconline.austincc.edu/ultra/stream','COSC-1301','Lab','','low',false) RETURNING "id"
2025-08-13T09:58:05: 2025/08/13 09:58:05 [ERROR] [409] Error creating assignment in database%!(EXTRA <nil>)
2025-08-13T10:01:53: 2025/08/13 10:01:53 [INFO] assignment input data local ID : 9 Title: Sync : Course code: HIST-1301 Type : HW Deadline : 2025-08-13 
2025-08-13T10:01:53: 2025/08/13 10:01:53 [INFO] assignment input : {9 Sync Make offline sync client -> server 2025-08-13 HIST-1301 HW Not started low}
2025-08-13T10:01:54: 2025/08/13 10:01:54 [INFO] assignment input data local ID : 9 Title: Sync : Course code: HIST-1301 Type : HW Deadline : 2025-08-13 
2025-08-13T10:01:54: 2025/08/13 10:01:54 [INFO] assignment input : {9 Sync Make offline sync client -> server 2025-08-13 HIST-1301 HW Not started low}
2025-08-13T10:06:57: 2025/08/13 10:06:57 [INFO] Client 3 disconnected (context canceled)
2025-08-13T10:06:57: 2025/08/13 10:06:57 [INFO] Removing client 3 (reason: connection closing)
2025-08-13T10:07:42: 2025/08/13 10:07:42 [INFO] SSE connection attempt from 127.0.0.1:48084
2025-08-13T10:07:42: 2025/08/13 10:07:42 [INFO] New SSE user id : 3
2025-08-13T10:07:42: 2025/08/13 10:07:42 [INFO] Active Clients: map[3:0xc0001bef90]
2025-08-13T10:22:50: 2025/08/13 10:22:50 [INFO] assignment input data local ID : 9 Title: Sync : Course code: GOVT-2305 Type : Group Project Deadline : 2025-08-13 
2025-08-13T10:22:50: 2025/08/13 10:22:50 [INFO] assignment input : {9 Sync Sync client -> server 2025-08-13 GOVT-2305 Group Project Not started low}
2025-08-13T10:23:56: 2025/08/13 10:23:56 [INFO] Client 3 disconnected (context canceled)
2025-08-13T10:23:56: 2025/08/13 10:23:56 [INFO] Removing client 3 (reason: connection closing)
2025-08-13T20:02:40: 2025/08/13 20:02:40 [INFO] SSE connection attempt from 127.0.0.1:51944
2025-08-13T20:02:40: 2025/08/13 20:02:40 [INFO] New SSE user id : 3
2025-08-13T20:02:40: 2025/08/13 20:02:40 [INFO] Active Clients: map[3:0xc00041b140]
2025-08-13T20:03:39: 2025/08/13 20:03:39 [INFO] user_id %!s(uint=3) column deleted_at value 2025-08-13T20:03:39-05:00
2025-08-13T20:04:48: 2025/08/13 20:04:48 [INFO] Client 3 disconnected (context canceled)
2025-08-13T20:04:48: 2025/08/13 20:04:48 [INFO] Removing client 3 (reason: connection closing)
2025-08-13T20:06:02: 2025/08/13 20:06:02 [INFO] SSE connection attempt from 127.0.0.1:38992
2025-08-13T20:06:02: 2025/08/13 20:06:02 [INFO] New SSE user id : 3
2025-08-13T20:06:02: 2025/08/13 20:06:02 [INFO] Active Clients: map[3:0xc0001bef90]
2025-08-13T20:18:55: 2025/08/13 20:18:55 [INFO] Client 3 disconnected (context canceled)
2025-08-13T20:18:55: 2025/08/13 20:18:55 [INFO] Removing client 3 (reason: connection closing)
2025-08-13T20:40:59: 2025/08/13 20:40:59 [INFO] SSE connection attempt from 127.0.0.1:33202
2025-08-13T20:40:59: 2025/08/13 20:40:59 [INFO] New SSE user id : 3
2025-08-13T20:40:59: 2025/08/13 20:40:59 [INFO] Active Clients: map[3:0xc0001be690]
2025-08-13T20:46:26: 2025/08/13 20:46:26 [INFO] assignment input data local ID : 10 Title: Create offline : Course code: GOVT-2305 Type : Lab Deadline : 2025-08-14 
2025-08-13T20:46:26: 2025/08/13 20:46:26 [INFO] assignment input : {10 Create offline This assignment was created offline. 2025-08-14 GOVT-2305 Lab Not started low}
2025-08-13T20:46:26: 2025/08/13 20:46:26 [INFO] assignment input data local ID : 10 Title: Create offline : Course code: GOVT-2305 Type : Lab Deadline : 2025-08-14 
2025-08-13T20:46:26: 2025/08/13 20:46:26 [INFO] assignment input : {10 Create offline This assignment was created offline. 2025-08-14 GOVT-2305 Lab Not started low}
2025-08-13T22:06:47: 2025/08/13 22:06:47 [INFO] Client 3 disconnected (context canceled)
2025-08-13T22:06:47: 2025/08/13 22:06:47 [INFO] Removing client 3 (reason: connection closing)
2025-08-13T22:19:53: 2025/08/13 22:19:53 [INFO] SSE connection attempt from 127.0.0.1:34310
2025-08-13T22:19:53: 2025/08/13 22:19:53 [INFO] New SSE user id : 3
2025-08-13T22:19:53: 2025/08/13 22:19:53 [INFO] Active Clients: map[3:0xc000375290]
2025-08-13T22:20:20: 
2025-08-13T22:20:20: 2025/08/13 22:20:20 [32m/home/ubuntu/unipilot/internal/server/users.go:46
2025-08-13T22:20:20: [0m[33m[3.441ms] [34;1m[rows:2][0m SELECT * FROM "public"."users" WHERE NOT id = 3 AND "users"."deleted_at" IS NULL
2025-08-13T22:20:20: 
2025-08-13T22:20:20: 2025/08/13 22:20:20 [32m/home/ubuntu/unipilot/internal/server/users.go:57
2025-08-13T22:20:20: [0m[33m[1.218ms] [34;1m[rows:10][0m SELECT "code" FROM "public"."courses" WHERE user_id = 1  AND "courses"."deleted_at" IS NULL
2025-08-13T22:20:20: 
2025-08-13T22:20:20: 2025/08/13 22:20:20 [32m/home/ubuntu/unipilot/internal/server/users.go:57
2025-08-13T22:20:20: [0m[33m[0.657ms] [34;1m[rows:0][0m SELECT "code" FROM "public"."courses" WHERE user_id = 19  AND "courses"."deleted_at" IS NULL
2025-08-13T22:20:20: 
2025-08-13T22:20:20: 2025/08/13 22:20:20 [32m/home/ubuntu/unipilot/internal/models/user/follow.go:98
2025-08-13T22:20:20: [0m[33m[2.973ms] [34;1m[rows:0][0m SELECT "users"."id","users"."created_at","users"."updated_at","users"."deleted_at","users"."username","users"."email","users"."password_hash","users"."avatar","users"."university","users"."is_verified","users"."language","users"."last_sync" FROM "public"."users" JOIN follows ON users.id = follows.follower_id WHERE (follows.followed_id = 1 AND follows.deleted_at is NULL) AND "users"."deleted_at" IS NULL LIMIT 20
2025-08-13T22:20:20: 
2025-08-13T22:20:20: 2025/08/13 22:20:20 [32m/home/ubuntu/unipilot/internal/models/user/follow.go:57
2025-08-13T22:20:20: [0m[33m[3.598ms] [34;1m[rows:1][0m SELECT count(*) FROM "public"."follows" WHERE followed_id = 1 AND "follows"."deleted_at" IS NULL
2025-08-13T22:20:20: 2025/08/13 22:20:20 [INFO] User ID : 1, Total : 0, Followers : []
2025-08-13T22:20:20: 
2025-08-13T22:20:20: 2025/08/13 22:20:20 [32m/home/ubuntu/unipilot/internal/models/user/follow.go:98
2025-08-13T22:20:20: [0m[33m[0.990ms] [34;1m[rows:0][0m SELECT "users"."id","users"."created_at","users"."updated_at","users"."deleted_at","users"."username","users"."email","users"."password_hash","users"."avatar","users"."university","users"."is_verified","users"."language","users"."last_sync" FROM "public"."users" JOIN follows ON users.id = follows.follower_id WHERE (follows.followed_id = 19 AND follows.deleted_at is NULL) AND "users"."deleted_at" IS NULL LIMIT 20
2025-08-13T22:20:20: 
2025-08-13T22:20:20: 2025/08/13 22:20:20 [32m/home/ubuntu/unipilot/internal/models/user/follow.go:57
2025-08-13T22:20:20: [0m[33m[1.853ms] [34;1m[rows:1][0m SELECT count(*) FROM "public"."follows" WHERE followed_id = 19 AND "follows"."deleted_at" IS NULL
2025-08-13T22:20:20: 
2025-08-13T22:20:20: 2025/08/13 22:20:20 [32m/home/ubuntu/unipilot/internal/models/user/follow.go:108
2025-08-13T22:20:20: [0m[33m[6.448ms] [34;1m[rows:0][0m SELECT "users"."id","users"."created_at","users"."updated_at","users"."deleted_at","users"."username","users"."email","users"."password_hash","users"."avatar","users"."university","users"."is_verified","users"."language","users"."last_sync" FROM "public"."users" JOIN follows ON users.id = follows.followed_id WHERE (follows.follower_id = 19 AND follows.deleted_at is NULL) AND "users"."deleted_at" IS NULL LIMIT 20
2025-08-13T22:20:20: 2025/08/13 22:20:20 [INFO] User ID : 19, Total : 0, Followers : []
2025-08-13T22:20:20: 
2025-08-13T22:20:20: 2025/08/13 22:20:20 [32m/home/ubuntu/unipilot/internal/models/user/follow.go:64
2025-08-13T22:20:20: [0m[33m[2.146ms] [34;1m[rows:1][0m SELECT count(*) FROM "public"."follows" WHERE follower_id = 19 AND "follows"."deleted_at" IS NULL
2025-08-13T22:20:20: 
2025-08-13T22:20:20: 2025/08/13 22:20:20 [32m/home/ubuntu/unipilot/internal/models/user/follow.go:108
2025-08-13T22:20:20: [0m[33m[31.145ms] [34;1m[rows:0][0m SELECT "users"."id","users"."created_at","users"."updated_at","users"."deleted_at","users"."username","users"."email","users"."password_hash","users"."avatar","users"."university","users"."is_verified","users"."language","users"."last_sync" FROM "public"."users" JOIN follows ON users.id = follows.followed_id WHERE (follows.follower_id = 1 AND follows.deleted_at is NULL) AND "users"."deleted_at" IS NULL LIMIT 20
2025-08-13T22:20:20: 
2025-08-13T22:20:20: 2025/08/13 22:20:20 [32m/home/ubuntu/unipilot/internal/models/user/follow.go:64
2025-08-13T22:20:20: [0m[33m[0.639ms] [34;1m[rows:1][0m SELECT count(*) FROM "public"."follows" WHERE follower_id = 1 AND "follows"."deleted_at" IS NULL
2025-08-14T00:18:53: 
2025-08-14T00:18:53: 2025/08/14 00:18:53 [32m/home/ubuntu/unipilot/internal/models/user/follow.go:98
2025-08-14T00:18:53: [0m[33m[8.757ms] [34;1m[rows:0][0m SELECT "users"."id","users"."created_at","users"."updated_at","users"."deleted_at","users"."username","users"."email","users"."password_hash","users"."avatar","users"."university","users"."is_verified","users"."language","users"."last_sync" FROM "public"."users" JOIN follows ON users.id = follows.follower_id WHERE (follows.followed_id = 1 AND follows.deleted_at is NULL) AND "users"."deleted_at" IS NULL LIMIT 20
2025-08-14T00:18:53: 
2025-08-14T00:18:53: 2025/08/14 00:18:53 [32m/home/ubuntu/unipilot/internal/server/users.go:46
2025-08-14T00:18:53: [0m[33m[12.085ms] [34;1m[rows:2][0m SELECT * FROM "public"."users" WHERE NOT id = 3 AND "users"."deleted_at" IS NULL
2025-08-14T00:18:53: 
2025-08-14T00:18:53: 2025/08/14 00:18:53 [32m/home/ubuntu/unipilot/internal/models/user/follow.go:57
2025-08-14T00:18:53: [0m[33m[1.663ms] [34;1m[rows:1][0m SELECT count(*) FROM "public"."follows" WHERE followed_id = 1 AND "follows"."deleted_at" IS NULL
2025-08-14T00:18:53: 2025/08/14 00:18:53 [INFO] User ID : 1, Total : 0, Followers : []
2025-08-14T00:18:53: 
2025-08-14T00:18:53: 2025/08/14 00:18:53 [32m/home/ubuntu/unipilot/internal/server/users.go:57
2025-08-14T00:18:53: [0m[33m[2.153ms] [34;1m[rows:10][0m SELECT "code" FROM "public"."courses" WHERE user_id = 1  AND "courses"."deleted_at" IS NULL
2025-08-14T00:18:53: 
2025-08-14T00:18:53: 2025/08/14 00:18:53 [32m/home/ubuntu/unipilot/internal/server/users.go:57
2025-08-14T00:18:53: [0m[33m[3.540ms] [34;1m[rows:0][0m SELECT "code" FROM "public"."courses" WHERE user_id = 19  AND "courses"."deleted_at" IS NULL
2025-08-14T00:18:53: 
2025-08-14T00:18:53: 2025/08/14 00:18:53 [32m/home/ubuntu/unipilot/internal/models/user/follow.go:98
2025-08-14T00:18:53: [0m[33m[37.873ms] [34;1m[rows:0][0m SELECT "users"."id","users"."created_at","users"."updated_at","users"."deleted_at","users"."username","users"."email","users"."password_hash","users"."avatar","users"."university","users"."is_verified","users"."language","users"."last_sync" FROM "public"."users" JOIN follows ON users.id = follows.follower_id WHERE (follows.followed_id = 19 AND follows.deleted_at is NULL) AND "users"."deleted_at" IS NULL LIMIT 20
2025-08-14T00:18:53: 
2025-08-14T00:18:53: 2025/08/14 00:18:53 [32m/home/ubuntu/unipilot/internal/models/user/follow.go:57
2025-08-14T00:18:53: [0m[33m[2.822ms] [34;1m[rows:1][0m SELECT count(*) FROM "public"."follows" WHERE followed_id = 19 AND "follows"."deleted_at" IS NULL
2025-08-14T00:18:53: 2025/08/14 00:18:53 [INFO] User ID : 19, Total : 0, Followers : []
2025-08-14T00:18:53: 
2025-08-14T00:18:53: 2025/08/14 00:18:53 [32m/home/ubuntu/unipilot/internal/models/user/follow.go:108
2025-08-14T00:18:53: [0m[33m[36.774ms] [34;1m[rows:0][0m SELECT "users"."id","users"."created_at","users"."updated_at","users"."deleted_at","users"."username","users"."email","users"."password_hash","users"."avatar","users"."university","users"."is_verified","users"."language","users"."last_sync" FROM "public"."users" JOIN follows ON users.id = follows.followed_id WHERE (follows.follower_id = 19 AND follows.deleted_at is NULL) AND "users"."deleted_at" IS NULL LIMIT 20
2025-08-14T00:18:53: 
2025-08-14T00:18:53: 2025/08/14 00:18:53 [32m/home/ubuntu/unipilot/internal/models/user/follow.go:108
2025-08-14T00:18:53: [0m[33m[42.580ms] [34;1m[rows:0][0m SELECT "users"."id","users"."created_at","users"."updated_at","users"."deleted_at","users"."username","users"."email","users"."password_hash","users"."avatar","users"."university","users"."is_verified","users"."language","users"."last_sync" FROM "public"."users" JOIN follows ON users.id = follows.followed_id WHERE (follows.follower_id = 1 AND follows.deleted_at is NULL) AND "users"."deleted_at" IS NULL LIMIT 20
2025-08-14T00:18:53: 
2025-08-14T00:18:53: 2025/08/14 00:18:53 [32m/home/ubuntu/unipilot/internal/models/user/follow.go:64
2025-08-14T00:18:53: [0m[33m[2.416ms] [34;1m[rows:1][0m SELECT count(*) FROM "public"."follows" WHERE follower_id = 19 AND "follows"."deleted_at" IS NULL
2025-08-14T00:18:53: 
2025-08-14T00:18:53: 2025/08/14 00:18:53 [32m/home/ubuntu/unipilot/internal/models/user/follow.go:64
2025-08-14T00:18:53: [0m[33m[2.362ms] [34;1m[rows:1][0m SELECT count(*) FROM "public"."follows" WHERE follower_id = 1 AND "follows"."deleted_at" IS NULL
2025-08-14T00:54:32: 2025/08/14 00:54:32 [INFO] Client 3 disconnected (context canceled)
2025-08-14T00:54:32: 2025/08/14 00:54:32 [INFO] Removing client 3 (reason: connection closing)
2025-08-14T01:26:24: 2025/08/14 01:26:24 [INFO] SSE connection attempt from 127.0.0.1:40846
2025-08-14T01:26:24: 2025/08/14 01:26:24 [INFO] New SSE user id : 3
2025-08-14T01:26:24: 2025/08/14 01:26:24 [INFO] Active Clients: map[3:0xc0002594a0]
2025-08-14T01:43:04: 2025/08/14 01:43:04 [INFO] Client 3 disconnected (context canceled)
2025-08-14T01:43:04: 2025/08/14 01:43:04 [INFO] Removing client 3 (reason: connection closing)
2025-08-14T01:56:10: 2025/08/14 01:56:10 [INFO] SSE connection attempt from 127.0.0.1:59580
2025-08-14T01:56:10: 2025/08/14 01:56:10 [INFO] New SSE user id : 3
2025-08-14T01:56:10: 2025/08/14 01:56:10 [INFO] Active Clients: map[3:0xc0002594d0]
2025-08-14T02:12:58: 2025/08/14 02:12:58 [INFO] Client 3 disconnected (context canceled)
2025-08-14T02:12:58: 2025/08/14 02:12:58 [INFO] Removing client 3 (reason: connection closing)
2025-08-14T02:34:16: 2025/08/14 02:34:16 [INFO] SSE connection attempt from 127.0.0.1:42652
2025-08-14T02:34:16: 2025/08/14 02:34:16 [INFO] New SSE user id : 3
2025-08-14T02:34:16: 2025/08/14 02:34:16 [INFO] Active Clients: map[3:0xc0002594d0]
2025-08-14T02:55:54: 2025/08/14 02:55:54 [INFO] Client 3 disconnected (context canceled)
2025-08-14T02:55:54: 2025/08/14 02:55:54 [INFO] Removing client 3 (reason: connection closing)
2025-08-14T03:39:39: 2025/08/14 03:39:39 [INFO] SSE connection attempt from 127.0.0.1:46474
2025-08-14T03:39:39: 2025/08/14 03:39:39 [INFO] New SSE user id : 3
2025-08-14T03:39:39: 2025/08/14 03:39:39 [INFO] Active Clients: map[3:0xc0002594d0]
2025-08-14T03:56:36: 2025/08/14 03:56:36 [INFO] Client 3 disconnected (context canceled)
2025-08-14T03:56:36: 2025/08/14 03:56:36 [INFO] Removing client 3 (reason: connection closing)
2025-08-14T04:30:30: 2025/08/14 04:30:30 [INFO] SSE connection attempt from 127.0.0.1:59392
2025-08-14T04:30:30: 2025/08/14 04:30:30 [INFO] New SSE user id : 3
2025-08-14T04:30:30: 2025/08/14 04:30:30 [INFO] Active Clients: map[3:0xc0002594d0]
2025-08-14T04:47:19: 2025/08/14 04:47:19 [INFO] Client 3 disconnected (context canceled)
2025-08-14T04:47:19: 2025/08/14 04:47:19 [INFO] Removing client 3 (reason: connection closing)
2025-08-14T05:15:43: 2025/08/14 05:15:43 [INFO] SSE connection attempt from 127.0.0.1:52300
2025-08-14T05:15:43: 2025/08/14 05:15:43 [INFO] New SSE user id : 3
2025-08-14T05:15:43: 2025/08/14 05:15:43 [INFO] Active Clients: map[3:0xc0002594d0]
2025-08-14T05:32:22: 2025/08/14 05:32:22 [INFO] Client 3 disconnected (context canceled)
2025-08-14T05:32:22: 2025/08/14 05:32:22 [INFO] Removing client 3 (reason: connection closing)
2025-08-14T05:58:08: 2025/08/14 05:58:08 [INFO] SSE connection attempt from 127.0.0.1:59014
2025-08-14T05:58:08: 2025/08/14 05:58:08 [INFO] New SSE user id : 3
2025-08-14T05:58:08: 2025/08/14 05:58:08 [INFO] Active Clients: map[3:0xc0002594d0]
2025-08-14T06:15:02: 2025/08/14 06:15:02 [INFO] Client 3 disconnected (context canceled)
2025-08-14T06:15:02: 2025/08/14 06:15:02 [INFO] Removing client 3 (reason: connection closing)
2025-08-14T06:33:21: 2025/08/14 06:33:21 [INFO] SSE connection attempt from 127.0.0.1:50772
2025-08-14T06:33:21: 2025/08/14 06:33:21 [INFO] New SSE user id : 3
2025-08-14T06:33:21: 2025/08/14 06:33:21 [INFO] Active Clients: map[3:0xc0002594d0]
2025-08-14T06:50:08: 2025/08/14 06:50:08 [INFO] Client 3 disconnected (context canceled)
2025-08-14T06:50:08: 2025/08/14 06:50:08 [INFO] Removing client 3 (reason: connection closing)
2025-08-14T07:43:44: 2025/08/14 07:43:44 [INFO] SSE connection attempt from 127.0.0.1:53768
2025-08-14T07:43:44: 2025/08/14 07:43:44 [INFO] New SSE user id : 3
2025-08-14T07:43:44: 2025/08/14 07:43:44 [INFO] Active Clients: map[3:0xc0002594d0]
2025-08-14T08:00:39: 2025/08/14 08:00:39 [INFO] Client 3 disconnected (context canceled)
2025-08-14T08:00:39: 2025/08/14 08:00:39 [INFO] Removing client 3 (reason: connection closing)
2025-08-14T08:21:53: 2025/08/14 08:21:53 [INFO] SSE connection attempt from 127.0.0.1:39072
2025-08-14T08:21:53: 2025/08/14 08:21:53 [INFO] New SSE user id : 3
2025-08-14T08:21:53: 2025/08/14 08:21:53 [INFO] Active Clients: map[3:0xc0002594d0]
2025-08-14T08:22:13: 
2025-08-14T08:22:13: 2025/08/14 08:22:13 [32m/home/ubuntu/unipilot/internal/server/users.go:46
2025-08-14T08:22:13: [0m[33m[1.706ms] [34;1m[rows:2][0m SELECT * FROM "public"."users" WHERE NOT id = 3 AND "users"."deleted_at" IS NULL
2025-08-14T08:22:13: 
2025-08-14T08:22:13: 2025/08/14 08:22:13 [32m/home/ubuntu/unipilot/internal/models/user/follow.go:98
2025-08-14T08:22:13: [0m[33m[9.475ms] [34;1m[rows:0][0m SELECT "users"."id","users"."created_at","users"."updated_at","users"."deleted_at","users"."username","users"."email","users"."password_hash","users"."avatar","users"."university","users"."is_verified","users"."language","users"."last_sync" FROM "public"."users" JOIN follows ON users.id = follows.follower_id WHERE (follows.followed_id = 1 AND follows.deleted_at is NULL) AND "users"."deleted_at" IS NULL LIMIT 20
2025-08-14T08:22:13: 
2025-08-14T08:22:13: 2025/08/14 08:22:13 [32m/home/ubuntu/unipilot/internal/server/users.go:57
2025-08-14T08:22:13: [0m[33m[0.660ms] [34;1m[rows:10][0m SELECT "code" FROM "public"."courses" WHERE user_id = 1  AND "courses"."deleted_at" IS NULL
2025-08-14T08:22:13: 
2025-08-14T08:22:13: 2025/08/14 08:22:13 [32m/home/ubuntu/unipilot/internal/models/user/follow.go:57
2025-08-14T08:22:13: [0m[33m[0.584ms] [34;1m[rows:1][0m SELECT count(*) FROM "public"."follows" WHERE followed_id = 1 AND "follows"."deleted_at" IS NULL
2025-08-14T08:22:13: 
2025-08-14T08:22:13: 2025/08/14 08:22:13 [32m/home/ubuntu/unipilot/internal/server/users.go:57
2025-08-14T08:22:13: [0m[33m[0.740ms] [34;1m[rows:0][0m SELECT "code" FROM "public"."courses" WHERE user_id = 19  AND "courses"."deleted_at" IS NULL
2025-08-14T08:22:13: 2025/08/14 08:22:13 [INFO] User ID : 1, Total : 0, Followers : []
2025-08-14T08:22:14: 
2025-08-14T08:22:14: 2025/08/14 08:22:14 [32m/home/ubuntu/unipilot/internal/models/user/follow.go:98
2025-08-14T08:22:14: [0m[33m[1.006ms] [34;1m[rows:0][0m SELECT "users"."id","users"."created_at","users"."updated_at","users"."deleted_at","users"."username","users"."email","users"."password_hash","users"."avatar","users"."university","users"."is_verified","users"."language","users"."last_sync" FROM "public"."users" JOIN follows ON users.id = follows.follower_id WHERE (follows.followed_id = 19 AND follows.deleted_at is NULL) AND "users"."deleted_at" IS NULL LIMIT 20
2025-08-14T08:22:14: 
2025-08-14T08:22:14: 2025/08/14 08:22:14 [32m/home/ubuntu/unipilot/internal/models/user/follow.go:57
2025-08-14T08:22:14: [0m[33m[0.835ms] [34;1m[rows:1][0m SELECT count(*) FROM "public"."follows" WHERE followed_id = 19 AND "follows"."deleted_at" IS NULL
2025-08-14T08:22:14: 2025/08/14 08:22:14 [INFO] User ID : 19, Total : 0, Followers : []
2025-08-14T08:22:14: 
2025-08-14T08:22:14: 2025/08/14 08:22:14 [32m/home/ubuntu/unipilot/internal/models/user/follow.go:108
2025-08-14T08:22:14: [0m[33m[1.559ms] [34;1m[rows:0][0m SELECT "users"."id","users"."created_at","users"."updated_at","users"."deleted_at","users"."username","users"."email","users"."password_hash","users"."avatar","users"."university","users"."is_verified","users"."language","users"."last_sync" FROM "public"."users" JOIN follows ON users.id = follows.followed_id WHERE (follows.follower_id = 1 AND follows.deleted_at is NULL) AND "users"."deleted_at" IS NULL LIMIT 20
2025-08-14T08:22:14: 
2025-08-14T08:22:14: 2025/08/14 08:22:14 [32m/home/ubuntu/unipilot/internal/models/user/follow.go:64
2025-08-14T08:22:14: [0m[33m[1.127ms] [34;1m[rows:1][0m SELECT count(*) FROM "public"."follows" WHERE follower_id = 1 AND "follows"."deleted_at" IS NULL
2025-08-14T08:22:14: 
2025-08-14T08:22:14: 2025/08/14 08:22:14 [32m/home/ubuntu/unipilot/internal/models/user/follow.go:108
2025-08-14T08:22:14: [0m[33m[0.856ms] [34;1m[rows:0][0m SELECT "users"."id","users"."created_at","users"."updated_at","users"."deleted_at","users"."username","users"."email","users"."password_hash","users"."avatar","users"."university","users"."is_verified","users"."language","users"."last_sync" FROM "public"."users" JOIN follows ON users.id = follows.followed_id WHERE (follows.follower_id = 19 AND follows.deleted_at is NULL) AND "users"."deleted_at" IS NULL LIMIT 20
2025-08-14T08:22:14: 
2025-08-14T08:22:14: 2025/08/14 08:22:14 [32m/home/ubuntu/unipilot/internal/models/user/follow.go:64
2025-08-14T08:22:14: [0m[33m[0.782ms] [34;1m[rows:1][0m SELECT count(*) FROM "public"."follows" WHERE follower_id = 19 AND "follows"."deleted_at" IS NULL
2025-08-14T08:39:41: 2025/08/14 08:39:41 [INFO] Client 3 disconnected (context canceled)
2025-08-14T08:39:41: 2025/08/14 08:39:41 [INFO] Removing client 3 (reason: connection closing)
2025-08-14T08:40:40: 2025/08/14 08:40:40 [INFO] SSE connection attempt from 127.0.0.1:48906
2025-08-14T08:40:40: 2025/08/14 08:40:40 [INFO] New SSE user id : 1
2025-08-14T08:40:40: 2025/08/14 08:40:40 [INFO] Active Clients: map[1:0xc0000a7980]
2025-08-14T08:40:57: 2025/08/14 08:40:57 [INFO] Client 1 disconnected (context canceled)
2025-08-14T08:40:57: 2025/08/14 08:40:57 [INFO] Removing client 1 (reason: connection closing)
2025-08-14T08:41:02: 2025/08/14 08:41:02 [INFO] SSE connection attempt from 127.0.0.1:60810
2025-08-14T08:41:02: 2025/08/14 08:41:02 [INFO] New SSE user id : 1
2025-08-14T08:41:02: 2025/08/14 08:41:02 [INFO] Active Clients: map[1:0xc00041b230]
2025-08-14T09:06:36: 
2025-08-14T09:06:36: 2025/08/14 09:06:36 [32m/home/ubuntu/unipilot/internal/server/users.go:46
2025-08-14T09:06:36: [0m[33m[12.452ms] [34;1m[rows:2][0m SELECT * FROM "public"."users" WHERE NOT id = 1 AND "users"."deleted_at" IS NULL
2025-08-14T09:06:36: 
2025-08-14T09:06:36: 2025/08/14 09:06:36 [32m/home/ubuntu/unipilot/internal/server/users.go:57
2025-08-14T09:06:36: [0m[33m[0.647ms] [34;1m[rows:3][0m SELECT "code" FROM "public"."courses" WHERE user_id = 3  AND "courses"."deleted_at" IS NULL
2025-08-14T09:06:36: 
2025-08-14T09:06:36: 2025/08/14 09:06:36 [32m/home/ubuntu/unipilot/internal/server/users.go:57
2025-08-14T09:06:36: [0m[33m[0.697ms] [34;1m[rows:0][0m SELECT "code" FROM "public"."courses" WHERE user_id = 19  AND "courses"."deleted_at" IS NULL
2025-08-14T09:06:36: 
2025-08-14T09:06:36: 2025/08/14 09:06:36 [32m/home/ubuntu/unipilot/internal/models/user/follow.go:108
2025-08-14T09:06:36: [0m[33m[1.389ms] [34;1m[rows:0][0m SELECT "users"."id","users"."created_at","users"."updated_at","users"."deleted_at","users"."username","users"."email","users"."password_hash","users"."avatar","users"."university","users"."is_verified","users"."language","users"."last_sync" FROM "public"."users" JOIN follows ON users.id = follows.followed_id WHERE (follows.follower_id = 19 AND follows.deleted_at is NULL) AND "users"."deleted_at" IS NULL LIMIT 20
2025-08-14T09:06:36: 
2025-08-14T09:06:36: 2025/08/14 09:06:36 [32m/home/ubuntu/unipilot/internal/models/user/follow.go:64
2025-08-14T09:06:36: [0m[33m[0.612ms] [34;1m[rows:1][0m SELECT count(*) FROM "public"."follows" WHERE follower_id = 19 AND "follows"."deleted_at" IS NULL
2025-08-14T09:06:36: 
2025-08-14T09:06:36: 2025/08/14 09:06:36 [32m/home/ubuntu/unipilot/internal/models/user/follow.go:108
2025-08-14T09:06:36: [0m[33m[1.033ms] [34;1m[rows:0][0m SELECT "users"."id","users"."created_at","users"."updated_at","users"."deleted_at","users"."username","users"."email","users"."password_hash","users"."avatar","users"."university","users"."is_verified","users"."language","users"."last_sync" FROM "public"."users" JOIN follows ON users.id = follows.followed_id WHERE (follows.follower_id = 3 AND follows.deleted_at is NULL) AND "users"."deleted_at" IS NULL LIMIT 20
2025-08-14T09:06:36: 
2025-08-14T09:06:36: 2025/08/14 09:06:36 [32m/home/ubuntu/unipilot/internal/models/user/follow.go:64
2025-08-14T09:06:36: [0m[33m[1.480ms] [34;1m[rows:1][0m SELECT count(*) FROM "public"."follows" WHERE follower_id = 3 AND "follows"."deleted_at" IS NULL
2025-08-14T09:06:36: 
2025-08-14T09:06:36: 2025/08/14 09:06:36 [32m/home/ubuntu/unipilot/internal/models/user/follow.go:98
2025-08-14T09:06:36: [0m[33m[1.169ms] [34;1m[rows:0][0m SELECT "users"."id","users"."created_at","users"."updated_at","users"."deleted_at","users"."username","users"."email","users"."password_hash","users"."avatar","users"."university","users"."is_verified","users"."language","users"."last_sync" FROM "public"."users" JOIN follows ON users.id = follows.follower_id WHERE (follows.followed_id = 19 AND follows.deleted_at is NULL) AND "users"."deleted_at" IS NULL LIMIT 20
2025-08-14T09:06:36: 
2025-08-14T09:06:36: 2025/08/14 09:06:36 [32m/home/ubuntu/unipilot/internal/models/user/follow.go:57
2025-08-14T09:06:36: [0m[33m[0.575ms] [34;1m[rows:1][0m SELECT count(*) FROM "public"."follows" WHERE followed_id = 19 AND "follows"."deleted_at" IS NULL
2025-08-14T09:06:36: 
2025-08-14T09:06:36: 2025/08/14 09:06:36 [32m/home/ubuntu/unipilot/internal/models/user/follow.go:98
2025-08-14T09:06:36: [0m[33m[1.298ms] [34;1m[rows:0][0m SELECT "users"."id","users"."created_at","users"."updated_at","users"."deleted_at","users"."username","users"."email","users"."password_hash","users"."avatar","users"."university","users"."is_verified","users"."language","users"."last_sync" FROM "public"."users" JOIN follows ON users.id = follows.follower_id WHERE (follows.followed_id = 3 AND follows.deleted_at is NULL) AND "users"."deleted_at" IS NULL LIMIT 20
2025-08-14T09:06:36: 
2025-08-14T09:06:36: 2025/08/14 09:06:36 [32m/home/ubuntu/unipilot/internal/models/user/follow.go:57
2025-08-14T09:06:36: [0m[33m[0.765ms] [34;1m[rows:1][0m SELECT count(*) FROM "public"."follows" WHERE followed_id = 3 AND "follows"."deleted_at" IS NULL
2025-08-14T09:06:36: 2025/08/14 09:06:36 [INFO] User ID : 19, Total : 0, Followers : []
2025-08-14T09:06:36: 2025/08/14 09:06:36 [INFO] User ID : 3, Total : 0, Followers : []
2025-08-14T09:11:19: 
2025-08-14T09:11:19: 2025/08/14 09:11:19 [32m/home/ubuntu/unipilot/internal/server/users.go:46
2025-08-14T09:11:19: [0m[33m[1.978ms] [34;1m[rows:2][0m SELECT * FROM "public"."users" WHERE NOT id = 1 AND "users"."deleted_at" IS NULL
2025-08-14T09:11:19: 
2025-08-14T09:11:19: 2025/08/14 09:11:19 [32m/home/ubuntu/unipilot/internal/server/users.go:57
2025-08-14T09:11:19: [0m[33m[1.002ms] [34;1m[rows:3][0m SELECT "code" FROM "public"."courses" WHERE user_id = 3  AND "courses"."deleted_at" IS NULL
2025-08-14T09:11:19: 
2025-08-14T09:11:19: 2025/08/14 09:11:19 [32m/home/ubuntu/unipilot/internal/server/users.go:57
2025-08-14T09:11:19: [0m[33m[0.717ms] [34;1m[rows:0][0m SELECT "code" FROM "public"."courses" WHERE user_id = 19  AND "courses"."deleted_at" IS NULL
2025-08-14T09:29:29: 
2025-08-14T09:29:29: 2025/08/14 09:29:29 [32m/home/ubuntu/unipilot/internal/server/users.go:46
2025-08-14T09:29:29: [0m[33m[10.008ms] [34;1m[rows:2][0m SELECT * FROM "public"."users" WHERE NOT id = 1 AND "users"."deleted_at" IS NULL
2025-08-14T09:29:29: 
2025-08-14T09:29:29: 2025/08/14 09:29:29 [32m/home/ubuntu/unipilot/internal/server/users.go:57
2025-08-14T09:29:29: [0m[33m[0.667ms] [34;1m[rows:3][0m SELECT "code" FROM "public"."courses" WHERE user_id = 3  AND "courses"."deleted_at" IS NULL
2025-08-14T09:29:29: 
2025-08-14T09:29:29: 2025/08/14 09:29:29 [32m/home/ubuntu/unipilot/internal/server/users.go:57
2025-08-14T09:29:29: [0m[33m[0.732ms] [34;1m[rows:0][0m SELECT "code" FROM "public"."courses" WHERE user_id = 19  AND "courses"."deleted_at" IS NULL
2025-08-14T09:36:12: 2025/08/14 09:36:12 [INFO] Client 1 disconnected (context canceled)
2025-08-14T09:36:12: 2025/08/14 09:36:12 [INFO] Removing client 1 (reason: connection closing)
2025-08-14T16:17:50: 2025/08/14 16:17:50 [INFO] SSE connection attempt from 127.0.0.1:59602
2025-08-14T16:17:50: 2025/08/14 16:17:50 [INFO] New SSE user id : 1
2025-08-14T16:17:50: 2025/08/14 16:17:50 [INFO] Active Clients: map[1:0xc0003008d0]
2025-08-14T16:19:41: 2025/08/14 16:19:41 [INFO] Client 1 disconnected (context canceled)
2025-08-14T16:19:41: 2025/08/14 16:19:41 [INFO] Removing client 1 (reason: connection closing)
2025-08-14T16:19:47: 2025/08/14 16:19:47 [INFO] SSE connection attempt from 127.0.0.1:51806
2025-08-14T16:19:47: 2025/08/14 16:19:47 [INFO] New SSE user id : 1
2025-08-14T16:19:47: 2025/08/14 16:19:47 [INFO] Active Clients: map[1:0xc000375e00]
2025-08-14T16:21:41: 2025/08/14 16:21:41 [INFO] Client 1 disconnected (context canceled)
2025-08-14T16:21:41: 2025/08/14 16:21:41 [INFO] Removing client 1 (reason: connection closing)
2025-08-14T16:21:44: 2025/08/14 16:21:44 [INFO] SSE connection attempt from 127.0.0.1:55254
2025-08-14T16:21:44: 2025/08/14 16:21:44 [INFO] New SSE user id : 1
2025-08-14T16:21:44: 2025/08/14 16:21:44 [INFO] Active Clients: map[1:0xc0003748d0]
2025-08-14T16:31:36: 2025/08/14 16:31:36 [INFO] Client 1 disconnected (context canceled)
2025-08-14T16:31:36: 2025/08/14 16:31:36 [INFO] Removing client 1 (reason: connection closing)
2025-08-14T16:36:29: 2025/08/14 16:36:29 [INFO] SSE connection attempt from 127.0.0.1:46580
2025-08-14T16:36:29: 2025/08/14 16:36:29 [INFO] New SSE user id : 1
2025-08-14T16:36:29: 2025/08/14 16:36:29 [INFO] Active Clients: map[1:0xc000258d80]
2025-08-14T16:41:00: 2025/08/14 16:41:00 [INFO] Client 1 disconnected (context canceled)
2025-08-14T16:41:00: 2025/08/14 16:41:00 [INFO] Removing client 1 (reason: connection closing)
2025-08-14T16:41:41: 2025/08/14 16:41:41 [INFO] SSE connection attempt from 127.0.0.1:55330
2025-08-14T16:41:41: 2025/08/14 16:41:41 [INFO] New SSE user id : 1
2025-08-14T16:41:41: 2025/08/14 16:41:41 [INFO] Active Clients: map[1:0xc0002589f0]
2025-08-14T16:42:02: 2025/08/14 16:42:02 [INFO] user_id %!s(uint=1) column deadline value 2025-08-11 00:00:00-05:00
2025-08-14T16:43:56: 2025/08/14 16:43:56 [INFO] user_id %!s(uint=1) column deadline value 2025-08-10 00:00:00-05:00
2025-08-14T16:44:03: 2025/08/14 16:44:03 [INFO] user_id %!s(uint=1) column deadline value 2025-08-17 00:00:00-05:00
2025-08-14T16:44:09: 2025/08/14 16:44:09 [INFO] user_id %!s(uint=1) column deadline value 2025-08-10 00:00:00-05:00
2025-08-14T16:44:58: 2025/08/14 16:44:58 [INFO] Client 1 disconnected (context canceled)
2025-08-14T16:44:58: 2025/08/14 16:44:58 [INFO] Removing client 1 (reason: connection closing)
2025-08-14T16:45:32: 2025/08/14 16:45:32 [INFO] SSE connection attempt from 127.0.0.1:46692
2025-08-14T16:45:32: 2025/08/14 16:45:32 [INFO] New SSE user id : 1
2025-08-14T16:45:32: 2025/08/14 16:45:32 [INFO] Active Clients: map[1:0xc0002596b0]
2025-08-14T16:52:57: 2025/08/14 16:52:57 Server listening on :3000...
2025-08-14T16:53:16: 2025/08/14 16:53:16 [INFO] SSE connection attempt from 127.0.0.1:41584
2025-08-14T16:53:16: 2025/08/14 16:53:16 [INFO] New SSE user id : 1
2025-08-14T16:53:16: 2025/08/14 16:53:16 [INFO] Active Clients: map[1:0xc000387650]
2025-08-14T16:53:17: 2025/08/14 16:53:17 [INFO] user_id %!s(uint=1) column deadline value 2025-08-11 00:00:00-05:00
2025-08-14T17:10:04: 2025/08/14 17:10:04 [INFO] Client 1 disconnected (context canceled)
2025-08-14T17:10:04: 2025/08/14 17:10:04 [INFO] Removing client 1 (reason: connection closing)
2025-08-14T17:10:46: 2025/08/14 17:10:46 [INFO] SSE connection attempt from 127.0.0.1:40356
2025-08-14T17:10:46: 2025/08/14 17:10:46 [INFO] New SSE user id : 1
2025-08-14T17:10:46: 2025/08/14 17:10:46 [INFO] Active Clients: map[1:0xc0001bf080]
2025-08-14T17:10:51: 2025/08/14 17:10:51 [INFO] Client 1 disconnected (context canceled)
2025-08-14T17:10:51: 2025/08/14 17:10:51 [INFO] Removing client 1 (reason: connection closing)
2025-08-14T17:11:05: 2025/08/14 17:11:05 [INFO] SSE connection attempt from 127.0.0.1:53174
2025-08-14T17:11:05: 2025/08/14 17:11:05 [INFO] New SSE user id : 3
2025-08-14T17:11:05: 2025/08/14 17:11:05 [INFO] Active Clients: map[3:0xc000413770]
2025-08-14T17:17:32: 2025/08/14 17:17:32 Server listening on :3000...
2025-08-14T17:17:34: 2025/08/14 17:17:34 [INFO] SSE connection attempt from 127.0.0.1:55784
2025-08-14T17:17:34: 2025/08/14 17:17:34 [INFO] New SSE user id : 3
2025-08-14T17:17:34: 2025/08/14 17:17:34 [INFO] Active Clients: map[3:0xc0002fee40]
2025-08-14T17:18:27: 2025/08/14 17:18:27 [INFO] Client 3 disconnected (context canceled)
2025-08-14T17:18:27: 2025/08/14 17:18:27 [INFO] Removing client 3 (reason: connection closing)
2025-08-14T17:18:30: 2025/08/14 17:18:30 [INFO] SSE connection attempt from 127.0.0.1:36684
2025-08-14T17:18:30: 2025/08/14 17:18:30 [INFO] New SSE user id : 3
2025-08-14T17:18:30: 2025/08/14 17:18:30 [INFO] Active Clients: map[3:0xc0002ff6b0]
2025-08-14T17:22:08: 2025/08/14 17:22:08 [INFO] Client 3 disconnected (context canceled)
2025-08-14T17:22:08: 2025/08/14 17:22:08 [INFO] Removing client 3 (reason: connection closing)
2025-08-14T17:22:32: 2025/08/14 17:22:32 [INFO] SSE connection attempt from 127.0.0.1:44644
2025-08-14T17:22:32: 2025/08/14 17:22:32 [INFO] New SSE user id : 3
2025-08-14T17:22:32: 2025/08/14 17:22:32 [INFO] Active Clients: map[3:0xc00039d830]
2025-08-14T17:22:32: 2025/08/14 17:22:32 [INFO] assignment input data local ID : 12 Title: Offline #3 : Course code: GOVT-2305 Type : Exam Deadline : 2025-08-14 
2025-08-14T17:22:32: 2025/08/14 17:22:32 [INFO] assignment input : {12 Offline #3  2025-08-14 GOVT-2305 Exam Not started high}
2025-08-14T17:28:10: 2025/08/14 17:28:10 [INFO] Client 3 disconnected (context canceled)
2025-08-14T17:28:10: 2025/08/14 17:28:10 [INFO] Removing client 3 (reason: connection closing)
2025-08-14T17:29:20: 2025/08/14 17:29:20 [INFO] SSE connection attempt from 127.0.0.1:50900
2025-08-14T17:29:20: 2025/08/14 17:29:20 [INFO] New SSE user id : 3
2025-08-14T17:29:20: 2025/08/14 17:29:20 [INFO] Active Clients: map[3:0xc000409710]
2025-08-14T17:29:20: 2025/08/14 17:29:20 [INFO] user_id %!s(uint=3) column deleted_at value 2025-08-14T17:15:05-05:00
2025-08-14T17:44:20: 2025/08/14 17:44:20 [INFO] user_id %!s(uint=3) column deleted_at value 2025-08-14T17:13:45-05:00
2025-08-14T17:44:21: 2025/08/14 17:44:21 [INFO] user_id %!s(uint=3) column deleted_at value 2025-08-14T17:15:05-05:00
2025-08-14T17:48:32: 2025/08/14 17:48:32 [INFO] Client 3 disconnected (context canceled)
2025-08-14T17:48:32: 2025/08/14 17:48:32 [INFO] Removing client 3 (reason: connection closing)
2025-08-14T17:52:06: 2025/08/14 17:52:06 [INFO] SSE connection attempt from 127.0.0.1:48868
2025-08-14T17:52:06: 2025/08/14 17:52:06 [INFO] New SSE user id : 3
2025-08-14T17:52:06: 2025/08/14 17:52:06 [INFO] Active Clients: map[3:0xc000408cf0]
2025-08-14T17:53:01: 2025/08/14 17:53:01 [INFO] Client 3 disconnected (context canceled)
2025-08-14T17:53:01: 2025/08/14 17:53:01 [INFO] Removing client 3 (reason: connection closing)
2025-08-14T17:53:03: 2025/08/14 17:53:03 [INFO] SSE connection attempt from 127.0.0.1:52832
2025-08-14T17:53:03: 2025/08/14 17:53:03 [INFO] New SSE user id : 3
2025-08-14T17:53:03: 2025/08/14 17:53:03 [INFO] Active Clients: map[3:0xc0000afe60]
2025-08-14T17:54:31: 2025/08/14 17:54:31 [INFO] user_id %!s(uint=3) column status_name value Done
2025-08-14T17:54:53: 
2025-08-14T17:54:53: 2025/08/14 17:54:53 [32m/home/ubuntu/unipilot/internal/server/users.go:46
2025-08-14T17:54:53: [0m[33m[2.421ms] [34;1m[rows:2][0m SELECT * FROM "public"."users" WHERE NOT id = 3 AND "users"."deleted_at" IS NULL
2025-08-14T17:54:53: 
2025-08-14T17:54:53: 2025/08/14 17:54:53 [32m/home/ubuntu/unipilot/internal/server/users.go:57
2025-08-14T17:54:53: [0m[33m[1.696ms] [34;1m[rows:10][0m SELECT "code" FROM "public"."courses" WHERE user_id = 1  AND "courses"."deleted_at" IS NULL
2025-08-14T17:54:53: 
2025-08-14T17:54:53: 2025/08/14 17:54:53 [32m/home/ubuntu/unipilot/internal/server/users.go:57
2025-08-14T17:54:53: [0m[33m[0.966ms] [34;1m[rows:0][0m SELECT "code" FROM "public"."courses" WHERE user_id = 19  AND "courses"."deleted_at" IS NULL
2025-08-14T17:54:53: 
2025-08-14T17:54:53: 2025/08/14 17:54:53 [32m/home/ubuntu/unipilot/internal/models/user/follow.go:98
2025-08-14T17:54:53: [0m[33m[2.390ms] [34;1m[rows:0][0m SELECT "users"."id","users"."created_at","users"."updated_at","users"."deleted_at","users"."username","users"."email","users"."password_hash","users"."avatar","users"."university","users"."is_verified","users"."language","users"."last_sync" FROM "public"."users" JOIN follows ON users.id = follows.follower_id WHERE (follows.followed_id = 19 AND follows.deleted_at is NULL) AND "users"."deleted_at" IS NULL LIMIT 20
2025-08-14T17:54:53: 
2025-08-14T17:54:53: 2025/08/14 17:54:53 [32m/home/ubuntu/unipilot/internal/models/user/follow.go:57
2025-08-14T17:54:53: [0m[33m[2.395ms] [34;1m[rows:1][0m SELECT count(*) FROM "public"."follows" WHERE followed_id = 19 AND "follows"."deleted_at" IS NULL
2025-08-14T17:54:53: 2025/08/14 17:54:53 [INFO] User ID : 19, Total : 0, Followers : []
2025-08-14T17:54:53: 
2025-08-14T17:54:53: 2025/08/14 17:54:53 [32m/home/ubuntu/unipilot/internal/models/user/follow.go:108
2025-08-14T17:54:53: [0m[33m[2.835ms] [34;1m[rows:0][0m SELECT "users"."id","users"."created_at","users"."updated_at","users"."deleted_at","users"."username","users"."email","users"."password_hash","users"."avatar","users"."university","users"."is_verified","users"."language","users"."last_sync" FROM "public"."users" JOIN follows ON users.id = follows.followed_id WHERE (follows.follower_id = 1 AND follows.deleted_at is NULL) AND "users"."deleted_at" IS NULL LIMIT 20
2025-08-14T17:54:53: 
2025-08-14T17:54:53: 2025/08/14 17:54:53 [32m/home/ubuntu/unipilot/internal/models/user/follow.go:64
2025-08-14T17:54:53: [0m[33m[3.588ms] [34;1m[rows:1][0m SELECT count(*) FROM "public"."follows" WHERE follower_id = 1 AND "follows"."deleted_at" IS NULL
2025-08-14T17:54:53: 
2025-08-14T17:54:53: 2025/08/14 17:54:53 [32m/home/ubuntu/unipilot/internal/models/user/follow.go:108
2025-08-14T17:54:53: [0m[33m[34.517ms] [34;1m[rows:0][0m SELECT "users"."id","users"."created_at","users"."updated_at","users"."deleted_at","users"."username","users"."email","users"."password_hash","users"."avatar","users"."university","users"."is_verified","users"."language","users"."last_sync" FROM "public"."users" JOIN follows ON users.id = follows.followed_id WHERE (follows.follower_id = 19 AND follows.deleted_at is NULL) AND "users"."deleted_at" IS NULL LIMIT 20
2025-08-14T17:54:53: 
2025-08-14T17:54:53: 2025/08/14 17:54:53 [32m/home/ubuntu/unipilot/internal/models/user/follow.go:98
2025-08-14T17:54:53: [0m[33m[36.810ms] [34;1m[rows:0][0m SELECT "users"."id","users"."created_at","users"."updated_at","users"."deleted_at","users"."username","users"."email","users"."password_hash","users"."avatar","users"."university","users"."is_verified","users"."language","users"."last_sync" FROM "public"."users" JOIN follows ON users.id = follows.follower_id WHERE (follows.followed_id = 1 AND follows.deleted_at is NULL) AND "users"."deleted_at" IS NULL LIMIT 20
2025-08-14T17:54:53: 
2025-08-14T17:54:53: 2025/08/14 17:54:53 [32m/home/ubuntu/unipilot/internal/models/user/follow.go:64
2025-08-14T17:54:53: [0m[33m[3.087ms] [34;1m[rows:1][0m SELECT count(*) FROM "public"."follows" WHERE follower_id = 19 AND "follows"."deleted_at" IS NULL
2025-08-14T17:54:53: 
2025-08-14T17:54:53: 2025/08/14 17:54:53 [32m/home/ubuntu/unipilot/internal/models/user/follow.go:57
2025-08-14T17:54:53: [0m[33m[2.627ms] [34;1m[rows:1][0m SELECT count(*) FROM "public"."follows" WHERE followed_id = 1 AND "follows"."deleted_at" IS NULL
2025-08-14T17:54:53: 2025/08/14 17:54:53 [INFO] User ID : 1, Total : 0, Followers : []
2025-08-14T17:54:56: 
2025-08-14T17:54:56: 2025/08/14 17:54:56 [32m/home/ubuntu/unipilot/internal/models/user/follow.go:50
2025-08-14T17:54:56: [0m[33m[2.173ms] [34;1m[rows:1][0m SELECT count(*) FROM "public"."follows" WHERE (follower_id = 3 AND followed_id = 1) AND "follows"."deleted_at" IS NULL
2025-08-14T17:54:56: 
2025-08-14T17:54:56: 2025/08/14 17:54:56 [32m/home/ubuntu/unipilot/internal/models/user/follow.go:50
2025-08-14T17:54:56: [0m[33m[0.724ms] [34;1m[rows:1][0m SELECT count(*) FROM "public"."follows" WHERE (follower_id = 3 AND followed_id = 1) AND "follows"."deleted_at" IS NULL
2025-08-14T17:54:56: 
2025-08-14T17:54:56: 2025/08/14 17:54:56 [32m/home/ubuntu/unipilot/internal/models/user/follow.go:84
2025-08-14T17:54:56: [0m[33m[5.671ms] [34;1m[rows:1][0m INSERT INTO "public"."follows" ("created_at","updated_at","deleted_at","follower_id","followed_id","unique_follow") VALUES ('2025-08-14 17:54:56.352','2025-08-14 17:54:56.352',NULL,3,1,'') RETURNING "id"
2025-08-14T17:54:56: 
2025-08-14T17:54:56: 2025/08/14 17:54:56 [32m/home/ubuntu/unipilot/internal/models/user/follow.go:57
2025-08-14T17:54:56: [0m[33m[3.993ms] [34;1m[rows:1][0m SELECT count(*) FROM "public"."follows" WHERE followed_id = 3 AND "follows"."deleted_at" IS NULL
2025-08-14T17:54:56: 
2025-08-14T17:54:56: 2025/08/14 17:54:56 [32m/home/ubuntu/unipilot/internal/models/user/follow.go:64
2025-08-14T17:54:56: [0m[33m[0.641ms] [34;1m[rows:1][0m SELECT count(*) FROM "public"."follows" WHERE follower_id = 3 AND "follows"."deleted_at" IS NULL
2025-08-14T17:54:56: 
2025-08-14T17:54:56: 2025/08/14 17:54:56 [31;1m/home/ubuntu/unipilot/internal/models/user/follow.go:126 [35;1mrecord not found
2025-08-14T17:54:56: [0m[33m[5.287ms] [34;1m[rows:0][0m SELECT * FROM "public"."follow_stats" WHERE user_id = 3 AND "follow_stats"."deleted_at" IS NULL ORDER BY "follow_stats"."id" LIMIT 1
2025-08-14T17:54:56: 
2025-08-14T17:54:56: 2025/08/14 17:54:56 [32m/home/ubuntu/unipilot/internal/models/user/follow.go:134
2025-08-14T17:54:56: [0m[33m[7.421ms] [34;1m[rows:1][0m INSERT INTO "public"."follow_stats" ("created_at","updated_at","deleted_at","user_id","followers_count","following_count") VALUES ('2025-08-14 17:54:56.368','2025-08-14 17:54:56.368',NULL,3,0,1) RETURNING "id"
2025-08-14T17:54:56: 
2025-08-14T17:54:56: 2025/08/14 17:54:56 [32m/home/ubuntu/unipilot/internal/models/user/follow.go:57
2025-08-14T17:54:56: [0m[33m[0.600ms] [34;1m[rows:1][0m SELECT count(*) FROM "public"."follows" WHERE followed_id = 1 AND "follows"."deleted_at" IS NULL
2025-08-14T17:54:56: 
2025-08-14T17:54:56: 2025/08/14 17:54:56 [32m/home/ubuntu/unipilot/internal/models/user/follow.go:64
2025-08-14T17:54:56: [0m[33m[0.905ms] [34;1m[rows:1][0m SELECT count(*) FROM "public"."follows" WHERE follower_id = 1 AND "follows"."deleted_at" IS NULL
2025-08-14T17:54:56: 
2025-08-14T17:54:56: 2025/08/14 17:54:56 [32m/home/ubuntu/unipilot/internal/models/user/follow.go:126
2025-08-14T17:54:56: [0m[33m[0.753ms] [34;1m[rows:1][0m SELECT * FROM "public"."follow_stats" WHERE user_id = 1 AND "follow_stats"."deleted_at" IS NULL ORDER BY "follow_stats"."id" LIMIT 1
2025-08-14T17:54:56: 
2025-08-14T17:54:56: 2025/08/14 17:54:56 [32m/home/ubuntu/unipilot/internal/models/user/follow.go:141
2025-08-14T17:54:56: [0m[33m[4.205ms] [34;1m[rows:1][0m UPDATE "public"."follow_stats" SET "created_at"='2025-08-08 13:42:29.299',"updated_at"='2025-08-14 17:54:56.378',"deleted_at"=NULL,"user_id"=1,"followers_count"=1,"following_count"=0 WHERE "follow_stats"."deleted_at" IS NULL AND "id" = 1
2025-08-14T17:54:56: 
2025-08-14T17:54:56: 2025/08/14 17:54:56 [32m/home/ubuntu/unipilot/internal/models/user/follow.go:98
2025-08-14T17:54:56: [0m[33m[1.842ms] [34;1m[rows:1][0m SELECT "users"."id","users"."created_at","users"."updated_at","users"."deleted_at","users"."username","users"."email","users"."password_hash","users"."avatar","users"."university","users"."is_verified","users"."language","users"."last_sync" FROM "public"."users" JOIN follows ON users.id = follows.follower_id WHERE (follows.followed_id = 1 AND follows.deleted_at is NULL) AND "users"."deleted_at" IS NULL LIMIT 20
2025-08-14T17:54:56: 
2025-08-14T17:54:56: 2025/08/14 17:54:56 [32m/home/ubuntu/unipilot/internal/models/user/follow.go:57
2025-08-14T17:54:56: [0m[33m[2.559ms] [34;1m[rows:1][0m SELECT count(*) FROM "public"."follows" WHERE followed_id = 1 AND "follows"."deleted_at" IS NULL
2025-08-14T17:54:56: 2025/08/14 17:54:56 [INFO] User ID : 1, Total : 1, Followers : [{{3 2025-07-11 03:34:59.874003 -0500 CDT 2025-07-11 03:34:59.874003 -0500 CDT {0001-01-01 00:00:00 +0000 UTC false}} testuser test@example.com $2a$10$hSXbMB48sBxxdyhmnV65BeoYOBTFmzZLHSMa0iv7W1Rttl62vUS7G  Austin Community College false  [] <nil> [] []}]
2025-08-14T17:54:56: 
2025-08-14T17:54:56: 2025/08/14 17:54:56 [32m/home/ubuntu/unipilot/internal/models/user/follow.go:108
2025-08-14T17:54:56: [0m[33m[1.497ms] [34;1m[rows:0][0m SELECT "users"."id","users"."created_at","users"."updated_at","users"."deleted_at","users"."username","users"."email","users"."password_hash","users"."avatar","users"."university","users"."is_verified","users"."language","users"."last_sync" FROM "public"."users" JOIN follows ON users.id = follows.followed_id WHERE (follows.follower_id = 1 AND follows.deleted_at is NULL) AND "users"."deleted_at" IS NULL LIMIT 20
2025-08-14T17:54:56: 
2025-08-14T17:54:56: 2025/08/14 17:54:56 [32m/home/ubuntu/unipilot/internal/models/user/follow.go:64
2025-08-14T17:54:56: [0m[33m[0.684ms] [34;1m[rows:1][0m SELECT count(*) FROM "public"."follows" WHERE follower_id = 1 AND "follows"."deleted_at" IS NULL
2025-08-14T17:57:33: 2025/08/14 17:57:33 [INFO] Client 3 disconnected (context canceled)
2025-08-14T17:57:33: 2025/08/14 17:57:33 [INFO] Removing client 3 (reason: connection closing)
2025-08-14T19:37:48: 2025/08/14 19:37:48 [INFO] SSE connection attempt from 127.0.0.1:50016
2025-08-14T19:37:48: 2025/08/14 19:37:48 [INFO] New SSE user id : 3
2025-08-14T19:37:48: 2025/08/14 19:37:48 [INFO] Active Clients: map[3:0xc00023cea0]
2025-08-14T19:44:09: 2025/08/14 19:44:09 [INFO] course input data local ID : 4 Title: Vidrine, C : Course code: 2025-12-14 Type : FALL 2025 Deadline : 2025-08-25 
2025-08-14T19:44:09: 2025/08/14 19:44:09 [INFO] course input data local ID : SPCH-1311 
2025-08-14T19:44:09: 
2025-08-14T19:44:09: 2025/08/14 19:44:09 [31;1m/home/ubuntu/unipilot/internal/models/course/course.go:41 [35;1mrecord not found
2025-08-14T19:44:09: [0m[33m[2.062ms] [34;1m[rows:0][0m SELECT * FROM "public"."courses" WHERE code = 'SPCH-1311' AND user_id = 3 ORDER BY "courses"."id" LIMIT 1
2025-08-14T19:45:45: 2025/08/14 19:45:45 [INFO] user_id %!s(uint=3) column end_date value 2025-08-14 19:45:21-05:00
2025-08-14T19:45:45: 2025/08/14 19:45:45 [INFO] user_id %!s(uint=3) column start_date value 2025-08-14 19:45:21-05:00
2025-08-14T19:46:27: 2025/08/14 19:46:27 [INFO] user_id %!s(uint=3) column end_date value 2025-12-14 00:00:00-06:00
2025-08-14T19:46:27: 2025/08/14 19:46:27 [INFO] user_id %!s(uint=3) column start_date value 2025-08-25 00:00:00-05:00
2025-08-14T19:47:10: 2025/08/14 19:47:10 [INFO] Client 3 disconnected (context canceled)
2025-08-14T19:47:10: 2025/08/14 19:47:10 [INFO] Removing client 3 (reason: connection closing)
2025-08-14T19:47:16: 2025/08/14 19:47:16 [INFO] SSE connection attempt from 127.0.0.1:50322
2025-08-14T19:47:16: 2025/08/14 19:47:16 [INFO] New SSE user id : 3
2025-08-14T19:47:16: 2025/08/14 19:47:16 [INFO] Active Clients: map[3:0xc0002feab0]
2025-08-14T19:47:31: 2025/08/14 19:47:31 [INFO] Client 3 disconnected (context canceled)
2025-08-14T19:47:31: 2025/08/14 19:47:31 [INFO] Removing client 3 (reason: connection closing)
2025-08-14T19:47:35: 2025/08/14 19:47:35 [INFO] SSE connection attempt from 127.0.0.1:33874
2025-08-14T19:47:35: 2025/08/14 19:47:35 [INFO] New SSE user id : 3
2025-08-14T19:47:35: 2025/08/14 19:47:35 [INFO] Active Clients: map[3:0xc000342450]
2025-08-14T19:55:49: 
2025-08-14T19:55:49: 2025/08/14 19:55:49 [32m/home/ubuntu/unipilot/internal/server/users.go:46
2025-08-14T19:55:49: [0m[33m[2.851ms] [34;1m[rows:2][0m SELECT * FROM "public"."users" WHERE NOT id = 3 AND "users"."deleted_at" IS NULL
2025-08-14T19:55:49: 
2025-08-14T19:55:49: 2025/08/14 19:55:49 [32m/home/ubuntu/unipilot/internal/server/users.go:57
2025-08-14T19:55:49: [0m[33m[2.593ms] [34;1m[rows:10][0m SELECT "code" FROM "public"."courses" WHERE user_id = 1  AND "courses"."deleted_at" IS NULL
2025-08-14T19:55:49: 
2025-08-14T19:55:49: 2025/08/14 19:55:49 [32m/home/ubuntu/unipilot/internal/server/users.go:57
2025-08-14T19:55:49: [0m[33m[2.255ms] [34;1m[rows:0][0m SELECT "code" FROM "public"."courses" WHERE user_id = 19  AND "courses"."deleted_at" IS NULL
2025-08-14T19:55:50: 
2025-08-14T19:55:50: 2025/08/14 19:55:50 [32m/home/ubuntu/unipilot/internal/models/user/follow.go:108
2025-08-14T19:55:50: [0m[33m[1.484ms] [34;1m[rows:0][0m SELECT "users"."id","users"."created_at","users"."updated_at","users"."deleted_at","users"."username","users"."email","users"."password_hash","users"."avatar","users"."university","users"."is_verified","users"."language","users"."last_sync" FROM "public"."users" JOIN follows ON users.id = follows.followed_id WHERE (follows.follower_id = 1 AND follows.deleted_at is NULL) AND "users"."deleted_at" IS NULL LIMIT 20
2025-08-14T19:55:50: 
2025-08-14T19:55:50: 2025/08/14 19:55:50 [32m/home/ubuntu/unipilot/internal/models/user/follow.go:64
2025-08-14T19:55:50: [0m[33m[1.378ms] [34;1m[rows:1][0m SELECT count(*) FROM "public"."follows" WHERE follower_id = 1 AND "follows"."deleted_at" IS NULL
2025-08-14T19:55:50: 
2025-08-14T19:55:50: 2025/08/14 19:55:50 [32m/home/ubuntu/unipilot/internal/models/user/follow.go:108
2025-08-14T19:55:50: [0m[33m[1.542ms] [34;1m[rows:0][0m SELECT "users"."id","users"."created_at","users"."updated_at","users"."deleted_at","users"."username","users"."email","users"."password_hash","users"."avatar","users"."university","users"."is_verified","users"."language","users"."last_sync" FROM "public"."users" JOIN follows ON users.id = follows.followed_id WHERE (follows.follower_id = 19 AND follows.deleted_at is NULL) AND "users"."deleted_at" IS NULL LIMIT 20
2025-08-14T19:55:50: 
2025-08-14T19:55:50: 2025/08/14 19:55:50 [32m/home/ubuntu/unipilot/internal/models/user/follow.go:98
2025-08-14T19:55:50: [0m[33m[2.904ms] [34;1m[rows:1][0m SELECT "users"."id","users"."created_at","users"."updated_at","users"."deleted_at","users"."username","users"."email","users"."password_hash","users"."avatar","users"."university","users"."is_verified","users"."language","users"."last_sync" FROM "public"."users" JOIN follows ON users.id = follows.follower_id WHERE (follows.followed_id = 1 AND follows.deleted_at is NULL) AND "users"."deleted_at" IS NULL LIMIT 20
2025-08-14T19:55:50: 
2025-08-14T19:55:50: 2025/08/14 19:55:50 [32m/home/ubuntu/unipilot/internal/models/user/follow.go:64
2025-08-14T19:55:50: [0m[33m[2.288ms] [34;1m[rows:1][0m SELECT count(*) FROM "public"."follows" WHERE follower_id = 19 AND "follows"."deleted_at" IS NULL
2025-08-14T19:55:50: 
2025-08-14T19:55:50: 2025/08/14 19:55:50 [32m/home/ubuntu/unipilot/internal/models/user/follow.go:57
2025-08-14T19:55:50: [0m[33m[2.334ms] [34;1m[rows:1][0m SELECT count(*) FROM "public"."follows" WHERE followed_id = 1 AND "follows"."deleted_at" IS NULL
2025-08-14T19:55:50: 2025/08/14 19:55:50 [INFO] User ID : 1, Total : 1, Followers : [{{3 2025-07-11 03:34:59.874003 -0500 CDT 2025-07-11 03:34:59.874003 -0500 CDT {0001-01-01 00:00:00 +0000 UTC false}} testuser test@example.com $2a$10$hSXbMB48sBxxdyhmnV65BeoYOBTFmzZLHSMa0iv7W1Rttl62vUS7G  Austin Community College false  [] <nil> [] []}]
2025-08-14T19:55:50: 
2025-08-14T19:55:50: 2025/08/14 19:55:50 [32m/home/ubuntu/unipilot/internal/models/user/follow.go:98
2025-08-14T19:55:50: [0m[33m[37.528ms] [34;1m[rows:0][0m SELECT "users"."id","users"."created_at","users"."updated_at","users"."deleted_at","users"."username","users"."email","users"."password_hash","users"."avatar","users"."university","users"."is_verified","users"."language","users"."last_sync" FROM "public"."users" JOIN follows ON users.id = follows.follower_id WHERE (follows.followed_id = 19 AND follows.deleted_at is NULL) AND "users"."deleted_at" IS NULL LIMIT 20
2025-08-14T19:55:50: 
2025-08-14T19:55:50: 2025/08/14 19:55:50 [32m/home/ubuntu/unipilot/internal/models/user/follow.go:57
2025-08-14T19:55:50: [0m[33m[0.983ms] [34;1m[rows:1][0m SELECT count(*) FROM "public"."follows" WHERE followed_id = 19 AND "follows"."deleted_at" IS NULL
2025-08-14T19:55:50: 2025/08/14 19:55:50 [INFO] User ID : 19, Total : 0, Followers : []
2025-08-14T19:59:41: 2025/08/14 19:59:41 [INFO] Client 3 disconnected (context canceled)
2025-08-14T19:59:41: 2025/08/14 19:59:41 [INFO] Removing client 3 (reason: connection closing)
2025-08-14T19:59:46: 2025/08/14 19:59:46 [INFO] SSE connection attempt from 127.0.0.1:38260
2025-08-14T19:59:46: 2025/08/14 19:59:46 [INFO] New SSE user id : 3
2025-08-14T19:59:46: 2025/08/14 19:59:46 [INFO] Active Clients: map[3:0xc0004099b0]
2025-08-14T20:11:58: 2025/08/14 20:11:58 [INFO] user_id %!s(uint=3) column instructor_email value wfotso21@gmail.com
2025-08-14T20:11:58: 2025/08/14 20:11:58 [INFO] user_id %!s(uint=3) column instructor value Fotso, W
2025-08-14T20:16:15: 2025/08/14 20:16:15 [INFO] user_id %!s(uint=3) column deleted_at value 2025-08-14T20:16:15-05:00
2025-08-14T20:16:16: 2025/08/14 20:16:16 [INFO] user_id %!s(uint=3) column deleted_at value 2025-08-14T20:16:15-05:00
2025-08-14T20:16:16: 2025/08/14 20:16:16 [INFO] user_id %!s(uint=3) column deleted_at value 2025-08-14T20:16:16-05:00
2025-08-14T20:16:16: 2025/08/14 20:16:16 [INFO] user_id %!s(uint=3) column deleted_at value 2025-08-14T20:16:16-05:00
2025-08-14T20:16:16: 2025/08/14 20:16:16 [INFO] user_id %!s(uint=3) column deleted_at value 2025-08-14T20:16:16-05:00
2025-08-14T20:16:16: 2025/08/14 20:16:16 [INFO] user_id %!s(uint=3) column deleted_at value 2025-08-14T20:16:16-05:00
2025-08-14T20:16:16: 2025/08/14 20:16:16 [INFO] user_id %!s(uint=3) column deleted_at value 2025-08-14T20:16:16-05:00
2025-08-14T20:19:46: 
2025-08-14T20:19:46: 2025/08/14 20:19:46 [31;1m/home/ubuntu/unipilot/internal/server/courses.go:41 [35;1mERROR: cached plan must not change result type (SQLSTATE 0A000)
2025-08-14T20:19:46: [0m[33m[1.392ms] [34;1m[rows:0][0m SELECT * FROM "public"."courses" WHERE user_id = 3 AND "courses"."deleted_at" IS NULL
2025-08-14T20:19:46: 2025/08/14 20:19:46 [ERROR] [500] Error getting assignment for user id = 3 : ERROR: cached plan must not change result type (SQLSTATE 0A000)
2025-08-14T20:22:14: 2025/08/14 20:22:14 [INFO] Client 3 disconnected (context canceled)
2025-08-14T20:22:14: 2025/08/14 20:22:14 [INFO] Removing client 3 (reason: connection closing)
