2025-08-21T21:14:50: 2025/08/21 21:14:50 Server listening on :3000...
2025-08-21T21:15:03: 2025/08/21 21:15:03 [INFO] SSE connection attempt from 127.0.0.1:37660
2025-08-21T21:15:03: 2025/08/21 21:15:03 [INFO] New SSE user id : 1
2025-08-21T21:15:03: 2025/08/21 21:15:03 [INFO] Active Clients: map[1:0xc00037b680]
2025-08-21T21:15:03: 2025/08/21 21:15:03 [INFO] User ID : 1, Total : 2, Followers : [{{3 2025-07-11 03:34:59.874003 -0500 CDT 2025-07-11 03:34:59.874003 -0500 CDT {0001-01-01 00:00:00 +0000 UTC false}} testuser test@example.com $2a$10$hSXbMB48sBxxdyhmnV65BeoYOBTFmzZLHSMa0iv7W1Rttl62vUS7G  Austin Community College FALL 2025 junior false  [] <nil> [] []} {{19 2025-08-06 19:38:56.30408 -0500 CDT 2025-08-06 19:38:56.30408 -0500 CDT {0001-01-01 00:00:00 +0000 UTC false}} Will wfotso21@gmail.com $2a$10$C0/9rF6Az4nlFFea5gZYXuFbpggw4ZSzJ6kJnxGz70gbVerFuKbbS  Austin Community College FALL 2025 junior false en [] <nil> [] []}]
2025-08-21T21:16:29: 2025/08/21 21:16:29 [INFO] Client 1 disconnected (context canceled)
2025-08-21T21:16:29: 2025/08/21 21:16:29 [INFO] Removing client 1 (reason: connection closing)
2025-08-21T21:17:34: 2025/08/21 21:17:34 [INFO] SSE connection attempt from 127.0.0.1:42510
2025-08-21T21:17:34: 2025/08/21 21:17:34 [INFO] New SSE user id : 1
2025-08-21T21:17:34: 2025/08/21 21:17:34 [INFO] Active Clients: map[1:0xc000257740]
2025-08-21T21:17:34: 2025/08/21 21:17:34 [INFO] User ID : 1, Total : 2, Followers : [{{3 2025-07-11 03:34:59.874003 -0500 CDT 2025-07-11 03:34:59.874003 -0500 CDT {0001-01-01 00:00:00 +0000 UTC false}} testuser test@example.com $2a$10$hSXbMB48sBxxdyhmnV65BeoYOBTFmzZLHSMa0iv7W1Rttl62vUS7G  Austin Community College FALL 2025 junior false  [] <nil> [] []} {{19 2025-08-06 19:38:56.30408 -0500 CDT 2025-08-06 19:38:56.30408 -0500 CDT {0001-01-01 00:00:00 +0000 UTC false}} Will wfotso21@gmail.com $2a$10$C0/9rF6Az4nlFFea5gZYXuFbpggw4ZSzJ6kJnxGz70gbVerFuKbbS  Austin Community College FALL 2025 junior false en [] <nil> [] []}]
2025-08-21T21:21:24: 2025/08/21 21:21:24 [INFO] User ID : 3, Total : 0, Followers : []
2025-08-21T21:21:24: 2025/08/21 21:21:24 [INFO] User ID : 19, Total : 0, Followers : []
2025-08-21T21:26:00: 2025/08/21 21:26:00 [INFO] Client 1 disconnected (context canceled)
2025-08-21T21:26:00: 2025/08/21 21:26:00 [INFO] Removing client 1 (reason: connection closing)
2025-08-21T21:26:59: 2025/08/21 21:26:59 [INFO] SSE connection attempt from 127.0.0.1:33650
2025-08-21T21:26:59: 2025/08/21 21:26:59 [INFO] New SSE user id : 1
2025-08-21T21:26:59: 2025/08/21 21:26:59 [INFO] Active Clients: map[1:0xc00034b110]
2025-08-21T21:27:00: 2025/08/21 21:27:00 [INFO] User ID : 1, Total : 2, Followers : [{{3 2025-07-11 03:34:59.874003 -0500 CDT 2025-07-11 03:34:59.874003 -0500 CDT {0001-01-01 00:00:00 +0000 UTC false}} testuser test@example.com $2a$10$hSXbMB48sBxxdyhmnV65BeoYOBTFmzZLHSMa0iv7W1Rttl62vUS7G  Austin Community College FALL 2025 junior false  [] <nil> [] []} {{19 2025-08-06 19:38:56.30408 -0500 CDT 2025-08-06 19:38:56.30408 -0500 CDT {0001-01-01 00:00:00 +0000 UTC false}} Will wfotso21@gmail.com $2a$10$C0/9rF6Az4nlFFea5gZYXuFbpggw4ZSzJ6kJnxGz70gbVerFuKbbS  Austin Community College FALL 2025 junior false en [] <nil> [] []}]
2025-08-21T21:27:30: 2025/08/21 21:27:30 [INFO] Client 1 disconnected (context canceled)
2025-08-21T21:27:30: 2025/08/21 21:27:30 [INFO] Removing client 1 (reason: connection closing)
2025-08-21T21:28:29: 2025/08/21 21:28:29 [INFO] SSE connection attempt from 127.0.0.1:47386
2025-08-21T21:28:29: 2025/08/21 21:28:29 [INFO] New SSE user id : 1
2025-08-21T21:28:29: 2025/08/21 21:28:29 [INFO] Active Clients: map[1:0xc000300810]
2025-08-21T21:28:30: 2025/08/21 21:28:30 [INFO] User ID : 1, Total : 2, Followers : [{{3 2025-07-11 03:34:59.874003 -0500 CDT 2025-07-11 03:34:59.874003 -0500 CDT {0001-01-01 00:00:00 +0000 UTC false}} testuser test@example.com $2a$10$hSXbMB48sBxxdyhmnV65BeoYOBTFmzZLHSMa0iv7W1Rttl62vUS7G  Austin Community College FALL 2025 junior false  [] <nil> [] []} {{19 2025-08-06 19:38:56.30408 -0500 CDT 2025-08-06 19:38:56.30408 -0500 CDT {0001-01-01 00:00:00 +0000 UTC false}} Will wfotso21@gmail.com $2a$10$C0/9rF6Az4nlFFea5gZYXuFbpggw4ZSzJ6kJnxGz70gbVerFuKbbS  Austin Community College FALL 2025 junior false en [] <nil> [] []}]
2025-08-21T21:29:07: 2025/08/21 21:29:07 [INFO] user_id 1 assignment 110 column deadline value 2025-08-22 00:00:00-05:00
2025-08-21T21:29:55: 2025/08/21 21:29:55 [INFO] user_id 1 assignment 110 column deadline value 2025-08-04 00:00:00-05:00
2025-08-21T21:30:13: 2025/08/21 21:30:13 [INFO] user_id 1 assignment 110 column deadline value 2025-08-10 00:00:00-05:00
2025-08-21T21:32:12: 2025/08/21 21:32:12 [INFO] User ID : 3, Total : 0, Followers : []
2025-08-21T21:32:12: 2025/08/21 21:32:12 [INFO] User ID : 19, Total : 0, Followers : []
2025-08-21T21:33:12: 2025/08/21 21:33:12 [INFO] Client 1 disconnected (context canceled)
2025-08-21T21:33:12: 2025/08/21 21:33:12 [INFO] Removing client 1 (reason: connection closing)
2025-08-21T23:10:54: 2025/08/21 23:10:54 [INFO] SSE connection attempt from 127.0.0.1:55130
2025-08-21T23:10:54: 2025/08/21 23:10:54 [INFO] New SSE user id : 1
2025-08-21T23:10:54: 2025/08/21 23:10:54 [INFO] Active Clients: map[1:0xc0003c9290]
2025-08-21T23:10:55: 2025/08/21 23:10:55 [INFO] User ID : 1, Total : 2, Followers : [{{3 2025-07-11 03:34:59.874003 -0500 CDT 2025-07-11 03:34:59.874003 -0500 CDT {0001-01-01 00:00:00 +0000 UTC false}} testuser test@example.com $2a$10$hSXbMB48sBxxdyhmnV65BeoYOBTFmzZLHSMa0iv7W1Rttl62vUS7G  Austin Community College FALL 2025 junior false  [] <nil> [] []} {{19 2025-08-06 19:38:56.30408 -0500 CDT 2025-08-06 19:38:56.30408 -0500 CDT {0001-01-01 00:00:00 +0000 UTC false}} Will wfotso21@gmail.com $2a$10$C0/9rF6Az4nlFFea5gZYXuFbpggw4ZSzJ6kJnxGz70gbVerFuKbbS  Austin Community College FALL 2025 junior false en [] <nil> [] []}]
2025-08-21T23:12:56: 2025/08/21 23:12:56 [INFO] User ID : 3, Total : 0, Followers : []
2025-08-21T23:12:56: 2025/08/21 23:12:56 [INFO] User ID : 19, Total : 0, Followers : []
2025-08-21T23:32:39: 2025/08/21 23:32:39 [INFO] user_id 1 column deleted_at value 2025-08-21T23:32:39-05:00
2025-08-21T23:33:50: 2025/08/21 23:33:50 [INFO] Client 1 disconnected (context canceled)
2025-08-21T23:33:50: 2025/08/21 23:33:50 [INFO] Removing client 1 (reason: connection closing)
2025-08-21T23:33:56: 2025/08/21 23:33:56 [INFO] SSE connection attempt from 127.0.0.1:54662
2025-08-21T23:33:56: 2025/08/21 23:33:56 [INFO] New SSE user id : 1
2025-08-21T23:33:56: 2025/08/21 23:33:56 [INFO] Active Clients: map[1:0xc000411260]
2025-08-21T23:33:56: 2025/08/21 23:33:56 [INFO] User ID : 1, Total : 2, Followers : [{{3 2025-07-11 03:34:59.874003 -0500 CDT 2025-07-11 03:34:59.874003 -0500 CDT {0001-01-01 00:00:00 +0000 UTC false}} testuser test@example.com $2a$10$hSXbMB48sBxxdyhmnV65BeoYOBTFmzZLHSMa0iv7W1Rttl62vUS7G  Austin Community College FALL 2025 junior false  [] <nil> [] []} {{19 2025-08-06 19:38:56.30408 -0500 CDT 2025-08-06 19:38:56.30408 -0500 CDT {0001-01-01 00:00:00 +0000 UTC false}} Will wfotso21@gmail.com $2a$10$C0/9rF6Az4nlFFea5gZYXuFbpggw4ZSzJ6kJnxGz70gbVerFuKbbS  Austin Community College FALL 2025 junior false en [] <nil> [] []}]
2025-08-21T23:34:14: 2025/08/21 23:34:14 [INFO] User ID : 19, Total : 0, Followers : []
2025-08-21T23:34:14: 2025/08/21 23:34:14 [INFO] User ID : 3, Total : 0, Followers : []
2025-08-21T23:43:43: 2025/08/21 23:43:43 [INFO] Client 1 disconnected (context canceled)
2025-08-21T23:43:43: 2025/08/21 23:43:43 [INFO] Removing client 1 (reason: connection closing)
2025-08-21T23:44:25: 2025/08/21 23:44:25 [INFO] SSE connection attempt from 127.0.0.1:34172
2025-08-21T23:44:25: 2025/08/21 23:44:25 [INFO] New SSE user id : 1
2025-08-21T23:44:25: 2025/08/21 23:44:25 [INFO] Active Clients: map[1:0xc0003c9ce0]
2025-08-21T23:44:25: 2025/08/21 23:44:25 [INFO] User ID : 1, Total : 2, Followers : [{{3 2025-07-11 03:34:59.874003 -0500 CDT 2025-07-11 03:34:59.874003 -0500 CDT {0001-01-01 00:00:00 +0000 UTC false}} testuser test@example.com $2a$10$hSXbMB48sBxxdyhmnV65BeoYOBTFmzZLHSMa0iv7W1Rttl62vUS7G  Austin Community College FALL 2025 junior false  [] <nil> [] []} {{19 2025-08-06 19:38:56.30408 -0500 CDT 2025-08-06 19:38:56.30408 -0500 CDT {0001-01-01 00:00:00 +0000 UTC false}} Will wfotso21@gmail.com $2a$10$C0/9rF6Az4nlFFea5gZYXuFbpggw4ZSzJ6kJnxGz70gbVerFuKbbS  Austin Community College FALL 2025 junior false en [] <nil> [] []}]
2025-08-21T23:44:40: 2025/08/21 23:44:40 [INFO] User ID : 19, Total : 0, Followers : []
2025-08-21T23:44:40: 2025/08/21 23:44:40 [INFO] User ID : 3, Total : 0, Followers : []
2025-08-21T23:47:08: 2025/08/21 23:47:08 [INFO] user_id 1 assignment 120 column status_name value In progress
2025-08-21T23:47:16: 2025/08/21 23:47:16 [INFO] user_id 1 assignment 120 column status_name value Done
2025-08-21T23:48:57: 2025/08/21 23:48:57 [INFO] Client 1 disconnected (context canceled)
2025-08-21T23:48:57: 2025/08/21 23:48:57 [INFO] Removing client 1 (reason: connection closing)
2025-08-21T23:50:04: 2025/08/21 23:50:04 [INFO] SSE connection attempt from 127.0.0.1:48328
2025-08-21T23:50:04: 2025/08/21 23:50:04 [INFO] New SSE user id : 1
2025-08-21T23:50:04: 2025/08/21 23:50:04 [INFO] Active Clients: map[1:0xc000410930]
2025-08-21T23:50:04: 2025/08/21 23:50:04 [INFO] User ID : 1, Total : 2, Followers : [{{3 2025-07-11 03:34:59.874003 -0500 CDT 2025-07-11 03:34:59.874003 -0500 CDT {0001-01-01 00:00:00 +0000 UTC false}} testuser test@example.com $2a$10$hSXbMB48sBxxdyhmnV65BeoYOBTFmzZLHSMa0iv7W1Rttl62vUS7G  Austin Community College FALL 2025 junior false  [] <nil> [] []} {{19 2025-08-06 19:38:56.30408 -0500 CDT 2025-08-06 19:38:56.30408 -0500 CDT {0001-01-01 00:00:00 +0000 UTC false}} Will wfotso21@gmail.com $2a$10$C0/9rF6Az4nlFFea5gZYXuFbpggw4ZSzJ6kJnxGz70gbVerFuKbbS  Austin Community College FALL 2025 junior false en [] <nil> [] []}]
2025-08-21T23:52:51: 2025/08/21 23:52:51 [INFO] Client 1 disconnected (context canceled)
2025-08-21T23:52:51: 2025/08/21 23:52:51 [INFO] Removing client 1 (reason: connection closing)
2025-08-21T23:54:52: 2025/08/21 23:54:52 [INFO] SSE connection attempt from 127.0.0.1:42586
2025-08-21T23:54:52: 2025/08/21 23:54:52 [INFO] New SSE user id : 1
2025-08-21T23:54:52: 2025/08/21 23:54:52 [INFO] Active Clients: map[1:0xc0003c8810]
2025-08-21T23:54:53: 2025/08/21 23:54:53 [INFO] User ID : 1, Total : 2, Followers : [{{3 2025-07-11 03:34:59.874003 -0500 CDT 2025-07-11 03:34:59.874003 -0500 CDT {0001-01-01 00:00:00 +0000 UTC false}} testuser test@example.com $2a$10$hSXbMB48sBxxdyhmnV65BeoYOBTFmzZLHSMa0iv7W1Rttl62vUS7G  Austin Community College FALL 2025 junior false  [] <nil> [] []} {{19 2025-08-06 19:38:56.30408 -0500 CDT 2025-08-06 19:38:56.30408 -0500 CDT {0001-01-01 00:00:00 +0000 UTC false}} Will wfotso21@gmail.com $2a$10$C0/9rF6Az4nlFFea5gZYXuFbpggw4ZSzJ6kJnxGz70gbVerFuKbbS  Austin Community College FALL 2025 junior false en [] <nil> [] []}]
2025-08-21T23:55:05: 2025/08/21 23:55:05 [INFO] user_id 1 assignment 120 column status_name value Not started
2025-08-21T23:55:09: 2025/08/21 23:55:09 [INFO] user_id 1 assignment 120 column status_name value Done
2025-08-21T23:57:40: 2025/08/21 23:57:40 [INFO] Client 1 disconnected (context canceled)
2025-08-21T23:57:40: 2025/08/21 23:57:40 [INFO] Removing client 1 (reason: connection closing)
2025-08-21T23:58:31: 2025/08/21 23:58:31 [INFO] SSE connection attempt from 127.0.0.1:57744
2025-08-21T23:58:31: 2025/08/21 23:58:31 [INFO] New SSE user id : 1
2025-08-21T23:58:31: 2025/08/21 23:58:31 [INFO] Active Clients: map[1:0xc000333080]
2025-08-21T23:58:32: 2025/08/21 23:58:32 [INFO] User ID : 1, Total : 2, Followers : [{{3 2025-07-11 03:34:59.874003 -0500 CDT 2025-07-11 03:34:59.874003 -0500 CDT {0001-01-01 00:00:00 +0000 UTC false}} testuser test@example.com $2a$10$hSXbMB48sBxxdyhmnV65BeoYOBTFmzZLHSMa0iv7W1Rttl62vUS7G  Austin Community College FALL 2025 junior false  [] <nil> [] []} {{19 2025-08-06 19:38:56.30408 -0500 CDT 2025-08-06 19:38:56.30408 -0500 CDT {0001-01-01 00:00:00 +0000 UTC false}} Will wfotso21@gmail.com $2a$10$C0/9rF6Az4nlFFea5gZYXuFbpggw4ZSzJ6kJnxGz70gbVerFuKbbS  Austin Community College FALL 2025 junior false en [] <nil> [] []}]
2025-08-21T23:59:48: 2025/08/21 23:59:48 [INFO] Client 1 disconnected (context canceled)
2025-08-21T23:59:48: 2025/08/21 23:59:48 [INFO] Removing client 1 (reason: connection closing)
2025-08-22T00:00:44: 2025/08/22 00:00:44 [INFO] SSE connection attempt from 127.0.0.1:55962
2025-08-22T00:00:44: 2025/08/22 00:00:44 [INFO] New SSE user id : 1
2025-08-22T00:00:44: 2025/08/22 00:00:44 [INFO] Active Clients: map[1:0xc000411920]
2025-08-22T00:00:44: 2025/08/22 00:00:44 [INFO] User ID : 1, Total : 2, Followers : [{{3 2025-07-11 03:34:59.874003 -0500 CDT 2025-07-11 03:34:59.874003 -0500 CDT {0001-01-01 00:00:00 +0000 UTC false}} testuser test@example.com $2a$10$hSXbMB48sBxxdyhmnV65BeoYOBTFmzZLHSMa0iv7W1Rttl62vUS7G  Austin Community College FALL 2025 junior false  [] <nil> [] []} {{19 2025-08-06 19:38:56.30408 -0500 CDT 2025-08-06 19:38:56.30408 -0500 CDT {0001-01-01 00:00:00 +0000 UTC false}} Will wfotso21@gmail.com $2a$10$C0/9rF6Az4nlFFea5gZYXuFbpggw4ZSzJ6kJnxGz70gbVerFuKbbS  Austin Community College FALL 2025 junior false en [] <nil> [] []}]
2025-08-22T00:05:16: 2025/08/22 00:05:16 [INFO] Client 1 disconnected (context canceled)
2025-08-22T00:05:16: 2025/08/22 00:05:16 [INFO] Removing client 1 (reason: connection closing)
2025-08-22T00:05:52: 2025/08/22 00:05:52 [INFO] SSE connection attempt from 127.0.0.1:54806
2025-08-22T00:05:52: 2025/08/22 00:05:52 [INFO] New SSE user id : 1
2025-08-22T00:05:52: 2025/08/22 00:05:52 [INFO] Active Clients: map[1:0xc0003c9cb0]
2025-08-22T00:05:52: 2025/08/22 00:05:52 [INFO] User ID : 1, Total : 2, Followers : [{{3 2025-07-11 03:34:59.874003 -0500 CDT 2025-07-11 03:34:59.874003 -0500 CDT {0001-01-01 00:00:00 +0000 UTC false}} testuser test@example.com $2a$10$hSXbMB48sBxxdyhmnV65BeoYOBTFmzZLHSMa0iv7W1Rttl62vUS7G  Austin Community College FALL 2025 junior false  [] <nil> [] []} {{19 2025-08-06 19:38:56.30408 -0500 CDT 2025-08-06 19:38:56.30408 -0500 CDT {0001-01-01 00:00:00 +0000 UTC false}} Will wfotso21@gmail.com $2a$10$C0/9rF6Az4nlFFea5gZYXuFbpggw4ZSzJ6kJnxGz70gbVerFuKbbS  Austin Community College FALL 2025 junior false en [] <nil> [] []}]
2025-08-22T00:07:37: 2025/08/22 00:07:37 [INFO] Client 1 disconnected (context canceled)
2025-08-22T00:07:37: 2025/08/22 00:07:37 [INFO] Removing client 1 (reason: connection closing)
2025-08-22T08:56:52: 2025/08/22 08:56:52 [INFO] SSE connection attempt from 127.0.0.1:36616
2025-08-22T08:56:52: 2025/08/22 08:56:52 [INFO] New SSE user id : 1
2025-08-22T08:56:52: 2025/08/22 08:56:52 [INFO] Active Clients: map[1:0xc000300990]
2025-08-22T08:56:52: 2025/08/22 08:56:52 [INFO] User ID : 1, Total : 2, Followers : [{{3 2025-07-11 03:34:59.874003 -0500 CDT 2025-07-11 03:34:59.874003 -0500 CDT {0001-01-01 00:00:00 +0000 UTC false}} testuser test@example.com $2a$10$hSXbMB48sBxxdyhmnV65BeoYOBTFmzZLHSMa0iv7W1Rttl62vUS7G  Austin Community College FALL 2025 junior false  [] <nil> [] []} {{19 2025-08-06 19:38:56.30408 -0500 CDT 2025-08-06 19:38:56.30408 -0500 CDT {0001-01-01 00:00:00 +0000 UTC false}} Will wfotso21@gmail.com $2a$10$C0/9rF6Az4nlFFea5gZYXuFbpggw4ZSzJ6kJnxGz70gbVerFuKbbS  Austin Community College FALL 2025 junior false en [] <nil> [] []}]
2025-08-22T09:06:23: 2025/08/22 09:06:23 [INFO] User ID : 19, Total : 0, Followers : []
2025-08-22T09:06:23: 2025/08/22 09:06:23 [INFO] User ID : 3, Total : 0, Followers : []
2025-08-22T09:48:22: 2025/08/22 09:48:22 [INFO] User ID : 1, Total : 2, Followers : [{{3 2025-07-11 03:34:59.874003 -0500 CDT 2025-07-11 03:34:59.874003 -0500 CDT {0001-01-01 00:00:00 +0000 UTC false}} testuser test@example.com $2a$10$hSXbMB48sBxxdyhmnV65BeoYOBTFmzZLHSMa0iv7W1Rttl62vUS7G  Austin Community College FALL 2025 junior false  [] <nil> [] []} {{19 2025-08-06 19:38:56.30408 -0500 CDT 2025-08-06 19:38:56.30408 -0500 CDT {0001-01-01 00:00:00 +0000 UTC false}} Will wfotso21@gmail.com $2a$10$C0/9rF6Az4nlFFea5gZYXuFbpggw4ZSzJ6kJnxGz70gbVerFuKbbS  Austin Community College FALL 2025 junior false en [] <nil> [] []}]
2025-08-22T10:00:57: 2025/08/22 10:00:57 [ERROR] [401] Unauthorized - please login
2025-08-22T10:20:44: 2025/08/22 10:20:44 [INFO] User ID : 1, Total : 2, Followers : [{{3 2025-07-11 03:34:59.874003 -0500 CDT 2025-07-11 03:34:59.874003 -0500 CDT {0001-01-01 00:00:00 +0000 UTC false}} testuser test@example.com $2a$10$hSXbMB48sBxxdyhmnV65BeoYOBTFmzZLHSMa0iv7W1Rttl62vUS7G  Austin Community College FALL 2025 junior false  [] <nil> [] []} {{19 2025-08-06 19:38:56.30408 -0500 CDT 2025-08-06 19:38:56.30408 -0500 CDT {0001-01-01 00:00:00 +0000 UTC false}} Will wfotso21@gmail.com $2a$10$C0/9rF6Az4nlFFea5gZYXuFbpggw4ZSzJ6kJnxGz70gbVerFuKbbS  Austin Community College FALL 2025 junior false en [] <nil> [] []}]
2025-08-22T10:33:59: 2025/08/22 10:33:59 Server listening on :3000...
2025-08-22T10:34:04: 2025/08/22 10:34:04 [INFO] SSE connection attempt from 127.0.0.1:39294
2025-08-22T10:34:04: 2025/08/22 10:34:04 [INFO] New SSE user id : 1
2025-08-22T10:34:04: 2025/08/22 10:34:04 [INFO] Active Clients: map[1:0xc000300e70]
2025-08-22T10:51:33: 2025/08/22 10:51:33 Server listening on :3000...
2025-08-22T10:51:38: 2025/08/22 10:51:38 [INFO] SSE connection attempt from 127.0.0.1:33980
2025-08-22T10:51:38: 2025/08/22 10:51:38 [INFO] New SSE user id : 1
2025-08-22T10:51:38: 2025/08/22 10:51:38 [INFO] Active Clients: map[1:0xc000300e70]
2025-08-22T10:52:05: 2025/08/22 10:52:05 [INFO] User ID : 1, Total : 2, Followers : [{{3 2025-07-11 03:34:59.874003 -0500 CDT 2025-07-11 03:34:59.874003 -0500 CDT {0001-01-01 00:00:00 +0000 UTC false}} testuser test@example.com $2a$10$hSXbMB48sBxxdyhmnV65BeoYOBTFmzZLHSMa0iv7W1Rttl62vUS7G  Austin Community College FALL 2025 junior false  [] <nil> [] []} {{19 2025-08-06 19:38:56.30408 -0500 CDT 2025-08-06 19:38:56.30408 -0500 CDT {0001-01-01 00:00:00 +0000 UTC false}} Will wfotso21@gmail.com $2a$10$C0/9rF6Az4nlFFea5gZYXuFbpggw4ZSzJ6kJnxGz70gbVerFuKbbS  Austin Community College FALL 2025 junior false en [] <nil> [] []}]
2025-08-22T10:58:39: 2025/08/22 10:58:39 [INFO] Client 1 disconnected (context canceled)
2025-08-22T10:58:39: 2025/08/22 10:58:39 [INFO] Removing client 1 (reason: connection closing)
2025-08-22T11:06:22: 2025/08/22 11:06:22 [INFO] SSE connection attempt from 127.0.0.1:44132
2025-08-22T11:06:22: 2025/08/22 11:06:22 [INFO] New SSE user id : 1
2025-08-22T11:06:22: 2025/08/22 11:06:22 [INFO] Active Clients: map[1:0xc0003dbc50]
2025-08-22T11:06:22: 2025/08/22 11:06:22 [INFO] User ID : 1, Total : 2, Followers : [{{3 2025-07-11 03:34:59.874003 -0500 CDT 2025-07-11 03:34:59.874003 -0500 CDT {0001-01-01 00:00:00 +0000 UTC false}} testuser test@example.com $2a$10$hSXbMB48sBxxdyhmnV65BeoYOBTFmzZLHSMa0iv7W1Rttl62vUS7G  Austin Community College FALL 2025 junior false  [] <nil> [] []} {{19 2025-08-06 19:38:56.30408 -0500 CDT 2025-08-06 19:38:56.30408 -0500 CDT {0001-01-01 00:00:00 +0000 UTC false}} Will wfotso21@gmail.com $2a$10$C0/9rF6Az4nlFFea5gZYXuFbpggw4ZSzJ6kJnxGz70gbVerFuKbbS  Austin Community College FALL 2025 junior false en [] <nil> [] []}]
2025-08-22T11:12:18: 2025/08/22 11:12:18 [INFO] Client 1 disconnected (context canceled)
2025-08-22T11:12:18: 2025/08/22 11:12:18 [INFO] Removing client 1 (reason: connection closing)
2025-08-22T11:13:38: 2025/08/22 11:13:38 [INFO] SSE connection attempt from 127.0.0.1:57608
2025-08-22T11:13:38: 2025/08/22 11:13:38 [INFO] New SSE user id : 1
2025-08-22T11:13:38: 2025/08/22 11:13:38 [INFO] Active Clients: map[1:0xc0000a7dd0]
2025-08-22T11:13:38: 2025/08/22 11:13:38 [INFO] User ID : 1, Total : 2, Followers : [{{3 2025-07-11 03:34:59.874003 -0500 CDT 2025-07-11 03:34:59.874003 -0500 CDT {0001-01-01 00:00:00 +0000 UTC false}} testuser test@example.com $2a$10$hSXbMB48sBxxdyhmnV65BeoYOBTFmzZLHSMa0iv7W1Rttl62vUS7G  Austin Community College FALL 2025 junior false  [] <nil> [] []} {{19 2025-08-06 19:38:56.30408 -0500 CDT 2025-08-06 19:38:56.30408 -0500 CDT {0001-01-01 00:00:00 +0000 UTC false}} Will wfotso21@gmail.com $2a$10$C0/9rF6Az4nlFFea5gZYXuFbpggw4ZSzJ6kJnxGz70gbVerFuKbbS  Austin Community College FALL 2025 junior false en [] <nil> [] []}]
2025-08-22T11:17:44: 2025/08/22 11:17:44 [INFO] Client 1 disconnected (context canceled)
2025-08-22T11:17:44: 2025/08/22 11:17:44 [INFO] Removing client 1 (reason: connection closing)
2025-08-22T11:18:58: 2025/08/22 11:18:58 [INFO] SSE connection attempt from 127.0.0.1:40314
2025-08-22T11:18:58: 2025/08/22 11:18:58 [INFO] New SSE user id : 1
2025-08-22T11:18:58: 2025/08/22 11:18:58 [INFO] Active Clients: map[1:0xc0003dae10]
2025-08-22T11:18:58: 2025/08/22 11:18:58 [INFO] User ID : 1, Total : 2, Followers : [{{3 2025-07-11 03:34:59.874003 -0500 CDT 2025-07-11 03:34:59.874003 -0500 CDT {0001-01-01 00:00:00 +0000 UTC false}} testuser test@example.com $2a$10$hSXbMB48sBxxdyhmnV65BeoYOBTFmzZLHSMa0iv7W1Rttl62vUS7G  Austin Community College FALL 2025 junior false  [] <nil> [] []} {{19 2025-08-06 19:38:56.30408 -0500 CDT 2025-08-06 19:38:56.30408 -0500 CDT {0001-01-01 00:00:00 +0000 UTC false}} Will wfotso21@gmail.com $2a$10$C0/9rF6Az4nlFFea5gZYXuFbpggw4ZSzJ6kJnxGz70gbVerFuKbbS  Austin Community College FALL 2025 junior false en [] <nil> [] []}]
2025-08-22T11:25:07: 2025/08/22 11:25:07 [INFO] user_id 1 assignment 118 column deadline value 2025-08-22 00:00:00-05:00
2025-08-22T11:25:26: 2025/08/22 11:25:26 [INFO] user_id 1 assignment 118 column status_name value Not started
2025-08-22T11:25:38: 2025/08/22 11:25:38 [INFO] user_id 1 assignment 118 column status_name value In progress
2025-08-22T11:28:57: 2025/08/22 11:28:57 [INFO] Client 1 disconnected (context canceled)
2025-08-22T11:28:57: 2025/08/22 11:28:57 [INFO] Removing client 1 (reason: connection closing)
2025-08-22T11:30:12: 2025/08/22 11:30:12 [INFO] SSE connection attempt from 127.0.0.1:43164
2025-08-22T11:30:12: 2025/08/22 11:30:12 [INFO] New SSE user id : 1
2025-08-22T11:30:12: 2025/08/22 11:30:12 [INFO] Active Clients: map[1:0xc0002f0c60]
2025-08-22T11:30:12: 2025/08/22 11:30:12 [INFO] User ID : 1, Total : 2, Followers : [{{3 2025-07-11 03:34:59.874003 -0500 CDT 2025-07-11 03:34:59.874003 -0500 CDT {0001-01-01 00:00:00 +0000 UTC false}} testuser test@example.com $2a$10$hSXbMB48sBxxdyhmnV65BeoYOBTFmzZLHSMa0iv7W1Rttl62vUS7G  Austin Community College FALL 2025 junior false  [] <nil> [] []} {{19 2025-08-06 19:38:56.30408 -0500 CDT 2025-08-06 19:38:56.30408 -0500 CDT {0001-01-01 00:00:00 +0000 UTC false}} Will wfotso21@gmail.com $2a$10$C0/9rF6Az4nlFFea5gZYXuFbpggw4ZSzJ6kJnxGz70gbVerFuKbbS  Austin Community College FALL 2025 junior false en [] <nil> [] []}]
2025-08-22T11:30:49: 2025/08/22 11:30:49 [INFO] User ID : 19, Total : 0, Followers : []
2025-08-22T11:30:49: 2025/08/22 11:30:49 [INFO] User ID : 3, Total : 0, Followers : []
2025-08-22T11:31:49: 2025/08/22 11:31:49 [INFO] Client 1 disconnected (context canceled)
2025-08-22T11:31:49: 2025/08/22 11:31:49 [INFO] Removing client 1 (reason: connection closing)
2025-08-22T11:32:52: 2025/08/22 11:32:52 [INFO] SSE connection attempt from 127.0.0.1:53848
2025-08-22T11:32:52: 2025/08/22 11:32:52 [INFO] New SSE user id : 1
2025-08-22T11:32:52: 2025/08/22 11:32:52 [INFO] Active Clients: map[1:0xc0003f1d70]
2025-08-22T11:32:52: 2025/08/22 11:32:52 [INFO] User ID : 1, Total : 2, Followers : [{{3 2025-07-11 03:34:59.874003 -0500 CDT 2025-07-11 03:34:59.874003 -0500 CDT {0001-01-01 00:00:00 +0000 UTC false}} testuser test@example.com $2a$10$hSXbMB48sBxxdyhmnV65BeoYOBTFmzZLHSMa0iv7W1Rttl62vUS7G  Austin Community College FALL 2025 junior false  [] <nil> [] []} {{19 2025-08-06 19:38:56.30408 -0500 CDT 2025-08-06 19:38:56.30408 -0500 CDT {0001-01-01 00:00:00 +0000 UTC false}} Will wfotso21@gmail.com $2a$10$C0/9rF6Az4nlFFea5gZYXuFbpggw4ZSzJ6kJnxGz70gbVerFuKbbS  Austin Community College FALL 2025 junior false en [] <nil> [] []}]
2025-08-22T11:34:11: 2025/08/22 11:34:11 [INFO] user_id 1 assignment 118 column status_name value Done
2025-08-22T11:34:20: 2025/08/22 11:34:20 [INFO] user_id 1 assignment 118 column deadline value 2025-08-05 00:00:00-05:00
2025-08-22T11:41:30: 2025/08/22 11:41:30 [INFO] User ID : 3, Total : 0, Followers : []
2025-08-22T11:41:30: 2025/08/22 11:41:30 [INFO] User ID : 19, Total : 0, Followers : []
2025-08-22T11:53:11: 2025/08/22 11:53:11 [INFO] Client 1 disconnected (context canceled)
2025-08-22T11:53:11: 2025/08/22 11:53:11 [INFO] Removing client 1 (reason: connection closing)
2025-08-22T11:57:51: 2025/08/22 11:57:51 [INFO] SSE connection attempt from 127.0.0.1:56740
2025-08-22T11:57:51: 2025/08/22 11:57:51 [INFO] New SSE user id : 1
2025-08-22T11:57:51: 2025/08/22 11:57:51 [INFO] Active Clients: map[1:0xc0002f11d0]
2025-08-22T11:57:51: 2025/08/22 11:57:51 [INFO] User ID : 1, Total : 2, Followers : [{{3 2025-07-11 03:34:59.874003 -0500 CDT 2025-07-11 03:34:59.874003 -0500 CDT {0001-01-01 00:00:00 +0000 UTC false}} testuser test@example.com $2a$10$hSXbMB48sBxxdyhmnV65BeoYOBTFmzZLHSMa0iv7W1Rttl62vUS7G  Austin Community College FALL 2025 junior false  [] <nil> [] []} {{19 2025-08-06 19:38:56.30408 -0500 CDT 2025-08-06 19:38:56.30408 -0500 CDT {0001-01-01 00:00:00 +0000 UTC false}} Will wfotso21@gmail.com $2a$10$C0/9rF6Az4nlFFea5gZYXuFbpggw4ZSzJ6kJnxGz70gbVerFuKbbS  Austin Community College FALL 2025 junior false en [] <nil> [] []}]
2025-08-22T11:58:51: 2025/08/22 11:58:51 [INFO] User ID : 3, Total : 0, Followers : []
2025-08-22T11:58:51: 2025/08/22 11:58:51 [INFO] User ID : 19, Total : 0, Followers : []
2025-08-22T12:07:37: 2025/08/22 12:07:37 [INFO] Client 1 disconnected (context canceled)
2025-08-22T12:07:37: 2025/08/22 12:07:37 [INFO] Removing client 1 (reason: connection closing)
2025-08-22T12:08:16: 2025/08/22 12:08:16 [INFO] SSE connection attempt from 127.0.0.1:56948
2025-08-22T12:08:16: 2025/08/22 12:08:16 [INFO] New SSE user id : 1
2025-08-22T12:08:16: 2025/08/22 12:08:16 [INFO] Active Clients: map[1:0xc0002f1410]
2025-08-22T12:08:16: 2025/08/22 12:08:16 [INFO] User ID : 1, Total : 2, Followers : [{{3 2025-07-11 03:34:59.874003 -0500 CDT 2025-07-11 03:34:59.874003 -0500 CDT {0001-01-01 00:00:00 +0000 UTC false}} testuser test@example.com $2a$10$hSXbMB48sBxxdyhmnV65BeoYOBTFmzZLHSMa0iv7W1Rttl62vUS7G  Austin Community College FALL 2025 junior false  [] <nil> [] []} {{19 2025-08-06 19:38:56.30408 -0500 CDT 2025-08-06 19:38:56.30408 -0500 CDT {0001-01-01 00:00:00 +0000 UTC false}} Will wfotso21@gmail.com $2a$10$C0/9rF6Az4nlFFea5gZYXuFbpggw4ZSzJ6kJnxGz70gbVerFuKbbS  Austin Community College FALL 2025 junior false en [] <nil> [] []}]
2025-08-22T12:11:20: 2025/08/22 12:11:20 [INFO] user_id 1 column deleted_at value 2025-08-22T12:11:19-05:00
2025-08-22T12:11:34: 2025/08/22 12:11:34 [INFO] User ID : 19, Total : 0, Followers : []
2025-08-22T12:11:34: 2025/08/22 12:11:34 [INFO] User ID : 3, Total : 0, Followers : []
2025-08-22T12:22:59: 2025/08/22 12:22:59 [INFO] user_id 1 assignment 118 column status_name value Not started
2025-08-22T12:23:32: 2025/08/22 12:23:32 [INFO] user_id 1 assignment 118 column status_name value Done
2025-08-22T12:23:35: 2025/08/22 12:23:35 [INFO] user_id 1 assignment 118 column status_name value Not started
2025-08-22T12:23:39: 2025/08/22 12:23:39 [INFO] user_id 1 assignment 118 column status_name value Done
2025-08-22T12:25:16: 2025/08/22 12:25:16 [INFO] Client 1 disconnected (context canceled)
2025-08-22T12:25:16: 2025/08/22 12:25:16 [INFO] Removing client 1 (reason: connection closing)
2025-08-22T12:25:48: 2025/08/22 12:25:48 [INFO] SSE connection attempt from 127.0.0.1:52518
2025-08-22T12:25:48: 2025/08/22 12:25:48 [INFO] New SSE user id : 1
2025-08-22T12:25:48: 2025/08/22 12:25:48 [INFO] Active Clients: map[1:0xc0003dbd40]
2025-08-22T12:25:48: 2025/08/22 12:25:48 [INFO] User ID : 1, Total : 2, Followers : [{{3 2025-07-11 03:34:59.874003 -0500 CDT 2025-07-11 03:34:59.874003 -0500 CDT {0001-01-01 00:00:00 +0000 UTC false}} testuser test@example.com $2a$10$hSXbMB48sBxxdyhmnV65BeoYOBTFmzZLHSMa0iv7W1Rttl62vUS7G  Austin Community College FALL 2025 junior false  [] <nil> [] []} {{19 2025-08-06 19:38:56.30408 -0500 CDT 2025-08-06 19:38:56.30408 -0500 CDT {0001-01-01 00:00:00 +0000 UTC false}} Will wfotso21@gmail.com $2a$10$C0/9rF6Az4nlFFea5gZYXuFbpggw4ZSzJ6kJnxGz70gbVerFuKbbS  Austin Community College FALL 2025 junior false en [] <nil> [] []}]
2025-08-22T12:48:01: 2025/08/22 12:48:01 [INFO] Client 1 disconnected (context canceled)
2025-08-22T12:48:01: 2025/08/22 12:48:01 [INFO] Removing client 1 (reason: connection closing)
2025-08-22T16:09:30: 2025/08/22 16:09:30 [INFO] SSE connection attempt from 127.0.0.1:55718
2025-08-22T16:09:30: 2025/08/22 16:09:30 [INFO] New SSE user id : 1
2025-08-22T16:09:30: 2025/08/22 16:09:30 [INFO] Active Clients: map[1:0xc0002f11d0]
2025-08-22T16:09:30: 2025/08/22 16:09:30 [INFO] User ID : 1, Total : 2, Followers : [{{3 2025-07-11 03:34:59.874003 -0500 CDT 2025-07-11 03:34:59.874003 -0500 CDT {0001-01-01 00:00:00 +0000 UTC false}} testuser test@example.com $2a$10$hSXbMB48sBxxdyhmnV65BeoYOBTFmzZLHSMa0iv7W1Rttl62vUS7G  Austin Community College FALL 2025 junior false  [] <nil> [] []} {{19 2025-08-06 19:38:56.30408 -0500 CDT 2025-08-06 19:38:56.30408 -0500 CDT {0001-01-01 00:00:00 +0000 UTC false}} Will wfotso21@gmail.com $2a$10$C0/9rF6Az4nlFFea5gZYXuFbpggw4ZSzJ6kJnxGz70gbVerFuKbbS  Austin Community College FALL 2025 junior false en [] <nil> [] []}]
2025-08-22T16:40:48: 2025/08/22 16:40:48 [INFO] User ID : 1, Total : 2, Followers : [{{3 2025-07-11 03:34:59.874003 -0500 CDT 2025-07-11 03:34:59.874003 -0500 CDT {0001-01-01 00:00:00 +0000 UTC false}} testuser test@example.com $2a$10$hSXbMB48sBxxdyhmnV65BeoYOBTFmzZLHSMa0iv7W1Rttl62vUS7G  Austin Community College FALL 2025 junior false  [] <nil> [] []} {{19 2025-08-06 19:38:56.30408 -0500 CDT 2025-08-06 19:38:56.30408 -0500 CDT {0001-01-01 00:00:00 +0000 UTC false}} Will wfotso21@gmail.com $2a$10$C0/9rF6Az4nlFFea5gZYXuFbpggw4ZSzJ6kJnxGz70gbVerFuKbbS  Austin Community College FALL 2025 junior false en [] <nil> [] []}]
2025-08-22T17:16:42: 2025/08/22 17:16:42 [INFO] User ID : 1, Total : 2, Followers : [{{3 2025-07-11 03:34:59.874003 -0500 CDT 2025-07-11 03:34:59.874003 -0500 CDT {0001-01-01 00:00:00 +0000 UTC false}} testuser test@example.com $2a$10$hSXbMB48sBxxdyhmnV65BeoYOBTFmzZLHSMa0iv7W1Rttl62vUS7G  Austin Community College FALL 2025 junior false  [] <nil> [] []} {{19 2025-08-06 19:38:56.30408 -0500 CDT 2025-08-06 19:38:56.30408 -0500 CDT {0001-01-01 00:00:00 +0000 UTC false}} Will wfotso21@gmail.com $2a$10$C0/9rF6Az4nlFFea5gZYXuFbpggw4ZSzJ6kJnxGz70gbVerFuKbbS  Austin Community College FALL 2025 junior false en [] <nil> [] []}]
2025-08-22T17:23:00: 2025/08/22 17:23:00 [INFO] Client 1 disconnected (context canceled)
2025-08-22T17:23:00: 2025/08/22 17:23:00 [INFO] Removing client 1 (reason: connection closing)
2025-08-22T17:23:21: 2025/08/22 17:23:21 [INFO] SSE connection attempt from 127.0.0.1:57344
2025-08-22T17:23:21: 2025/08/22 17:23:21 [INFO] New SSE user id : 19
2025-08-22T17:23:21: 2025/08/22 17:23:21 [INFO] Active Clients: map[19:0xc0003b3470]
2025-08-22T17:23:21: 2025/08/22 17:23:21 [INFO] User ID : 19, Total : 0, Followers : []
2025-08-22T17:25:21: 2025/08/22 17:25:21 [INFO] Client 19 disconnected (context canceled)
2025-08-22T17:25:21: 2025/08/22 17:25:21 [INFO] Removing client 19 (reason: connection closing)
2025-08-22T17:25:24: 2025/08/22 17:25:24 [INFO] SSE connection attempt from 127.0.0.1:45000
2025-08-22T17:25:24: 2025/08/22 17:25:24 [INFO] New SSE user id : 19
2025-08-22T17:25:24: 2025/08/22 17:25:24 [INFO] Active Clients: map[19:0xc0002f0de0]
2025-08-22T17:25:24: 2025/08/22 17:25:24 [INFO] User ID : 19, Total : 0, Followers : []
2025-08-22T17:26:17: 2025/08/22 17:26:17 [INFO] User ID : 3, Total : 0, Followers : []
2025-08-22T17:26:17: 2025/08/22 17:26:17 [INFO] User ID : 1, Total : 2, Followers : [{{3 2025-07-11 03:34:59.874003 -0500 CDT 2025-07-11 03:34:59.874003 -0500 CDT {0001-01-01 00:00:00 +0000 UTC false}} testuser test@example.com $2a$10$hSXbMB48sBxxdyhmnV65BeoYOBTFmzZLHSMa0iv7W1Rttl62vUS7G  Austin Community College FALL 2025 junior false  [] <nil> [] []} {{19 2025-08-06 19:38:56.30408 -0500 CDT 2025-08-06 19:38:56.30408 -0500 CDT {0001-01-01 00:00:00 +0000 UTC false}} Will wfotso21@gmail.com $2a$10$C0/9rF6Az4nlFFea5gZYXuFbpggw4ZSzJ6kJnxGz70gbVerFuKbbS  Austin Community College FALL 2025 junior false en [] <nil> [] []}]
2025-08-22T17:30:48: 2025/08/22 17:30:48 [INFO] Client 19 disconnected (context canceled)
2025-08-22T17:30:48: 2025/08/22 17:30:48 [INFO] Removing client 19 (reason: connection closing)
2025-08-22T17:31:55: 2025/08/22 17:31:55 [INFO] SSE connection attempt from 127.0.0.1:58388
2025-08-22T17:31:55: 2025/08/22 17:31:55 [INFO] New SSE user id : 19
2025-08-22T17:31:55: 2025/08/22 17:31:55 [INFO] Active Clients: map[19:0xc0002f0960]
2025-08-22T17:31:56: 2025/08/22 17:31:56 [INFO] User ID : 19, Total : 0, Followers : []
2025-08-22T17:32:01: 2025/08/22 17:32:01 [INFO] Client 19 disconnected (context canceled)
2025-08-22T17:32:01: 2025/08/22 17:32:01 [INFO] Removing client 19 (reason: connection closing)
2025-08-22T17:32:02: 2025/08/22 17:32:02 [INFO] User ID : 19, Total : 0, Followers : []
2025-08-22T17:32:34: 2025/08/22 17:32:34 [ERROR] [401] Unauthorized - please login
2025-08-22T17:32:34: 2025/08/22 17:32:34 [ERROR] [401] Unauthorized - please login
2025-08-22T17:32:35: 2025/08/22 17:32:35 [ERROR] [401] Unauthorized - please login
2025-08-22T17:32:37: 2025/08/22 17:32:37 [ERROR] [401] Unauthorized - please login
2025-08-22T17:32:41: 2025/08/22 17:32:41 [ERROR] [401] Unauthorized - please login
2025-08-22T17:32:43: 2025/08/22 17:32:43 [ERROR] [401] Unauthorized - please login
2025-08-22T17:32:45: 2025/08/22 17:32:45 [ERROR] [401] Unauthorized - please login
2025-08-22T17:32:59: 2025/08/22 17:32:59 [INFO] SSE connection attempt from 127.0.0.1:56884
2025-08-22T17:32:59: 2025/08/22 17:32:59 [INFO] New SSE user id : 1
2025-08-22T17:32:59: 2025/08/22 17:32:59 [INFO] Active Clients: map[1:0xc000300720]
2025-08-22T17:32:59: 2025/08/22 17:32:59 [INFO] User ID : 1, Total : 2, Followers : [{{3 2025-07-11 03:34:59.874003 -0500 CDT 2025-07-11 03:34:59.874003 -0500 CDT {0001-01-01 00:00:00 +0000 UTC false}} testuser test@example.com $2a$10$hSXbMB48sBxxdyhmnV65BeoYOBTFmzZLHSMa0iv7W1Rttl62vUS7G  Austin Community College FALL 2025 junior false  [] <nil> [] []} {{19 2025-08-06 19:38:56.30408 -0500 CDT 2025-08-06 19:38:56.30408 -0500 CDT {0001-01-01 00:00:00 +0000 UTC false}} Will wfotso21@gmail.com $2a$10$C0/9rF6Az4nlFFea5gZYXuFbpggw4ZSzJ6kJnxGz70gbVerFuKbbS  Austin Community College FALL 2025 junior false en [] <nil> [] []}]
2025-08-22T17:32:59: 2025/08/22 17:32:59 [INFO] User ID : 1, Total : 2, Followers : [{{3 2025-07-11 03:34:59.874003 -0500 CDT 2025-07-11 03:34:59.874003 -0500 CDT {0001-01-01 00:00:00 +0000 UTC false}} testuser test@example.com $2a$10$hSXbMB48sBxxdyhmnV65BeoYOBTFmzZLHSMa0iv7W1Rttl62vUS7G  Austin Community College FALL 2025 junior false  [] <nil> [] []} {{19 2025-08-06 19:38:56.30408 -0500 CDT 2025-08-06 19:38:56.30408 -0500 CDT {0001-01-01 00:00:00 +0000 UTC false}} Will wfotso21@gmail.com $2a$10$C0/9rF6Az4nlFFea5gZYXuFbpggw4ZSzJ6kJnxGz70gbVerFuKbbS  Austin Community College FALL 2025 junior false en [] <nil> [] []}]
2025-08-22T17:33:09: 2025/08/22 17:33:09 [INFO] User ID : 3, Total : 0, Followers : []
2025-08-22T17:33:09: 2025/08/22 17:33:09 [INFO] User ID : 19, Total : 0, Followers : []
2025-08-22T17:47:02: 2025/08/22 17:47:02 [INFO] Client 1 disconnected (context canceled)
2025-08-22T17:47:02: 2025/08/22 17:47:02 [INFO] Removing client 1 (reason: connection closing)
2025-08-22T17:47:24: 2025/08/22 17:47:24 [INFO] SSE connection attempt from 127.0.0.1:40896
2025-08-22T17:47:24: 2025/08/22 17:47:24 [INFO] New SSE user id : 19
2025-08-22T17:47:24: 2025/08/22 17:47:24 [INFO] Active Clients: map[19:0xc0002f01e0]
2025-08-22T17:47:24: 2025/08/22 17:47:24 [INFO] User ID : 19, Total : 0, Followers : []
2025-08-22T18:50:04: 2025/08/22 18:50:04 [INFO] Client 19 disconnected (context canceled)
2025-08-22T18:50:04: 2025/08/22 18:50:04 [INFO] Removing client 19 (reason: connection closing)
2025-08-22T18:52:27: 2025/08/22 18:52:27 [INFO] SSE connection attempt from 127.0.0.1:52178
2025-08-22T18:52:27: 2025/08/22 18:52:27 [INFO] New SSE user id : 19
2025-08-22T18:52:27: 2025/08/22 18:52:27 [INFO] Active Clients: map[19:0xc0003f1da0]
2025-08-22T19:09:15: 2025/08/22 19:09:15 [INFO] Client 19 disconnected (context canceled)
2025-08-22T19:09:15: 2025/08/22 19:09:15 [INFO] Removing client 19 (reason: connection closing)
2025-08-22T20:51:08: 2025/08/22 20:51:08 [INFO] SSE connection attempt from 127.0.0.1:56678
2025-08-22T20:51:08: 2025/08/22 20:51:08 [INFO] New SSE user id : 19
2025-08-22T20:51:08: 2025/08/22 20:51:08 [INFO] Active Clients: map[19:0xc0003a2ed0]
2025-08-22T20:58:55: 2025/08/22 20:58:55 [INFO] User ID : 19, Total : 0, Followers : []
2025-08-22T20:58:55: 2025/08/22 20:58:55 [INFO] User ID : 3, Total : 0, Followers : []
2025-08-22T20:58:55: 2025/08/22 20:58:55 [INFO] User ID : 1, Total : 2, Followers : [{{3 2025-07-11 03:34:59.874003 -0500 CDT 2025-07-11 03:34:59.874003 -0500 CDT {0001-01-01 00:00:00 +0000 UTC false}} testuser test@example.com $2a$10$hSXbMB48sBxxdyhmnV65BeoYOBTFmzZLHSMa0iv7W1Rttl62vUS7G  Austin Community College FALL 2025 junior false  [] <nil> [] []} {{19 2025-08-06 19:38:56.30408 -0500 CDT 2025-08-06 19:38:56.30408 -0500 CDT {0001-01-01 00:00:00 +0000 UTC false}} Will wfotso21@gmail.com $2a$10$C0/9rF6Az4nlFFea5gZYXuFbpggw4ZSzJ6kJnxGz70gbVerFuKbbS  Austin Community College FALL 2025 junior false en [] <nil> [] []}]
2025-08-22T21:02:21: 2025/08/22 21:02:21 [INFO] Client 19 disconnected (context canceled)
2025-08-22T21:02:21: 2025/08/22 21:02:21 [INFO] Removing client 19 (reason: connection closing)
2025-08-22T21:03:18: 2025/08/22 21:03:18 [INFO] SSE connection attempt from 127.0.0.1:53972
2025-08-22T21:03:18: 2025/08/22 21:03:18 [INFO] New SSE user id : 19
2025-08-22T21:03:18: 2025/08/22 21:03:18 [INFO] Active Clients: map[19:0xc0001892c0]
2025-08-22T21:03:19: 2025/08/22 21:03:19 [INFO] User ID : 19, Total : 0, Followers : []
2025-08-22T21:05:37: 2025/08/22 21:05:37 [INFO] User ID : 1, Total : 2, Followers : [{{3 2025-07-11 03:34:59.874003 -0500 CDT 2025-07-11 03:34:59.874003 -0500 CDT {0001-01-01 00:00:00 +0000 UTC false}} testuser test@example.com $2a$10$hSXbMB48sBxxdyhmnV65BeoYOBTFmzZLHSMa0iv7W1Rttl62vUS7G  Austin Community College FALL 2025 junior false  [] <nil> [] []} {{19 2025-08-06 19:38:56.30408 -0500 CDT 2025-08-06 19:38:56.30408 -0500 CDT {0001-01-01 00:00:00 +0000 UTC false}} Will wfotso21@gmail.com $2a$10$C0/9rF6Az4nlFFea5gZYXuFbpggw4ZSzJ6kJnxGz70gbVerFuKbbS  Austin Community College FALL 2025 junior false en [] <nil> [] []}]
2025-08-22T21:05:37: 2025/08/22 21:05:37 [INFO] User ID : 3, Total : 0, Followers : []
2025-08-22T21:15:09: 2025/08/22 21:15:09 [INFO] Client 19 disconnected (context canceled)
2025-08-22T21:15:09: 2025/08/22 21:15:09 [INFO] Removing client 19 (reason: connection closing)
2025-08-22T21:15:41: 2025/08/22 21:15:41 [INFO] SSE connection attempt from 127.0.0.1:50176
2025-08-22T21:15:41: 2025/08/22 21:15:41 [INFO] New SSE user id : 19
2025-08-22T21:15:41: 2025/08/22 21:15:41 [INFO] Active Clients: map[19:0xc0002f1ec0]
2025-08-22T21:15:42: 2025/08/22 21:15:42 [INFO] User ID : 19, Total : 0, Followers : []
2025-08-22T21:21:38: 2025/08/22 21:21:38 [INFO] User ID : 1, Total : 2, Followers : [{{3 2025-07-11 03:34:59.874003 -0500 CDT 2025-07-11 03:34:59.874003 -0500 CDT {0001-01-01 00:00:00 +0000 UTC false}} testuser test@example.com $2a$10$hSXbMB48sBxxdyhmnV65BeoYOBTFmzZLHSMa0iv7W1Rttl62vUS7G  Austin Community College FALL 2025 junior false  [] <nil> [] []} {{19 2025-08-06 19:38:56.30408 -0500 CDT 2025-08-06 19:38:56.30408 -0500 CDT {0001-01-01 00:00:00 +0000 UTC false}} Will wfotso21@gmail.com $2a$10$C0/9rF6Az4nlFFea5gZYXuFbpggw4ZSzJ6kJnxGz70gbVerFuKbbS  Austin Community College FALL 2025 junior false en [] <nil> [] []}]
2025-08-22T21:21:38: 2025/08/22 21:21:38 [INFO] User ID : 3, Total : 0, Followers : []
2025-08-22T21:22:36: 2025/08/22 21:22:36 [INFO] Client 19 disconnected (context canceled)
2025-08-22T21:22:36: 2025/08/22 21:22:36 [INFO] Removing client 19 (reason: connection closing)
2025-08-22T21:24:41: 2025/08/22 21:24:41 [INFO] SSE connection attempt from 127.0.0.1:42918
2025-08-22T21:24:41: 2025/08/22 21:24:41 [INFO] New SSE user id : 19
2025-08-22T21:24:41: 2025/08/22 21:24:41 [INFO] Active Clients: map[19:0xc0003dbe30]
2025-08-22T21:24:42: 2025/08/22 21:24:42 [INFO] User ID : 19, Total : 0, Followers : []
2025-08-22T21:27:04: 2025/08/22 21:27:04 [INFO] User ID : 1, Total : 2, Followers : [{{3 2025-07-11 03:34:59.874003 -0500 CDT 2025-07-11 03:34:59.874003 -0500 CDT {0001-01-01 00:00:00 +0000 UTC false}} testuser test@example.com $2a$10$hSXbMB48sBxxdyhmnV65BeoYOBTFmzZLHSMa0iv7W1Rttl62vUS7G  Austin Community College FALL 2025 junior false  [] <nil> [] []} {{19 2025-08-06 19:38:56.30408 -0500 CDT 2025-08-06 19:38:56.30408 -0500 CDT {0001-01-01 00:00:00 +0000 UTC false}} Will wfotso21@gmail.com $2a$10$C0/9rF6Az4nlFFea5gZYXuFbpggw4ZSzJ6kJnxGz70gbVerFuKbbS  Austin Community College FALL 2025 junior false en [] <nil> [] []}]
2025-08-22T21:27:04: 2025/08/22 21:27:04 [INFO] User ID : 3, Total : 0, Followers : []
2025-08-22T21:33:16: 2025/08/22 21:33:16 [INFO] Client 19 disconnected (context canceled)
2025-08-22T21:33:16: 2025/08/22 21:33:16 [INFO] Removing client 19 (reason: connection closing)
2025-08-22T21:33:51: 2025/08/22 21:33:51 [INFO] SSE connection attempt from 127.0.0.1:59188
2025-08-22T21:33:51: 2025/08/22 21:33:51 [INFO] New SSE user id : 19
2025-08-22T21:33:51: 2025/08/22 21:33:51 [INFO] Active Clients: map[19:0xc0003b3a10]
2025-08-22T21:33:52: 2025/08/22 21:33:52 [INFO] User ID : 19, Total : 0, Followers : []
2025-08-22T21:37:18: 2025/08/22 21:37:18 [INFO] Client 19 disconnected (context canceled)
2025-08-22T21:37:18: 2025/08/22 21:37:18 [INFO] Removing client 19 (reason: connection closing)
2025-08-22T21:38:07: 2025/08/22 21:38:07 [INFO] SSE connection attempt from 127.0.0.1:50446
2025-08-22T21:38:07: 2025/08/22 21:38:07 [INFO] New SSE user id : 19
2025-08-22T21:38:07: 2025/08/22 21:38:07 [INFO] Active Clients: map[19:0xc0003db260]
2025-08-22T21:38:07: 2025/08/22 21:38:07 [INFO] User ID : 19, Total : 0, Followers : []
2025-08-22T21:40:31: 2025/08/22 21:40:31 [INFO] Client 19 disconnected (context canceled)
2025-08-22T21:40:31: 2025/08/22 21:40:31 [INFO] Removing client 19 (reason: connection closing)
2025-08-22T21:41:09: 2025/08/22 21:41:09 [INFO] SSE connection attempt from 127.0.0.1:39770
2025-08-22T21:41:09: 2025/08/22 21:41:09 [INFO] New SSE user id : 19
2025-08-22T21:41:09: 2025/08/22 21:41:09 [INFO] Active Clients: map[19:0xc0003db800]
2025-08-22T21:41:10: 2025/08/22 21:41:10 [INFO] User ID : 19, Total : 0, Followers : []
2025-08-22T21:42:44: 2025/08/22 21:42:44 [INFO] Client 19 disconnected (context canceled)
2025-08-22T21:42:44: 2025/08/22 21:42:44 [INFO] Removing client 19 (reason: connection closing)
2025-08-22T21:43:19: 2025/08/22 21:43:19 [INFO] SSE connection attempt from 127.0.0.1:44358
2025-08-22T21:43:19: 2025/08/22 21:43:19 [INFO] New SSE user id : 19
2025-08-22T21:43:19: 2025/08/22 21:43:19 [INFO] Active Clients: map[19:0xc00015f200]
2025-08-22T21:43:19: 2025/08/22 21:43:19 [INFO] User ID : 19, Total : 0, Followers : []
2025-08-22T21:43:54: 2025/08/22 21:43:54 [INFO] Client 19 disconnected (context canceled)
2025-08-22T21:43:54: 2025/08/22 21:43:54 [INFO] Removing client 19 (reason: connection closing)
2025-08-22T21:44:45: 2025/08/22 21:44:45 [INFO] SSE connection attempt from 127.0.0.1:37344
2025-08-22T21:44:45: 2025/08/22 21:44:45 [INFO] New SSE user id : 19
2025-08-22T21:44:45: 2025/08/22 21:44:45 [INFO] Active Clients: map[19:0xc0003b2d20]
2025-08-22T21:44:45: 2025/08/22 21:44:45 [INFO] User ID : 19, Total : 0, Followers : []
2025-08-22T21:48:12: 2025/08/22 21:48:12 [INFO] Client 19 disconnected (context canceled)
2025-08-22T21:48:12: 2025/08/22 21:48:12 [INFO] Removing client 19 (reason: connection closing)
2025-08-22T21:48:59: 2025/08/22 21:48:59 [INFO] SSE connection attempt from 127.0.0.1:53790
2025-08-22T21:48:59: 2025/08/22 21:48:59 [INFO] New SSE user id : 19
2025-08-22T21:48:59: 2025/08/22 21:48:59 [INFO] Active Clients: map[19:0xc0003dbda0]
2025-08-22T21:49:00: 2025/08/22 21:49:00 [INFO] User ID : 19, Total : 0, Followers : []
2025-08-22T21:50:45: 2025/08/22 21:50:45 [INFO] Client 19 disconnected (context canceled)
2025-08-22T21:50:45: 2025/08/22 21:50:45 [INFO] Removing client 19 (reason: connection closing)
2025-08-22T21:51:53: 2025/08/22 21:51:53 [INFO] SSE connection attempt from 127.0.0.1:47698
2025-08-22T21:51:53: 2025/08/22 21:51:53 [INFO] New SSE user id : 19
2025-08-22T21:51:53: 2025/08/22 21:51:53 [INFO] Active Clients: map[19:0xc0003b3dd0]
2025-08-22T21:51:54: 2025/08/22 21:51:54 [INFO] User ID : 19, Total : 0, Followers : []
2025-08-22T21:54:33: 2025/08/22 21:54:33 [INFO] Client 19 disconnected (context canceled)
2025-08-22T21:54:33: 2025/08/22 21:54:33 [INFO] Removing client 19 (reason: connection closing)
2025-08-22T21:55:50: 2025/08/22 21:55:50 [INFO] SSE connection attempt from 127.0.0.1:38688
2025-08-22T21:55:50: 2025/08/22 21:55:50 [INFO] New SSE user id : 19
2025-08-22T21:55:50: 2025/08/22 21:55:50 [INFO] Active Clients: map[19:0xc0002f08a0]
2025-08-22T21:55:51: 2025/08/22 21:55:51 [INFO] User ID : 19, Total : 0, Followers : []
2025-08-22T21:56:15: 2025/08/22 21:56:15 [INFO] Client 19 disconnected (context canceled)
2025-08-22T21:56:15: 2025/08/22 21:56:15 [INFO] Removing client 19 (reason: connection closing)
2025-08-22T21:56:35: 2025/08/22 21:56:35 [INFO] SSE connection attempt from 127.0.0.1:58830
2025-08-22T21:56:35: 2025/08/22 21:56:35 [INFO] New SSE user id : 1
2025-08-22T21:56:35: 2025/08/22 21:56:35 [INFO] Active Clients: map[1:0xc0002f1860]
2025-08-22T21:56:35: 2025/08/22 21:56:35 [INFO] User ID : 1, Total : 2, Followers : [{{3 2025-07-11 03:34:59.874003 -0500 CDT 2025-07-11 03:34:59.874003 -0500 CDT {0001-01-01 00:00:00 +0000 UTC false}} testuser test@example.com $2a$10$hSXbMB48sBxxdyhmnV65BeoYOBTFmzZLHSMa0iv7W1Rttl62vUS7G  Austin Community College FALL 2025 junior false  [] <nil> [] []} {{19 2025-08-06 19:38:56.30408 -0500 CDT 2025-08-06 19:38:56.30408 -0500 CDT {0001-01-01 00:00:00 +0000 UTC false}} Will wfotso21@gmail.com $2a$10$C0/9rF6Az4nlFFea5gZYXuFbpggw4ZSzJ6kJnxGz70gbVerFuKbbS  Austin Community College FALL 2025 junior false en [] <nil> [] []}]
2025-08-22T21:57:05: 2025/08/22 21:57:05 [INFO] User ID : 3, Total : 0, Followers : []
2025-08-22T22:01:02: 2025/08/22 22:01:02 [INFO] Client 1 disconnected (context canceled)
2025-08-22T22:01:02: 2025/08/22 22:01:02 [INFO] Removing client 1 (reason: connection closing)
2025-08-22T22:01:39: 2025/08/22 22:01:39 [INFO] SSE connection attempt from 127.0.0.1:43942
2025-08-22T22:01:39: 2025/08/22 22:01:39 [INFO] New SSE user id : 1
2025-08-22T22:01:39: 2025/08/22 22:01:39 [INFO] Active Clients: map[1:0xc000189500]
2025-08-22T22:01:40: 2025/08/22 22:01:40 [INFO] User ID : 1, Total : 2, Followers : [{{3 2025-07-11 03:34:59.874003 -0500 CDT 2025-07-11 03:34:59.874003 -0500 CDT {0001-01-01 00:00:00 +0000 UTC false}} testuser test@example.com $2a$10$hSXbMB48sBxxdyhmnV65BeoYOBTFmzZLHSMa0iv7W1Rttl62vUS7G  Austin Community College FALL 2025 junior false  [] <nil> [] []} {{19 2025-08-06 19:38:56.30408 -0500 CDT 2025-08-06 19:38:56.30408 -0500 CDT {0001-01-01 00:00:00 +0000 UTC false}} Will wfotso21@gmail.com $2a$10$C0/9rF6Az4nlFFea5gZYXuFbpggw4ZSzJ6kJnxGz70gbVerFuKbbS  Austin Community College FALL 2025 junior false en [] <nil> [] []}]
2025-08-22T22:03:04: 2025/08/22 22:03:04 [INFO] User ID : 19, Total : 0, Followers : []
2025-08-22T22:03:04: 2025/08/22 22:03:04 [INFO] User ID : 3, Total : 0, Followers : []
2025-08-22T22:19:02: 2025/08/22 22:19:02 [INFO] Client 1 disconnected (context canceled)
2025-08-22T22:19:02: 2025/08/22 22:19:02 [INFO] Removing client 1 (reason: connection closing)
2025-08-22T22:19:40: 2025/08/22 22:19:40 [INFO] SSE connection attempt from 127.0.0.1:51116
2025-08-22T22:19:40: 2025/08/22 22:19:40 [INFO] New SSE user id : 1
2025-08-22T22:19:40: 2025/08/22 22:19:40 [INFO] Active Clients: map[1:0xc0003da360]
2025-08-22T22:19:40: 2025/08/22 22:19:40 [INFO] User ID : 1, Total : 2, Followers : [{{3 2025-07-11 03:34:59.874003 -0500 CDT 2025-07-11 03:34:59.874003 -0500 CDT {0001-01-01 00:00:00 +0000 UTC false}} testuser test@example.com $2a$10$hSXbMB48sBxxdyhmnV65BeoYOBTFmzZLHSMa0iv7W1Rttl62vUS7G  Austin Community College FALL 2025 junior false  [] <nil> [] []} {{19 2025-08-06 19:38:56.30408 -0500 CDT 2025-08-06 19:38:56.30408 -0500 CDT {0001-01-01 00:00:00 +0000 UTC false}} Will wfotso21@gmail.com $2a$10$C0/9rF6Az4nlFFea5gZYXuFbpggw4ZSzJ6kJnxGz70gbVerFuKbbS  Austin Community College FALL 2025 junior false en [] <nil> [] []}]
2025-08-22T22:24:29: 2025/08/22 22:24:29 [INFO] Client 1 disconnected (context canceled)
2025-08-22T22:24:29: 2025/08/22 22:24:29 [INFO] Removing client 1 (reason: connection closing)
2025-08-22T22:25:14: 2025/08/22 22:25:14 [INFO] SSE connection attempt from 127.0.0.1:44794
2025-08-22T22:25:14: 2025/08/22 22:25:14 [INFO] New SSE user id : 1
2025-08-22T22:25:14: 2025/08/22 22:25:14 [INFO] Active Clients: map[1:0xc0003db3b0]
2025-08-22T22:25:14: 2025/08/22 22:25:14 [INFO] User ID : 1, Total : 2, Followers : [{{3 2025-07-11 03:34:59.874003 -0500 CDT 2025-07-11 03:34:59.874003 -0500 CDT {0001-01-01 00:00:00 +0000 UTC false}} testuser test@example.com $2a$10$hSXbMB48sBxxdyhmnV65BeoYOBTFmzZLHSMa0iv7W1Rttl62vUS7G  Austin Community College FALL 2025 junior false  [] <nil> [] []} {{19 2025-08-06 19:38:56.30408 -0500 CDT 2025-08-06 19:38:56.30408 -0500 CDT {0001-01-01 00:00:00 +0000 UTC false}} Will wfotso21@gmail.com $2a$10$C0/9rF6Az4nlFFea5gZYXuFbpggw4ZSzJ6kJnxGz70gbVerFuKbbS  Austin Community College FALL 2025 junior false en [] <nil> [] []}]
2025-08-22T22:29:55: 2025/08/22 22:29:55 [INFO] Client 1 disconnected (context canceled)
2025-08-22T22:29:55: 2025/08/22 22:29:55 [INFO] Removing client 1 (reason: connection closing)
2025-08-22T22:30:47: 2025/08/22 22:30:47 [INFO] SSE connection attempt from 127.0.0.1:53312
2025-08-22T22:30:47: 2025/08/22 22:30:47 [INFO] New SSE user id : 1
2025-08-22T22:30:47: 2025/08/22 22:30:47 [INFO] Active Clients: map[1:0xc0002f11d0]
2025-08-22T22:30:48: 2025/08/22 22:30:48 [INFO] User ID : 1, Total : 2, Followers : [{{3 2025-07-11 03:34:59.874003 -0500 CDT 2025-07-11 03:34:59.874003 -0500 CDT {0001-01-01 00:00:00 +0000 UTC false}} testuser test@example.com $2a$10$hSXbMB48sBxxdyhmnV65BeoYOBTFmzZLHSMa0iv7W1Rttl62vUS7G  Austin Community College FALL 2025 junior false  [] <nil> [] []} {{19 2025-08-06 19:38:56.30408 -0500 CDT 2025-08-06 19:38:56.30408 -0500 CDT {0001-01-01 00:00:00 +0000 UTC false}} Will wfotso21@gmail.com $2a$10$C0/9rF6Az4nlFFea5gZYXuFbpggw4ZSzJ6kJnxGz70gbVerFuKbbS  Austin Community College FALL 2025 junior false en [] <nil> [] []}]
2025-08-22T22:36:33: 2025/08/22 22:36:33 [INFO] Client 1 disconnected (context canceled)
2025-08-22T22:36:33: 2025/08/22 22:36:33 [INFO] Removing client 1 (reason: connection closing)
2025-08-22T22:37:18: 2025/08/22 22:37:18 [INFO] SSE connection attempt from 127.0.0.1:42422
2025-08-22T22:37:18: 2025/08/22 22:37:18 [INFO] New SSE user id : 1
2025-08-22T22:37:18: 2025/08/22 22:37:18 [INFO] Active Clients: map[1:0xc0002f1d70]
2025-08-22T22:37:18: 2025/08/22 22:37:18 [INFO] User ID : 1, Total : 2, Followers : [{{3 2025-07-11 03:34:59.874003 -0500 CDT 2025-07-11 03:34:59.874003 -0500 CDT {0001-01-01 00:00:00 +0000 UTC false}} testuser test@example.com $2a$10$hSXbMB48sBxxdyhmnV65BeoYOBTFmzZLHSMa0iv7W1Rttl62vUS7G  Austin Community College FALL 2025 junior false  [] <nil> [] []} {{19 2025-08-06 19:38:56.30408 -0500 CDT 2025-08-06 19:38:56.30408 -0500 CDT {0001-01-01 00:00:00 +0000 UTC false}} Will wfotso21@gmail.com $2a$10$C0/9rF6Az4nlFFea5gZYXuFbpggw4ZSzJ6kJnxGz70gbVerFuKbbS  Austin Community College FALL 2025 junior false en [] <nil> [] []}]
2025-08-22T22:41:28: 2025/08/22 22:41:28 [INFO] user_id 1 column deleted_at value 2025-08-22T22:41:28-05:00
2025-08-22T22:57:53: 2025/08/22 22:57:53 [INFO] User ID : 3, Total : 0, Followers : []
2025-08-22T22:57:53: 2025/08/22 22:57:53 [INFO] User ID : 19, Total : 0, Followers : []
2025-08-22T23:04:25: 2025/08/22 23:04:25 [INFO] Client 1 disconnected (context canceled)
2025-08-22T23:04:25: 2025/08/22 23:04:25 [INFO] Removing client 1 (reason: connection closing)
2025-08-22T23:05:08: 2025/08/22 23:05:08 [INFO] SSE connection attempt from 127.0.0.1:59544
2025-08-22T23:05:08: 2025/08/22 23:05:08 [INFO] New SSE user id : 1
2025-08-22T23:05:08: 2025/08/22 23:05:08 [INFO] Active Clients: map[1:0xc0003db290]
2025-08-22T23:05:08: 2025/08/22 23:05:08 [INFO] User ID : 1, Total : 2, Followers : [{{3 2025-07-11 03:34:59.874003 -0500 CDT 2025-07-11 03:34:59.874003 -0500 CDT {0001-01-01 00:00:00 +0000 UTC false}} testuser test@example.com $2a$10$hSXbMB48sBxxdyhmnV65BeoYOBTFmzZLHSMa0iv7W1Rttl62vUS7G  Austin Community College FALL 2025 junior false  [] <nil> [] []} {{19 2025-08-06 19:38:56.30408 -0500 CDT 2025-08-06 19:38:56.30408 -0500 CDT {0001-01-01 00:00:00 +0000 UTC false}} Will wfotso21@gmail.com $2a$10$C0/9rF6Az4nlFFea5gZYXuFbpggw4ZSzJ6kJnxGz70gbVerFuKbbS  Austin Community College FALL 2025 junior false en [] <nil> [] []}]
2025-08-22T23:10:47: 2025/08/22 23:10:47 [INFO] Client 1 disconnected (context canceled)
2025-08-22T23:10:47: 2025/08/22 23:10:47 [INFO] Removing client 1 (reason: connection closing)
2025-08-22T23:11:57: 2025/08/22 23:11:57 [INFO] SSE connection attempt from 127.0.0.1:41782
2025-08-22T23:11:57: 2025/08/22 23:11:57 [INFO] New SSE user id : 1
2025-08-22T23:11:57: 2025/08/22 23:11:57 [INFO] Active Clients: map[1:0xc0003b25d0]
2025-08-22T23:11:58: 2025/08/22 23:11:58 [INFO] User ID : 1, Total : 2, Followers : [{{3 2025-07-11 03:34:59.874003 -0500 CDT 2025-07-11 03:34:59.874003 -0500 CDT {0001-01-01 00:00:00 +0000 UTC false}} testuser test@example.com $2a$10$hSXbMB48sBxxdyhmnV65BeoYOBTFmzZLHSMa0iv7W1Rttl62vUS7G  Austin Community College FALL 2025 junior false  [] <nil> [] []} {{19 2025-08-06 19:38:56.30408 -0500 CDT 2025-08-06 19:38:56.30408 -0500 CDT {0001-01-01 00:00:00 +0000 UTC false}} Will wfotso21@gmail.com $2a$10$C0/9rF6Az4nlFFea5gZYXuFbpggw4ZSzJ6kJnxGz70gbVerFuKbbS  Austin Community College FALL 2025 junior false en [] <nil> [] []}]
2025-08-22T23:13:12: 2025/08/22 23:13:12 [INFO] User ID : 1, Total : 2, Followers : [{{3 2025-07-11 03:34:59.874003 -0500 CDT 2025-07-11 03:34:59.874003 -0500 CDT {0001-01-01 00:00:00 +0000 UTC false}} testuser test@example.com $2a$10$hSXbMB48sBxxdyhmnV65BeoYOBTFmzZLHSMa0iv7W1Rttl62vUS7G  Austin Community College FALL 2025 junior false  [] <nil> [] []} {{19 2025-08-06 19:38:56.30408 -0500 CDT 2025-08-06 19:38:56.30408 -0500 CDT {0001-01-01 00:00:00 +0000 UTC false}} Will wfotso21@gmail.com $2a$10$C0/9rF6Az4nlFFea5gZYXuFbpggw4ZSzJ6kJnxGz70gbVerFuKbbS  Austin Community College FALL 2025 junior false en [] <nil> [] []}]
2025-08-22T23:13:12: 2025/08/22 23:13:12 [INFO] user_id 1 column semester value SUMMER 2025
2025-08-22T23:14:28: 2025/08/22 23:14:28 [INFO] User ID : 1, Total : 2, Followers : [{{3 2025-07-11 03:34:59.874003 -0500 CDT 2025-07-11 03:34:59.874003 -0500 CDT {0001-01-01 00:00:00 +0000 UTC false}} testuser test@example.com $2a$10$hSXbMB48sBxxdyhmnV65BeoYOBTFmzZLHSMa0iv7W1Rttl62vUS7G  Austin Community College FALL 2025 junior false  [] <nil> [] []} {{19 2025-08-06 19:38:56.30408 -0500 CDT 2025-08-06 19:38:56.30408 -0500 CDT {0001-01-01 00:00:00 +0000 UTC false}} Will wfotso21@gmail.com $2a$10$C0/9rF6Az4nlFFea5gZYXuFbpggw4ZSzJ6kJnxGz70gbVerFuKbbS  Austin Community College FALL 2025 junior false en [] <nil> [] []}]
2025-08-22T23:14:28: 2025/08/22 23:14:28 [INFO] user_id 1 column semester value FALL 2025
2025-08-22T23:20:49: 2025/08/22 23:20:49 [INFO] Client 1 disconnected (context canceled)
2025-08-22T23:20:49: 2025/08/22 23:20:49 [INFO] Removing client 1 (reason: connection closing)
2025-08-22T23:21:32: 2025/08/22 23:21:32 [INFO] SSE connection attempt from 127.0.0.1:34974
2025-08-22T23:21:32: 2025/08/22 23:21:32 [INFO] New SSE user id : 1
2025-08-22T23:21:32: 2025/08/22 23:21:32 [INFO] Active Clients: map[1:0xc00038e4b0]
2025-08-22T23:21:33: 2025/08/22 23:21:33 [INFO] User ID : 1, Total : 2, Followers : [{{3 2025-07-11 03:34:59.874003 -0500 CDT 2025-07-11 03:34:59.874003 -0500 CDT {0001-01-01 00:00:00 +0000 UTC false}} testuser test@example.com $2a$10$hSXbMB48sBxxdyhmnV65BeoYOBTFmzZLHSMa0iv7W1Rttl62vUS7G  Austin Community College FALL 2025 junior false  [] <nil> [] []} {{19 2025-08-06 19:38:56.30408 -0500 CDT 2025-08-06 19:38:56.30408 -0500 CDT {0001-01-01 00:00:00 +0000 UTC false}} Will wfotso21@gmail.com $2a$10$C0/9rF6Az4nlFFea5gZYXuFbpggw4ZSzJ6kJnxGz70gbVerFuKbbS  Austin Community College FALL 2025 junior false en [] <nil> [] []}]
2025-08-22T23:27:41: 2025/08/22 23:27:41 [INFO] user_id 1 assignment 110 column deadline value 2025-08-18 00:00:00-05:00
2025-08-22T23:28:12: 2025/08/22 23:28:12 [INFO] user_id 1 assignment 110 column status_name value Not started
2025-08-22T23:28:19: 2025/08/22 23:28:19 [INFO] user_id 1 assignment 110 column status_name value In progress
2025-08-22T23:28:32: 2025/08/22 23:28:32 [INFO] user_id 1 assignment 110 column status_name value Done
2025-08-22T23:28:48: 2025/08/22 23:28:48 [INFO] user_id 1 assignment 110 column deadline value 2025-08-10 00:00:00-05:00
2025-08-22T23:36:50: 2025/08/22 23:36:50 [INFO] Client 1 disconnected (context canceled)
2025-08-22T23:36:50: 2025/08/22 23:36:50 [INFO] Removing client 1 (reason: connection closing)
2025-08-23T11:06:59: 2025/08/23 11:06:59 [INFO] SSE connection attempt from 127.0.0.1:58228
2025-08-23T11:06:59: 2025/08/23 11:06:59 [INFO] New SSE user id : 1
2025-08-23T11:06:59: 2025/08/23 11:06:59 [INFO] Active Clients: map[1:0xc00038f1a0]
2025-08-23T11:07:00: 2025/08/23 11:07:00 [INFO] User ID : 1, Total : 2, Followers : [{{3 2025-07-11 03:34:59.874003 -0500 CDT 2025-07-11 03:34:59.874003 -0500 CDT {0001-01-01 00:00:00 +0000 UTC false}} testuser test@example.com $2a$10$hSXbMB48sBxxdyhmnV65BeoYOBTFmzZLHSMa0iv7W1Rttl62vUS7G  Austin Community College FALL 2025 junior false  [] <nil> [] []} {{19 2025-08-06 19:38:56.30408 -0500 CDT 2025-08-06 19:38:56.30408 -0500 CDT {0001-01-01 00:00:00 +0000 UTC false}} Will wfotso21@gmail.com $2a$10$C0/9rF6Az4nlFFea5gZYXuFbpggw4ZSzJ6kJnxGz70gbVerFuKbbS  Austin Community College FALL 2025 junior false en [] <nil> [] []}]
2025-08-23T11:11:05: 2025/08/23 11:11:05 [INFO] Client 1 disconnected (context canceled)
2025-08-23T11:11:05: 2025/08/23 11:11:05 [INFO] Removing client 1 (reason: connection closing)
2025-08-23T11:11:48: 2025/08/23 11:11:48 [INFO] SSE connection attempt from 127.0.0.1:49018
2025-08-23T11:11:48: 2025/08/23 11:11:48 [INFO] New SSE user id : 1
2025-08-23T11:11:48: 2025/08/23 11:11:48 [INFO] Active Clients: map[1:0xc0002f0ff0]
2025-08-23T11:11:49: 2025/08/23 11:11:49 [INFO] User ID : 1, Total : 2, Followers : [{{3 2025-07-11 03:34:59.874003 -0500 CDT 2025-07-11 03:34:59.874003 -0500 CDT {0001-01-01 00:00:00 +0000 UTC false}} testuser test@example.com $2a$10$hSXbMB48sBxxdyhmnV65BeoYOBTFmzZLHSMa0iv7W1Rttl62vUS7G  Austin Community College FALL 2025 junior false  [] <nil> [] []} {{19 2025-08-06 19:38:56.30408 -0500 CDT 2025-08-06 19:38:56.30408 -0500 CDT {0001-01-01 00:00:00 +0000 UTC false}} Will wfotso21@gmail.com $2a$10$C0/9rF6Az4nlFFea5gZYXuFbpggw4ZSzJ6kJnxGz70gbVerFuKbbS  Austin Community College FALL 2025 junior false en [] <nil> [] []}]
2025-08-23T11:24:56: 2025/08/23 11:24:56 [INFO] Client 1 disconnected (context canceled)
2025-08-23T11:24:56: 2025/08/23 11:24:56 [INFO] Removing client 1 (reason: connection closing)
2025-08-23T11:27:29: 2025/08/23 11:27:29 [INFO] SSE connection attempt from 127.0.0.1:33458
2025-08-23T11:27:29: 2025/08/23 11:27:29 [INFO] New SSE user id : 1
2025-08-23T11:27:29: 2025/08/23 11:27:29 [INFO] Active Clients: map[1:0xc0003b32f0]
2025-08-23T11:27:29: 2025/08/23 11:27:29 [INFO] User ID : 1, Total : 2, Followers : [{{3 2025-07-11 03:34:59.874003 -0500 CDT 2025-07-11 03:34:59.874003 -0500 CDT {0001-01-01 00:00:00 +0000 UTC false}} testuser test@example.com $2a$10$hSXbMB48sBxxdyhmnV65BeoYOBTFmzZLHSMa0iv7W1Rttl62vUS7G  Austin Community College FALL 2025 junior false  [] <nil> [] []} {{19 2025-08-06 19:38:56.30408 -0500 CDT 2025-08-06 19:38:56.30408 -0500 CDT {0001-01-01 00:00:00 +0000 UTC false}} Will wfotso21@gmail.com $2a$10$C0/9rF6Az4nlFFea5gZYXuFbpggw4ZSzJ6kJnxGz70gbVerFuKbbS  Austin Community College FALL 2025 junior false en [] <nil> [] []}]
2025-08-23T11:30:20: 2025/08/23 11:30:20 [INFO] Client 1 disconnected (context canceled)
2025-08-23T11:30:20: 2025/08/23 11:30:20 [INFO] Removing client 1 (reason: connection closing)
2025-08-23T11:31:20: 2025/08/23 11:31:20 [INFO] SSE connection attempt from 127.0.0.1:48968
2025-08-23T11:31:20: 2025/08/23 11:31:20 [INFO] New SSE user id : 1
2025-08-23T11:31:20: 2025/08/23 11:31:20 [INFO] Active Clients: map[1:0xc00038f140]
2025-08-23T11:31:20: 2025/08/23 11:31:20 [INFO] User ID : 1, Total : 2, Followers : [{{3 2025-07-11 03:34:59.874003 -0500 CDT 2025-07-11 03:34:59.874003 -0500 CDT {0001-01-01 00:00:00 +0000 UTC false}} testuser test@example.com $2a$10$hSXbMB48sBxxdyhmnV65BeoYOBTFmzZLHSMa0iv7W1Rttl62vUS7G  Austin Community College FALL 2025 junior false  [] <nil> [] []} {{19 2025-08-06 19:38:56.30408 -0500 CDT 2025-08-06 19:38:56.30408 -0500 CDT {0001-01-01 00:00:00 +0000 UTC false}} Will wfotso21@gmail.com $2a$10$C0/9rF6Az4nlFFea5gZYXuFbpggw4ZSzJ6kJnxGz70gbVerFuKbbS  Austin Community College FALL 2025 junior false en [] <nil> [] []}]
2025-08-23T11:37:43: 2025/08/23 11:37:43 [INFO] Client 1 disconnected (context canceled)
2025-08-23T11:37:43: 2025/08/23 11:37:43 [INFO] Removing client 1 (reason: connection closing)
2025-08-23T11:38:16: 2025/08/23 11:38:16 [INFO] SSE connection attempt from 127.0.0.1:37272
2025-08-23T11:38:16: 2025/08/23 11:38:16 [INFO] New SSE user id : 1
2025-08-23T11:38:16: 2025/08/23 11:38:16 [INFO] Active Clients: map[1:0xc00038f800]
2025-08-23T11:38:17: 2025/08/23 11:38:17 [INFO] User ID : 1, Total : 2, Followers : [{{3 2025-07-11 03:34:59.874003 -0500 CDT 2025-07-11 03:34:59.874003 -0500 CDT {0001-01-01 00:00:00 +0000 UTC false}} testuser test@example.com $2a$10$hSXbMB48sBxxdyhmnV65BeoYOBTFmzZLHSMa0iv7W1Rttl62vUS7G  Austin Community College FALL 2025 junior false  [] <nil> [] []} {{19 2025-08-06 19:38:56.30408 -0500 CDT 2025-08-06 19:38:56.30408 -0500 CDT {0001-01-01 00:00:00 +0000 UTC false}} Will wfotso21@gmail.com $2a$10$C0/9rF6Az4nlFFea5gZYXuFbpggw4ZSzJ6kJnxGz70gbVerFuKbbS  Austin Community College FALL 2025 junior false en [] <nil> [] []}]
2025-08-23T11:40:10: 2025/08/23 11:40:10 [INFO] Client 1 disconnected (context canceled)
2025-08-23T11:40:10: 2025/08/23 11:40:10 [INFO] Removing client 1 (reason: connection closing)
2025-08-23T11:40:42: 2025/08/23 11:40:42 [INFO] SSE connection attempt from 127.0.0.1:33868
2025-08-23T11:40:42: 2025/08/23 11:40:42 [INFO] New SSE user id : 1
2025-08-23T11:40:42: 2025/08/23 11:40:42 [INFO] Active Clients: map[1:0xc0002f1590]
2025-08-23T11:40:43: 2025/08/23 11:40:43 [INFO] User ID : 1, Total : 2, Followers : [{{3 2025-07-11 03:34:59.874003 -0500 CDT 2025-07-11 03:34:59.874003 -0500 CDT {0001-01-01 00:00:00 +0000 UTC false}} testuser test@example.com $2a$10$hSXbMB48sBxxdyhmnV65BeoYOBTFmzZLHSMa0iv7W1Rttl62vUS7G  Austin Community College FALL 2025 junior false  [] <nil> [] []} {{19 2025-08-06 19:38:56.30408 -0500 CDT 2025-08-06 19:38:56.30408 -0500 CDT {0001-01-01 00:00:00 +0000 UTC false}} Will wfotso21@gmail.com $2a$10$C0/9rF6Az4nlFFea5gZYXuFbpggw4ZSzJ6kJnxGz70gbVerFuKbbS  Austin Community College FALL 2025 junior false en [] <nil> [] []}]
2025-08-23T11:41:03: 2025/08/23 11:41:03 [INFO] User ID : 1, Total : 2, Followers : [{{3 2025-07-11 03:34:59.874003 -0500 CDT 2025-07-11 03:34:59.874003 -0500 CDT {0001-01-01 00:00:00 +0000 UTC false}} testuser test@example.com $2a$10$hSXbMB48sBxxdyhmnV65BeoYOBTFmzZLHSMa0iv7W1Rttl62vUS7G  Austin Community College FALL 2025 junior false  [] <nil> [] []} {{19 2025-08-06 19:38:56.30408 -0500 CDT 2025-08-06 19:38:56.30408 -0500 CDT {0001-01-01 00:00:00 +0000 UTC false}} Will wfotso21@gmail.com $2a$10$C0/9rF6Az4nlFFea5gZYXuFbpggw4ZSzJ6kJnxGz70gbVerFuKbbS  Austin Community College FALL 2025 junior false en [] <nil> [] []}]
2025-08-23T11:43:08: 2025/08/23 11:43:08 [INFO] Client 1 disconnected (context canceled)
2025-08-23T11:43:08: 2025/08/23 11:43:08 [INFO] Removing client 1 (reason: connection closing)
2025-08-23T11:43:41: 2025/08/23 11:43:41 [INFO] SSE connection attempt from 127.0.0.1:55730
2025-08-23T11:43:41: 2025/08/23 11:43:41 [INFO] New SSE user id : 1
2025-08-23T11:43:41: 2025/08/23 11:43:41 [INFO] Active Clients: map[1:0xc00038f380]
2025-08-23T11:43:41: 2025/08/23 11:43:41 [INFO] User ID : 1, Total : 2, Followers : [{{3 2025-07-11 03:34:59.874003 -0500 CDT 2025-07-11 03:34:59.874003 -0500 CDT {0001-01-01 00:00:00 +0000 UTC false}} testuser test@example.com $2a$10$hSXbMB48sBxxdyhmnV65BeoYOBTFmzZLHSMa0iv7W1Rttl62vUS7G  Austin Community College FALL 2025 junior false  [] <nil> [] []} {{19 2025-08-06 19:38:56.30408 -0500 CDT 2025-08-06 19:38:56.30408 -0500 CDT {0001-01-01 00:00:00 +0000 UTC false}} Will wfotso21@gmail.com $2a$10$C0/9rF6Az4nlFFea5gZYXuFbpggw4ZSzJ6kJnxGz70gbVerFuKbbS  Austin Community College FALL 2025 junior false en [] <nil> [] []}]
2025-08-23T11:46:26: 2025/08/23 11:46:26 [INFO] Client 1 disconnected (context canceled)
2025-08-23T11:46:26: 2025/08/23 11:46:26 [INFO] Removing client 1 (reason: connection closing)
2025-08-23T11:47:01: 2025/08/23 11:47:01 [INFO] SSE connection attempt from 127.0.0.1:57534
2025-08-23T11:47:01: 2025/08/23 11:47:01 [INFO] New SSE user id : 1
2025-08-23T11:47:01: 2025/08/23 11:47:01 [INFO] Active Clients: map[1:0xc00015f200]
2025-08-23T11:47:02: 2025/08/23 11:47:02 [INFO] User ID : 1, Total : 2, Followers : [{{3 2025-07-11 03:34:59.874003 -0500 CDT 2025-07-11 03:34:59.874003 -0500 CDT {0001-01-01 00:00:00 +0000 UTC false}} testuser test@example.com $2a$10$hSXbMB48sBxxdyhmnV65BeoYOBTFmzZLHSMa0iv7W1Rttl62vUS7G  Austin Community College FALL 2025 junior false  [] <nil> [] []} {{19 2025-08-06 19:38:56.30408 -0500 CDT 2025-08-06 19:38:56.30408 -0500 CDT {0001-01-01 00:00:00 +0000 UTC false}} Will wfotso21@gmail.com $2a$10$C0/9rF6Az4nlFFea5gZYXuFbpggw4ZSzJ6kJnxGz70gbVerFuKbbS  Austin Community College FALL 2025 junior false en [] <nil> [] []}]
2025-08-23T11:51:07: 2025/08/23 11:51:07 [INFO] Client 1 disconnected (context canceled)
2025-08-23T11:51:07: 2025/08/23 11:51:07 [INFO] Removing client 1 (reason: connection closing)
2025-08-23T11:51:45: 2025/08/23 11:51:45 [INFO] SSE connection attempt from 127.0.0.1:43432
2025-08-23T11:51:45: 2025/08/23 11:51:45 [INFO] New SSE user id : 1
2025-08-23T11:51:45: 2025/08/23 11:51:45 [INFO] Active Clients: map[1:0xc0001889c0]
2025-08-23T11:51:46: 2025/08/23 11:51:46 [INFO] User ID : 1, Total : 2, Followers : [{{3 2025-07-11 03:34:59.874003 -0500 CDT 2025-07-11 03:34:59.874003 -0500 CDT {0001-01-01 00:00:00 +0000 UTC false}} testuser test@example.com $2a$10$hSXbMB48sBxxdyhmnV65BeoYOBTFmzZLHSMa0iv7W1Rttl62vUS7G  Austin Community College FALL 2025 junior false  [] <nil> [] []} {{19 2025-08-06 19:38:56.30408 -0500 CDT 2025-08-06 19:38:56.30408 -0500 CDT {0001-01-01 00:00:00 +0000 UTC false}} Will wfotso21@gmail.com $2a$10$C0/9rF6Az4nlFFea5gZYXuFbpggw4ZSzJ6kJnxGz70gbVerFuKbbS  Austin Community College FALL 2025 junior false en [] <nil> [] []}]
2025-08-23T11:56:36: 2025/08/23 11:56:36 [INFO] User ID : 19, Total : 0, Followers : []
2025-08-23T11:56:36: 2025/08/23 11:56:36 [INFO] User ID : 3, Total : 0, Followers : []
2025-08-23T11:58:07: 2025/08/23 11:58:07 [INFO] User ID : 1, Total : 2, Followers : [{{3 2025-07-11 03:34:59.874003 -0500 CDT 2025-07-11 03:34:59.874003 -0500 CDT {0001-01-01 00:00:00 +0000 UTC false}} testuser test@example.com $2a$10$hSXbMB48sBxxdyhmnV65BeoYOBTFmzZLHSMa0iv7W1Rttl62vUS7G  Austin Community College FALL 2025 junior false  [] <nil> [] []} {{19 2025-08-06 19:38:56.30408 -0500 CDT 2025-08-06 19:38:56.30408 -0500 CDT {0001-01-01 00:00:00 +0000 UTC false}} Will wfotso21@gmail.com $2a$10$C0/9rF6Az4nlFFea5gZYXuFbpggw4ZSzJ6kJnxGz70gbVerFuKbbS  Austin Community College FALL 2025 junior false en [] <nil> [] []}]
2025-08-23T11:59:08: 2025/08/23 11:59:08 [INFO] User ID : 1, Total : 2, Followers : [{{3 2025-07-11 03:34:59.874003 -0500 CDT 2025-07-11 03:34:59.874003 -0500 CDT {0001-01-01 00:00:00 +0000 UTC false}} testuser test@example.com $2a$10$hSXbMB48sBxxdyhmnV65BeoYOBTFmzZLHSMa0iv7W1Rttl62vUS7G  Austin Community College FALL 2025 junior false  [] <nil> [] []} {{19 2025-08-06 19:38:56.30408 -0500 CDT 2025-08-06 19:38:56.30408 -0500 CDT {0001-01-01 00:00:00 +0000 UTC false}} Will wfotso21@gmail.com $2a$10$C0/9rF6Az4nlFFea5gZYXuFbpggw4ZSzJ6kJnxGz70gbVerFuKbbS  Austin Community College FALL 2025 junior false en [] <nil> [] []}]
2025-08-23T11:59:16: 2025/08/23 11:59:16 [INFO] User ID : 1, Total : 2, Followers : [{{3 2025-07-11 03:34:59.874003 -0500 CDT 2025-07-11 03:34:59.874003 -0500 CDT {0001-01-01 00:00:00 +0000 UTC false}} testuser test@example.com $2a$10$hSXbMB48sBxxdyhmnV65BeoYOBTFmzZLHSMa0iv7W1Rttl62vUS7G  Austin Community College FALL 2025 junior false  [] <nil> [] []} {{19 2025-08-06 19:38:56.30408 -0500 CDT 2025-08-06 19:38:56.30408 -0500 CDT {0001-01-01 00:00:00 +0000 UTC false}} Will wfotso21@gmail.com $2a$10$C0/9rF6Az4nlFFea5gZYXuFbpggw4ZSzJ6kJnxGz70gbVerFuKbbS  Austin Community College FALL 2025 junior false en [] <nil> [] []}]
2025-08-23T12:00:49: 2025/08/23 12:00:49 [INFO] User ID : 1, Total : 2, Followers : [{{3 2025-07-11 03:34:59.874003 -0500 CDT 2025-07-11 03:34:59.874003 -0500 CDT {0001-01-01 00:00:00 +0000 UTC false}} testuser test@example.com $2a$10$hSXbMB48sBxxdyhmnV65BeoYOBTFmzZLHSMa0iv7W1Rttl62vUS7G  Austin Community College FALL 2025 junior false  [] <nil> [] []} {{19 2025-08-06 19:38:56.30408 -0500 CDT 2025-08-06 19:38:56.30408 -0500 CDT {0001-01-01 00:00:00 +0000 UTC false}} Will wfotso21@gmail.com $2a$10$C0/9rF6Az4nlFFea5gZYXuFbpggw4ZSzJ6kJnxGz70gbVerFuKbbS  Austin Community College FALL 2025 junior false en [] <nil> [] []}]
2025-08-23T12:10:12: 2025/08/23 12:10:12 [INFO] Client 1 disconnected (context canceled)
2025-08-23T12:10:12: 2025/08/23 12:10:12 [INFO] Removing client 1 (reason: connection closing)
2025-08-23T12:11:00: 2025/08/23 12:11:00 [INFO] SSE connection attempt from 127.0.0.1:50454
2025-08-23T12:11:00: 2025/08/23 12:11:00 [INFO] New SSE user id : 1
2025-08-23T12:11:00: 2025/08/23 12:11:00 [INFO] Active Clients: map[1:0xc00038e9f0]
2025-08-23T12:11:00: 2025/08/23 12:11:00 [INFO] User ID : 1, Total : 2, Followers : [{{3 2025-07-11 03:34:59.874003 -0500 CDT 2025-07-11 03:34:59.874003 -0500 CDT {0001-01-01 00:00:00 +0000 UTC false}} testuser test@example.com $2a$10$hSXbMB48sBxxdyhmnV65BeoYOBTFmzZLHSMa0iv7W1Rttl62vUS7G  Austin Community College FALL 2025 junior false  [] <nil> [] []} {{19 2025-08-06 19:38:56.30408 -0500 CDT 2025-08-06 19:38:56.30408 -0500 CDT {0001-01-01 00:00:00 +0000 UTC false}} Will wfotso21@gmail.com $2a$10$C0/9rF6Az4nlFFea5gZYXuFbpggw4ZSzJ6kJnxGz70gbVerFuKbbS  Austin Community College FALL 2025 junior false en [] <nil> [] []}]
2025-08-23T12:43:46: 2025/08/23 12:43:46 [INFO] User ID : 1, Total : 2, Followers : [{{3 2025-07-11 03:34:59.874003 -0500 CDT 2025-07-11 03:34:59.874003 -0500 CDT {0001-01-01 00:00:00 +0000 UTC false}} testuser test@example.com $2a$10$hSXbMB48sBxxdyhmnV65BeoYOBTFmzZLHSMa0iv7W1Rttl62vUS7G  Austin Community College FALL 2025 junior false  [] <nil> [] []} {{19 2025-08-06 19:38:56.30408 -0500 CDT 2025-08-06 19:38:56.30408 -0500 CDT {0001-01-01 00:00:00 +0000 UTC false}} Will wfotso21@gmail.com $2a$10$C0/9rF6Az4nlFFea5gZYXuFbpggw4ZSzJ6kJnxGz70gbVerFuKbbS  Austin Community College FALL 2025 junior false en [] <nil> [] []}]
2025-08-23T12:44:01: 2025/08/23 12:44:01 [INFO] User ID : 1, Total : 2, Followers : [{{3 2025-07-11 03:34:59.874003 -0500 CDT 2025-07-11 03:34:59.874003 -0500 CDT {0001-01-01 00:00:00 +0000 UTC false}} testuser test@example.com $2a$10$hSXbMB48sBxxdyhmnV65BeoYOBTFmzZLHSMa0iv7W1Rttl62vUS7G  Austin Community College FALL 2025 junior false  [] <nil> [] []} {{19 2025-08-06 19:38:56.30408 -0500 CDT 2025-08-06 19:38:56.30408 -0500 CDT {0001-01-01 00:00:00 +0000 UTC false}} Will wfotso21@gmail.com $2a$10$C0/9rF6Az4nlFFea5gZYXuFbpggw4ZSzJ6kJnxGz70gbVerFuKbbS  Austin Community College FALL 2025 junior false en [] <nil> [] []}]
2025-08-23T12:44:17: 2025/08/23 12:44:17 [INFO] Client 1 disconnected (context canceled)
2025-08-23T12:44:17: 2025/08/23 12:44:17 [INFO] Removing client 1 (reason: connection closing)
2025-08-23T12:47:12: 2025/08/23 12:47:12 [INFO] SSE connection attempt from 127.0.0.1:46580
2025-08-23T12:47:12: 2025/08/23 12:47:12 [INFO] New SSE user id : 1
2025-08-23T12:47:12: 2025/08/23 12:47:12 [INFO] Active Clients: map[1:0xc0001892c0]
2025-08-23T12:47:12: 2025/08/23 12:47:12 [INFO] User ID : 1, Total : 2, Followers : [{{3 2025-07-11 03:34:59.874003 -0500 CDT 2025-07-11 03:34:59.874003 -0500 CDT {0001-01-01 00:00:00 +0000 UTC false}} testuser test@example.com $2a$10$hSXbMB48sBxxdyhmnV65BeoYOBTFmzZLHSMa0iv7W1Rttl62vUS7G  Austin Community College FALL 2025 junior false  [] <nil> [] []} {{19 2025-08-06 19:38:56.30408 -0500 CDT 2025-08-06 19:38:56.30408 -0500 CDT {0001-01-01 00:00:00 +0000 UTC false}} Will wfotso21@gmail.com $2a$10$C0/9rF6Az4nlFFea5gZYXuFbpggw4ZSzJ6kJnxGz70gbVerFuKbbS  Austin Community College FALL 2025 junior false en [] <nil> [] []}]
2025-08-23T12:51:37: 2025/08/23 12:51:37 [INFO] Client 1 disconnected (context canceled)
2025-08-23T12:51:37: 2025/08/23 12:51:37 [INFO] Removing client 1 (reason: connection closing)
2025-08-23T12:52:08: 2025/08/23 12:52:08 [INFO] SSE connection attempt from 127.0.0.1:49542
2025-08-23T12:52:08: 2025/08/23 12:52:08 [INFO] New SSE user id : 1
2025-08-23T12:52:08: 2025/08/23 12:52:08 [INFO] Active Clients: map[1:0xc0003a2bd0]
2025-08-23T12:52:09: 2025/08/23 12:52:09 [INFO] User ID : 1, Total : 2, Followers : [{{3 2025-07-11 03:34:59.874003 -0500 CDT 2025-07-11 03:34:59.874003 -0500 CDT {0001-01-01 00:00:00 +0000 UTC false}} testuser test@example.com $2a$10$hSXbMB48sBxxdyhmnV65BeoYOBTFmzZLHSMa0iv7W1Rttl62vUS7G  Austin Community College FALL 2025 junior false  [] <nil> [] []} {{19 2025-08-06 19:38:56.30408 -0500 CDT 2025-08-06 19:38:56.30408 -0500 CDT {0001-01-01 00:00:00 +0000 UTC false}} Will wfotso21@gmail.com $2a$10$C0/9rF6Az4nlFFea5gZYXuFbpggw4ZSzJ6kJnxGz70gbVerFuKbbS  Austin Community College FALL 2025 junior false en [] <nil> [] []}]
2025-08-23T12:52:29: 2025/08/23 12:52:29 [INFO] Client 1 disconnected (context canceled)
2025-08-23T12:52:29: 2025/08/23 12:52:29 [INFO] Removing client 1 (reason: connection closing)
2025-08-23T12:53:34: 2025/08/23 12:53:34 [INFO] SSE connection attempt from 127.0.0.1:50750
2025-08-23T12:53:34: 2025/08/23 12:53:34 [INFO] New SSE user id : 1
2025-08-23T12:53:34: 2025/08/23 12:53:34 [INFO] Active Clients: map[1:0xc0002f16e0]
2025-08-23T12:53:35: 2025/08/23 12:53:35 [INFO] User ID : 1, Total : 2, Followers : [{{3 2025-07-11 03:34:59.874003 -0500 CDT 2025-07-11 03:34:59.874003 -0500 CDT {0001-01-01 00:00:00 +0000 UTC false}} testuser test@example.com $2a$10$hSXbMB48sBxxdyhmnV65BeoYOBTFmzZLHSMa0iv7W1Rttl62vUS7G  Austin Community College FALL 2025 junior false  [] <nil> [] []} {{19 2025-08-06 19:38:56.30408 -0500 CDT 2025-08-06 19:38:56.30408 -0500 CDT {0001-01-01 00:00:00 +0000 UTC false}} Will wfotso21@gmail.com $2a$10$C0/9rF6Az4nlFFea5gZYXuFbpggw4ZSzJ6kJnxGz70gbVerFuKbbS  Austin Community College FALL 2025 junior false en [] <nil> [] []}]
2025-08-23T12:54:23: 2025/08/23 12:54:23 [INFO] Client 1 disconnected (context canceled)
2025-08-23T12:54:23: 2025/08/23 12:54:23 [INFO] Removing client 1 (reason: connection closing)
2025-08-23T12:56:34: 2025/08/23 12:56:34 [INFO] SSE connection attempt from 127.0.0.1:39686
2025-08-23T12:56:34: 2025/08/23 12:56:34 [INFO] New SSE user id : 1
2025-08-23T12:56:34: 2025/08/23 12:56:34 [INFO] Active Clients: map[1:0xc0003a2f30]
2025-08-23T12:56:35: 2025/08/23 12:56:35 [INFO] User ID : 1, Total : 2, Followers : [{{3 2025-07-11 03:34:59.874003 -0500 CDT 2025-07-11 03:34:59.874003 -0500 CDT {0001-01-01 00:00:00 +0000 UTC false}} testuser test@example.com $2a$10$hSXbMB48sBxxdyhmnV65BeoYOBTFmzZLHSMa0iv7W1Rttl62vUS7G  Austin Community College FALL 2025 junior false  [] <nil> [] []} {{19 2025-08-06 19:38:56.30408 -0500 CDT 2025-08-06 19:38:56.30408 -0500 CDT {0001-01-01 00:00:00 +0000 UTC false}} Will wfotso21@gmail.com $2a$10$C0/9rF6Az4nlFFea5gZYXuFbpggw4ZSzJ6kJnxGz70gbVerFuKbbS  Austin Community College FALL 2025 junior false en [] <nil> [] []}]
2025-08-23T13:00:54: 2025/08/23 13:00:54 [INFO] Client 1 disconnected (context canceled)
2025-08-23T13:00:54: 2025/08/23 13:00:54 [INFO] Removing client 1 (reason: connection closing)
2025-08-23T13:01:42: 2025/08/23 13:01:42 [INFO] SSE connection attempt from 127.0.0.1:40258
2025-08-23T13:01:42: 2025/08/23 13:01:42 [INFO] New SSE user id : 1
2025-08-23T13:01:42: 2025/08/23 13:01:42 [INFO] Active Clients: map[1:0xc00038f410]
2025-08-23T13:01:43: 2025/08/23 13:01:43 [INFO] User ID : 1, Total : 2, Followers : [{{3 2025-07-11 03:34:59.874003 -0500 CDT 2025-07-11 03:34:59.874003 -0500 CDT {0001-01-01 00:00:00 +0000 UTC false}} testuser test@example.com $2a$10$hSXbMB48sBxxdyhmnV65BeoYOBTFmzZLHSMa0iv7W1Rttl62vUS7G  Austin Community College FALL 2025 junior false  [] <nil> [] []} {{19 2025-08-06 19:38:56.30408 -0500 CDT 2025-08-06 19:38:56.30408 -0500 CDT {0001-01-01 00:00:00 +0000 UTC false}} Will wfotso21@gmail.com $2a$10$C0/9rF6Az4nlFFea5gZYXuFbpggw4ZSzJ6kJnxGz70gbVerFuKbbS  Austin Community College FALL 2025 junior false en [] <nil> [] []}]
2025-08-23T13:08:29: 2025/08/23 13:08:29 [INFO] Client 1 disconnected (context canceled)
2025-08-23T13:08:29: 2025/08/23 13:08:29 [INFO] Removing client 1 (reason: connection closing)
2025-08-23T13:09:09: 2025/08/23 13:09:09 [INFO] SSE connection attempt from 127.0.0.1:32804
2025-08-23T13:09:09: 2025/08/23 13:09:09 [INFO] New SSE user id : 1
2025-08-23T13:09:09: 2025/08/23 13:09:09 [INFO] Active Clients: map[1:0xc0003b3f20]
2025-08-23T13:09:10: 2025/08/23 13:09:10 [INFO] User ID : 1, Total : 2, Followers : [{{3 2025-07-11 03:34:59.874003 -0500 CDT 2025-07-11 03:34:59.874003 -0500 CDT {0001-01-01 00:00:00 +0000 UTC false}} testuser test@example.com $2a$10$hSXbMB48sBxxdyhmnV65BeoYOBTFmzZLHSMa0iv7W1Rttl62vUS7G  Austin Community College FALL 2025 junior false  [] <nil> [] []} {{19 2025-08-06 19:38:56.30408 -0500 CDT 2025-08-06 19:38:56.30408 -0500 CDT {0001-01-01 00:00:00 +0000 UTC false}} Will wfotso21@gmail.com $2a$10$C0/9rF6Az4nlFFea5gZYXuFbpggw4ZSzJ6kJnxGz70gbVerFuKbbS  Austin Community College FALL 2025 junior false en [] <nil> [] []}]
2025-08-23T13:09:56: 2025/08/23 13:09:56 [INFO] Client 1 disconnected (context canceled)
2025-08-23T13:09:56: 2025/08/23 13:09:56 [INFO] Removing client 1 (reason: connection closing)
2025-08-23T13:12:05: 2025/08/23 13:12:05 [INFO] SSE connection attempt from 127.0.0.1:59344
2025-08-23T13:12:05: 2025/08/23 13:12:05 [INFO] New SSE user id : 1
2025-08-23T13:12:05: 2025/08/23 13:12:05 [INFO] Active Clients: map[1:0xc0003b2780]
2025-08-23T13:12:06: 2025/08/23 13:12:06 [INFO] User ID : 1, Total : 2, Followers : [{{3 2025-07-11 03:34:59.874003 -0500 CDT 2025-07-11 03:34:59.874003 -0500 CDT {0001-01-01 00:00:00 +0000 UTC false}} testuser test@example.com $2a$10$hSXbMB48sBxxdyhmnV65BeoYOBTFmzZLHSMa0iv7W1Rttl62vUS7G  Austin Community College FALL 2025 junior false  [] <nil> [] []} {{19 2025-08-06 19:38:56.30408 -0500 CDT 2025-08-06 19:38:56.30408 -0500 CDT {0001-01-01 00:00:00 +0000 UTC false}} Will wfotso21@gmail.com $2a$10$C0/9rF6Az4nlFFea5gZYXuFbpggw4ZSzJ6kJnxGz70gbVerFuKbbS  Austin Community College FALL 2025 junior false en [] <nil> [] []}]
2025-08-23T13:16:23: 2025/08/23 13:16:23 [INFO] Client 1 disconnected (context canceled)
2025-08-23T13:16:23: 2025/08/23 13:16:23 [INFO] Removing client 1 (reason: connection closing)
2025-08-23T14:50:15: 2025/08/23 14:50:15 [INFO] SSE connection attempt from 127.0.0.1:36848
2025-08-23T14:50:15: 2025/08/23 14:50:15 [INFO] New SSE user id : 1
2025-08-23T14:50:15: 2025/08/23 14:50:15 [INFO] Active Clients: map[1:0xc0002f07e0]
2025-08-23T14:50:15: 2025/08/23 14:50:15 [INFO] User ID : 1, Total : 2, Followers : [{{3 2025-07-11 03:34:59.874003 -0500 CDT 2025-07-11 03:34:59.874003 -0500 CDT {0001-01-01 00:00:00 +0000 UTC false}} testuser test@example.com $2a$10$hSXbMB48sBxxdyhmnV65BeoYOBTFmzZLHSMa0iv7W1Rttl62vUS7G  Austin Community College FALL 2025 junior false  [] <nil> [] []} {{19 2025-08-06 19:38:56.30408 -0500 CDT 2025-08-06 19:38:56.30408 -0500 CDT {0001-01-01 00:00:00 +0000 UTC false}} Will wfotso21@gmail.com $2a$10$C0/9rF6Az4nlFFea5gZYXuFbpggw4ZSzJ6kJnxGz70gbVerFuKbbS  Austin Community College FALL 2025 junior false en [] <nil> [] []}]
2025-08-23T14:56:31: 2025/08/23 14:56:31 [INFO] User ID : 1, Total : 2, Followers : [{{3 2025-07-11 03:34:59.874003 -0500 CDT 2025-07-11 03:34:59.874003 -0500 CDT {0001-01-01 00:00:00 +0000 UTC false}} testuser test@example.com $2a$10$hSXbMB48sBxxdyhmnV65BeoYOBTFmzZLHSMa0iv7W1Rttl62vUS7G  Austin Community College FALL 2025 junior false  [] <nil> [] []} {{19 2025-08-06 19:38:56.30408 -0500 CDT 2025-08-06 19:38:56.30408 -0500 CDT {0001-01-01 00:00:00 +0000 UTC false}} Will wfotso21@gmail.com $2a$10$C0/9rF6Az4nlFFea5gZYXuFbpggw4ZSzJ6kJnxGz70gbVerFuKbbS  Austin Community College FALL 2025 junior false en [] <nil> [] []}]
2025-08-23T14:56:38: 2025/08/23 14:56:38 [INFO] User ID : 1, Total : 2, Followers : [{{3 2025-07-11 03:34:59.874003 -0500 CDT 2025-07-11 03:34:59.874003 -0500 CDT {0001-01-01 00:00:00 +0000 UTC false}} testuser test@example.com $2a$10$hSXbMB48sBxxdyhmnV65BeoYOBTFmzZLHSMa0iv7W1Rttl62vUS7G  Austin Community College FALL 2025 junior false  [] <nil> [] []} {{19 2025-08-06 19:38:56.30408 -0500 CDT 2025-08-06 19:38:56.30408 -0500 CDT {0001-01-01 00:00:00 +0000 UTC false}} Will wfotso21@gmail.com $2a$10$C0/9rF6Az4nlFFea5gZYXuFbpggw4ZSzJ6kJnxGz70gbVerFuKbbS  Austin Community College FALL 2025 junior false en [] <nil> [] []}]
2025-08-23T14:57:25: 2025/08/23 14:57:25 [INFO] User ID : 1, Total : 2, Followers : [{{3 2025-07-11 03:34:59.874003 -0500 CDT 2025-07-11 03:34:59.874003 -0500 CDT {0001-01-01 00:00:00 +0000 UTC false}} testuser test@example.com $2a$10$hSXbMB48sBxxdyhmnV65BeoYOBTFmzZLHSMa0iv7W1Rttl62vUS7G  Austin Community College FALL 2025 junior false  [] <nil> [] []} {{19 2025-08-06 19:38:56.30408 -0500 CDT 2025-08-06 19:38:56.30408 -0500 CDT {0001-01-01 00:00:00 +0000 UTC false}} Will wfotso21@gmail.com $2a$10$C0/9rF6Az4nlFFea5gZYXuFbpggw4ZSzJ6kJnxGz70gbVerFuKbbS  Austin Community College FALL 2025 junior false en [] <nil> [] []}]
2025-08-23T14:58:13: 2025/08/23 14:58:13 [INFO] User ID : 1, Total : 2, Followers : [{{3 2025-07-11 03:34:59.874003 -0500 CDT 2025-07-11 03:34:59.874003 -0500 CDT {0001-01-01 00:00:00 +0000 UTC false}} testuser test@example.com $2a$10$hSXbMB48sBxxdyhmnV65BeoYOBTFmzZLHSMa0iv7W1Rttl62vUS7G  Austin Community College FALL 2025 junior false  [] <nil> [] []} {{19 2025-08-06 19:38:56.30408 -0500 CDT 2025-08-06 19:38:56.30408 -0500 CDT {0001-01-01 00:00:00 +0000 UTC false}} Will wfotso21@gmail.com $2a$10$C0/9rF6Az4nlFFea5gZYXuFbpggw4ZSzJ6kJnxGz70gbVerFuKbbS  Austin Community College FALL 2025 junior false en [] <nil> [] []}]
2025-08-23T14:58:20: 2025/08/23 14:58:20 [INFO] User ID : 1, Total : 2, Followers : [{{3 2025-07-11 03:34:59.874003 -0500 CDT 2025-07-11 03:34:59.874003 -0500 CDT {0001-01-01 00:00:00 +0000 UTC false}} testuser test@example.com $2a$10$hSXbMB48sBxxdyhmnV65BeoYOBTFmzZLHSMa0iv7W1Rttl62vUS7G  Austin Community College FALL 2025 junior false  [] <nil> [] []} {{19 2025-08-06 19:38:56.30408 -0500 CDT 2025-08-06 19:38:56.30408 -0500 CDT {0001-01-01 00:00:00 +0000 UTC false}} Will wfotso21@gmail.com $2a$10$C0/9rF6Az4nlFFea5gZYXuFbpggw4ZSzJ6kJnxGz70gbVerFuKbbS  Austin Community College FALL 2025 junior false en [] <nil> [] []}]
2025-08-23T14:58:24: 2025/08/23 14:58:24 [INFO] User ID : 1, Total : 2, Followers : [{{3 2025-07-11 03:34:59.874003 -0500 CDT 2025-07-11 03:34:59.874003 -0500 CDT {0001-01-01 00:00:00 +0000 UTC false}} testuser test@example.com $2a$10$hSXbMB48sBxxdyhmnV65BeoYOBTFmzZLHSMa0iv7W1Rttl62vUS7G  Austin Community College FALL 2025 junior false  [] <nil> [] []} {{19 2025-08-06 19:38:56.30408 -0500 CDT 2025-08-06 19:38:56.30408 -0500 CDT {0001-01-01 00:00:00 +0000 UTC false}} Will wfotso21@gmail.com $2a$10$C0/9rF6Az4nlFFea5gZYXuFbpggw4ZSzJ6kJnxGz70gbVerFuKbbS  Austin Community College FALL 2025 junior false en [] <nil> [] []}]
2025-08-23T14:58:35: 2025/08/23 14:58:35 [INFO] User ID : 1, Total : 2, Followers : [{{3 2025-07-11 03:34:59.874003 -0500 CDT 2025-07-11 03:34:59.874003 -0500 CDT {0001-01-01 00:00:00 +0000 UTC false}} testuser test@example.com $2a$10$hSXbMB48sBxxdyhmnV65BeoYOBTFmzZLHSMa0iv7W1Rttl62vUS7G  Austin Community College FALL 2025 junior false  [] <nil> [] []} {{19 2025-08-06 19:38:56.30408 -0500 CDT 2025-08-06 19:38:56.30408 -0500 CDT {0001-01-01 00:00:00 +0000 UTC false}} Will wfotso21@gmail.com $2a$10$C0/9rF6Az4nlFFea5gZYXuFbpggw4ZSzJ6kJnxGz70gbVerFuKbbS  Austin Community College FALL 2025 junior false en [] <nil> [] []}]
2025-08-23T14:58:43: 2025/08/23 14:58:43 [INFO] User ID : 1, Total : 2, Followers : [{{3 2025-07-11 03:34:59.874003 -0500 CDT 2025-07-11 03:34:59.874003 -0500 CDT {0001-01-01 00:00:00 +0000 UTC false}} testuser test@example.com $2a$10$hSXbMB48sBxxdyhmnV65BeoYOBTFmzZLHSMa0iv7W1Rttl62vUS7G  Austin Community College FALL 2025 junior false  [] <nil> [] []} {{19 2025-08-06 19:38:56.30408 -0500 CDT 2025-08-06 19:38:56.30408 -0500 CDT {0001-01-01 00:00:00 +0000 UTC false}} Will wfotso21@gmail.com $2a$10$C0/9rF6Az4nlFFea5gZYXuFbpggw4ZSzJ6kJnxGz70gbVerFuKbbS  Austin Community College FALL 2025 junior false en [] <nil> [] []}]
2025-08-23T14:58:48: 2025/08/23 14:58:48 [INFO] Client 1 disconnected (context canceled)
2025-08-23T14:58:48: 2025/08/23 14:58:48 [INFO] Removing client 1 (reason: connection closing)
2025-08-23T14:58:52: 2025/08/23 14:58:52 [INFO] SSE connection attempt from 127.0.0.1:36178
2025-08-23T14:58:52: 2025/08/23 14:58:52 [INFO] New SSE user id : 1
2025-08-23T14:58:52: 2025/08/23 14:58:52 [INFO] Active Clients: map[1:0xc0004e8db0]
2025-08-23T14:58:52: 2025/08/23 14:58:52 [INFO] User ID : 1, Total : 2, Followers : [{{3 2025-07-11 03:34:59.874003 -0500 CDT 2025-07-11 03:34:59.874003 -0500 CDT {0001-01-01 00:00:00 +0000 UTC false}} testuser test@example.com $2a$10$hSXbMB48sBxxdyhmnV65BeoYOBTFmzZLHSMa0iv7W1Rttl62vUS7G  Austin Community College FALL 2025 junior false  [] <nil> [] []} {{19 2025-08-06 19:38:56.30408 -0500 CDT 2025-08-06 19:38:56.30408 -0500 CDT {0001-01-01 00:00:00 +0000 UTC false}} Will wfotso21@gmail.com $2a$10$C0/9rF6Az4nlFFea5gZYXuFbpggw4ZSzJ6kJnxGz70gbVerFuKbbS  Austin Community College FALL 2025 junior false en [] <nil> [] []}]
2025-08-23T14:59:12: 2025/08/23 14:59:12 [INFO] User ID : 1, Total : 2, Followers : [{{3 2025-07-11 03:34:59.874003 -0500 CDT 2025-07-11 03:34:59.874003 -0500 CDT {0001-01-01 00:00:00 +0000 UTC false}} testuser test@example.com $2a$10$hSXbMB48sBxxdyhmnV65BeoYOBTFmzZLHSMa0iv7W1Rttl62vUS7G  Austin Community College FALL 2025 junior false  [] <nil> [] []} {{19 2025-08-06 19:38:56.30408 -0500 CDT 2025-08-06 19:38:56.30408 -0500 CDT {0001-01-01 00:00:00 +0000 UTC false}} Will wfotso21@gmail.com $2a$10$C0/9rF6Az4nlFFea5gZYXuFbpggw4ZSzJ6kJnxGz70gbVerFuKbbS  Austin Community College FALL 2025 junior false en [] <nil> [] []}]
2025-08-23T14:59:15: 2025/08/23 14:59:15 [INFO] Client 1 disconnected (context canceled)
2025-08-23T14:59:15: 2025/08/23 14:59:15 [INFO] Removing client 1 (reason: connection closing)
2025-08-23T14:59:18: 2025/08/23 14:59:18 [INFO] SSE connection attempt from 127.0.0.1:59636
2025-08-23T14:59:18: 2025/08/23 14:59:18 [INFO] New SSE user id : 1
2025-08-23T14:59:18: 2025/08/23 14:59:18 [INFO] Active Clients: map[1:0xc0001894a0]
2025-08-23T14:59:18: 2025/08/23 14:59:18 [INFO] User ID : 1, Total : 2, Followers : [{{3 2025-07-11 03:34:59.874003 -0500 CDT 2025-07-11 03:34:59.874003 -0500 CDT {0001-01-01 00:00:00 +0000 UTC false}} testuser test@example.com $2a$10$hSXbMB48sBxxdyhmnV65BeoYOBTFmzZLHSMa0iv7W1Rttl62vUS7G  Austin Community College FALL 2025 junior false  [] <nil> [] []} {{19 2025-08-06 19:38:56.30408 -0500 CDT 2025-08-06 19:38:56.30408 -0500 CDT {0001-01-01 00:00:00 +0000 UTC false}} Will wfotso21@gmail.com $2a$10$C0/9rF6Az4nlFFea5gZYXuFbpggw4ZSzJ6kJnxGz70gbVerFuKbbS  Austin Community College FALL 2025 junior false en [] <nil> [] []}]
2025-08-23T14:59:30: 2025/08/23 14:59:30 [INFO] User ID : 1, Total : 2, Followers : [{{3 2025-07-11 03:34:59.874003 -0500 CDT 2025-07-11 03:34:59.874003 -0500 CDT {0001-01-01 00:00:00 +0000 UTC false}} testuser test@example.com $2a$10$hSXbMB48sBxxdyhmnV65BeoYOBTFmzZLHSMa0iv7W1Rttl62vUS7G  Austin Community College FALL 2025 junior false  [] <nil> [] []} {{19 2025-08-06 19:38:56.30408 -0500 CDT 2025-08-06 19:38:56.30408 -0500 CDT {0001-01-01 00:00:00 +0000 UTC false}} Will wfotso21@gmail.com $2a$10$C0/9rF6Az4nlFFea5gZYXuFbpggw4ZSzJ6kJnxGz70gbVerFuKbbS  Austin Community College FALL 2025 junior false en [] <nil> [] []}]
2025-08-23T14:59:41: 2025/08/23 14:59:41 [INFO] Client 1 disconnected (context canceled)
2025-08-23T14:59:41: 2025/08/23 14:59:41 [INFO] Removing client 1 (reason: connection closing)
2025-08-23T14:59:44: 2025/08/23 14:59:44 [INFO] SSE connection attempt from 127.0.0.1:48654
2025-08-23T14:59:44: 2025/08/23 14:59:44 [INFO] New SSE user id : 1
2025-08-23T14:59:44: 2025/08/23 14:59:44 [INFO] Active Clients: map[1:0xc0004e9dd0]
2025-08-23T14:59:45: 2025/08/23 14:59:45 [INFO] User ID : 1, Total : 2, Followers : [{{3 2025-07-11 03:34:59.874003 -0500 CDT 2025-07-11 03:34:59.874003 -0500 CDT {0001-01-01 00:00:00 +0000 UTC false}} testuser test@example.com $2a$10$hSXbMB48sBxxdyhmnV65BeoYOBTFmzZLHSMa0iv7W1Rttl62vUS7G  Austin Community College FALL 2025 junior false  [] <nil> [] []} {{19 2025-08-06 19:38:56.30408 -0500 CDT 2025-08-06 19:38:56.30408 -0500 CDT {0001-01-01 00:00:00 +0000 UTC false}} Will wfotso21@gmail.com $2a$10$C0/9rF6Az4nlFFea5gZYXuFbpggw4ZSzJ6kJnxGz70gbVerFuKbbS  Austin Community College FALL 2025 junior false en [] <nil> [] []}]
2025-08-23T15:00:10: 2025/08/23 15:00:10 [INFO] Client 1 disconnected (context canceled)
2025-08-23T15:00:10: 2025/08/23 15:00:10 [INFO] Removing client 1 (reason: connection closing)
2025-08-23T15:00:13: 2025/08/23 15:00:13 [INFO] SSE connection attempt from 127.0.0.1:49792
2025-08-23T15:00:13: 2025/08/23 15:00:13 [INFO] New SSE user id : 1
2025-08-23T15:00:13: 2025/08/23 15:00:13 [INFO] Active Clients: map[1:0xc0003b2d20]
2025-08-23T15:00:13: 2025/08/23 15:00:13 [INFO] User ID : 1, Total : 2, Followers : [{{3 2025-07-11 03:34:59.874003 -0500 CDT 2025-07-11 03:34:59.874003 -0500 CDT {0001-01-01 00:00:00 +0000 UTC false}} testuser test@example.com $2a$10$hSXbMB48sBxxdyhmnV65BeoYOBTFmzZLHSMa0iv7W1Rttl62vUS7G  Austin Community College FALL 2025 junior false  [] <nil> [] []} {{19 2025-08-06 19:38:56.30408 -0500 CDT 2025-08-06 19:38:56.30408 -0500 CDT {0001-01-01 00:00:00 +0000 UTC false}} Will wfotso21@gmail.com $2a$10$C0/9rF6Az4nlFFea5gZYXuFbpggw4ZSzJ6kJnxGz70gbVerFuKbbS  Austin Community College FALL 2025 junior false en [] <nil> [] []}]
2025-08-23T15:00:19: 2025/08/23 15:00:19 [INFO] Client 1 disconnected (context canceled)
2025-08-23T15:00:19: 2025/08/23 15:00:19 [INFO] Removing client 1 (reason: connection closing)
2025-08-23T15:00:23: 2025/08/23 15:00:23 [INFO] SSE connection attempt from 127.0.0.1:51154
2025-08-23T15:00:23: 2025/08/23 15:00:23 [INFO] New SSE user id : 1
2025-08-23T15:00:23: 2025/08/23 15:00:23 [INFO] Active Clients: map[1:0xc00037cf30]
2025-08-23T15:00:23: 2025/08/23 15:00:23 [INFO] User ID : 1, Total : 2, Followers : [{{3 2025-07-11 03:34:59.874003 -0500 CDT 2025-07-11 03:34:59.874003 -0500 CDT {0001-01-01 00:00:00 +0000 UTC false}} testuser test@example.com $2a$10$hSXbMB48sBxxdyhmnV65BeoYOBTFmzZLHSMa0iv7W1Rttl62vUS7G  Austin Community College FALL 2025 junior false  [] <nil> [] []} {{19 2025-08-06 19:38:56.30408 -0500 CDT 2025-08-06 19:38:56.30408 -0500 CDT {0001-01-01 00:00:00 +0000 UTC false}} Will wfotso21@gmail.com $2a$10$C0/9rF6Az4nlFFea5gZYXuFbpggw4ZSzJ6kJnxGz70gbVerFuKbbS  Austin Community College FALL 2025 junior false en [] <nil> [] []}]
2025-08-23T15:00:34: 2025/08/23 15:00:34 [INFO] Client 1 disconnected (context canceled)
2025-08-23T15:00:34: 2025/08/23 15:00:34 [INFO] Removing client 1 (reason: connection closing)
2025-08-23T15:00:36: 2025/08/23 15:00:36 [INFO] SSE connection attempt from 127.0.0.1:57176
2025-08-23T15:00:36: 2025/08/23 15:00:36 [INFO] New SSE user id : 1
2025-08-23T15:00:36: 2025/08/23 15:00:36 [INFO] Active Clients: map[1:0xc000188480]
2025-08-23T15:00:37: 2025/08/23 15:00:37 [INFO] User ID : 1, Total : 2, Followers : [{{3 2025-07-11 03:34:59.874003 -0500 CDT 2025-07-11 03:34:59.874003 -0500 CDT {0001-01-01 00:00:00 +0000 UTC false}} testuser test@example.com $2a$10$hSXbMB48sBxxdyhmnV65BeoYOBTFmzZLHSMa0iv7W1Rttl62vUS7G  Austin Community College FALL 2025 junior false  [] <nil> [] []} {{19 2025-08-06 19:38:56.30408 -0500 CDT 2025-08-06 19:38:56.30408 -0500 CDT {0001-01-01 00:00:00 +0000 UTC false}} Will wfotso21@gmail.com $2a$10$C0/9rF6Az4nlFFea5gZYXuFbpggw4ZSzJ6kJnxGz70gbVerFuKbbS  Austin Community College FALL 2025 junior false en [] <nil> [] []}]
2025-08-23T15:00:46: 2025/08/23 15:00:46 [INFO] Client 1 disconnected (context canceled)
2025-08-23T15:00:46: 2025/08/23 15:00:46 [INFO] Removing client 1 (reason: connection closing)
2025-08-23T15:00:49: 2025/08/23 15:00:49 [INFO] SSE connection attempt from 127.0.0.1:53726
2025-08-23T15:00:49: 2025/08/23 15:00:49 [INFO] New SSE user id : 1
2025-08-23T15:00:49: 2025/08/23 15:00:49 [INFO] Active Clients: map[1:0xc00037ced0]
2025-08-23T15:00:49: 2025/08/23 15:00:49 [INFO] User ID : 1, Total : 2, Followers : [{{3 2025-07-11 03:34:59.874003 -0500 CDT 2025-07-11 03:34:59.874003 -0500 CDT {0001-01-01 00:00:00 +0000 UTC false}} testuser test@example.com $2a$10$hSXbMB48sBxxdyhmnV65BeoYOBTFmzZLHSMa0iv7W1Rttl62vUS7G  Austin Community College FALL 2025 junior false  [] <nil> [] []} {{19 2025-08-06 19:38:56.30408 -0500 CDT 2025-08-06 19:38:56.30408 -0500 CDT {0001-01-01 00:00:00 +0000 UTC false}} Will wfotso21@gmail.com $2a$10$C0/9rF6Az4nlFFea5gZYXuFbpggw4ZSzJ6kJnxGz70gbVerFuKbbS  Austin Community College FALL 2025 junior false en [] <nil> [] []}]
2025-08-23T15:01:00: 2025/08/23 15:01:00 [INFO] Client 1 disconnected (context canceled)
2025-08-23T15:01:00: 2025/08/23 15:01:00 [INFO] Removing client 1 (reason: connection closing)
2025-08-23T15:01:03: 2025/08/23 15:01:03 [INFO] SSE connection attempt from 127.0.0.1:52310
2025-08-23T15:01:03: 2025/08/23 15:01:03 [INFO] New SSE user id : 1
2025-08-23T15:01:03: 2025/08/23 15:01:03 [INFO] Active Clients: map[1:0xc0003b37d0]
2025-08-23T15:01:03: 2025/08/23 15:01:03 [INFO] User ID : 1, Total : 2, Followers : [{{3 2025-07-11 03:34:59.874003 -0500 CDT 2025-07-11 03:34:59.874003 -0500 CDT {0001-01-01 00:00:00 +0000 UTC false}} testuser test@example.com $2a$10$hSXbMB48sBxxdyhmnV65BeoYOBTFmzZLHSMa0iv7W1Rttl62vUS7G  Austin Community College FALL 2025 junior false  [] <nil> [] []} {{19 2025-08-06 19:38:56.30408 -0500 CDT 2025-08-06 19:38:56.30408 -0500 CDT {0001-01-01 00:00:00 +0000 UTC false}} Will wfotso21@gmail.com $2a$10$C0/9rF6Az4nlFFea5gZYXuFbpggw4ZSzJ6kJnxGz70gbVerFuKbbS  Austin Community College FALL 2025 junior false en [] <nil> [] []}]
2025-08-23T15:01:15: 2025/08/23 15:01:15 [INFO] Client 1 disconnected (context canceled)
2025-08-23T15:01:15: 2025/08/23 15:01:15 [INFO] Removing client 1 (reason: connection closing)
2025-08-23T15:01:17: 2025/08/23 15:01:17 [INFO] SSE connection attempt from 127.0.0.1:49140
2025-08-23T15:01:17: 2025/08/23 15:01:17 [INFO] New SSE user id : 1
2025-08-23T15:01:17: 2025/08/23 15:01:17 [INFO] Active Clients: map[1:0xc00042ca20]
2025-08-23T15:01:17: 2025/08/23 15:01:17 [INFO] User ID : 1, Total : 2, Followers : [{{3 2025-07-11 03:34:59.874003 -0500 CDT 2025-07-11 03:34:59.874003 -0500 CDT {0001-01-01 00:00:00 +0000 UTC false}} testuser test@example.com $2a$10$hSXbMB48sBxxdyhmnV65BeoYOBTFmzZLHSMa0iv7W1Rttl62vUS7G  Austin Community College FALL 2025 junior false  [] <nil> [] []} {{19 2025-08-06 19:38:56.30408 -0500 CDT 2025-08-06 19:38:56.30408 -0500 CDT {0001-01-01 00:00:00 +0000 UTC false}} Will wfotso21@gmail.com $2a$10$C0/9rF6Az4nlFFea5gZYXuFbpggw4ZSzJ6kJnxGz70gbVerFuKbbS  Austin Community College FALL 2025 junior false en [] <nil> [] []}]
2025-08-23T15:01:39: 2025/08/23 15:01:39 [INFO] User ID : 1, Total : 2, Followers : [{{3 2025-07-11 03:34:59.874003 -0500 CDT 2025-07-11 03:34:59.874003 -0500 CDT {0001-01-01 00:00:00 +0000 UTC false}} testuser test@example.com $2a$10$hSXbMB48sBxxdyhmnV65BeoYOBTFmzZLHSMa0iv7W1Rttl62vUS7G  Austin Community College FALL 2025 junior false  [] <nil> [] []} {{19 2025-08-06 19:38:56.30408 -0500 CDT 2025-08-06 19:38:56.30408 -0500 CDT {0001-01-01 00:00:00 +0000 UTC false}} Will wfotso21@gmail.com $2a$10$C0/9rF6Az4nlFFea5gZYXuFbpggw4ZSzJ6kJnxGz70gbVerFuKbbS  Austin Community College FALL 2025 junior false en [] <nil> [] []}]
2025-08-23T15:01:46: 2025/08/23 15:01:46 [INFO] Client 1 disconnected (context canceled)
2025-08-23T15:01:46: 2025/08/23 15:01:46 [INFO] Removing client 1 (reason: connection closing)
2025-08-23T15:01:47: 2025/08/23 15:01:47 [INFO] SSE connection attempt from 127.0.0.1:44052
2025-08-23T15:01:47: 2025/08/23 15:01:47 [INFO] New SSE user id : 1
2025-08-23T15:01:47: 2025/08/23 15:01:47 [INFO] Active Clients: map[1:0xc00038fec0]
2025-08-23T15:01:47: 2025/08/23 15:01:47 [INFO] User ID : 1, Total : 2, Followers : [{{3 2025-07-11 03:34:59.874003 -0500 CDT 2025-07-11 03:34:59.874003 -0500 CDT {0001-01-01 00:00:00 +0000 UTC false}} testuser test@example.com $2a$10$hSXbMB48sBxxdyhmnV65BeoYOBTFmzZLHSMa0iv7W1Rttl62vUS7G  Austin Community College FALL 2025 junior false  [] <nil> [] []} {{19 2025-08-06 19:38:56.30408 -0500 CDT 2025-08-06 19:38:56.30408 -0500 CDT {0001-01-01 00:00:00 +0000 UTC false}} Will wfotso21@gmail.com $2a$10$C0/9rF6Az4nlFFea5gZYXuFbpggw4ZSzJ6kJnxGz70gbVerFuKbbS  Austin Community College FALL 2025 junior false en [] <nil> [] []}]
2025-08-23T15:03:02: 2025/08/23 15:03:02 [INFO] Client 1 disconnected (context canceled)
2025-08-23T15:03:02: 2025/08/23 15:03:02 [INFO] Removing client 1 (reason: connection closing)
2025-08-23T15:05:06: 2025/08/23 15:05:06 [INFO] SSE connection attempt from 127.0.0.1:52152
2025-08-23T15:05:06: 2025/08/23 15:05:06 [INFO] New SSE user id : 1
2025-08-23T15:05:06: 2025/08/23 15:05:06 [INFO] Active Clients: map[1:0xc0003daea0]
2025-08-23T15:05:07: 2025/08/23 15:05:07 [INFO] User ID : 1, Total : 2, Followers : [{{3 2025-07-11 03:34:59.874003 -0500 CDT 2025-07-11 03:34:59.874003 -0500 CDT {0001-01-01 00:00:00 +0000 UTC false}} testuser test@example.com $2a$10$hSXbMB48sBxxdyhmnV65BeoYOBTFmzZLHSMa0iv7W1Rttl62vUS7G  Austin Community College FALL 2025 junior false  [] <nil> [] []} {{19 2025-08-06 19:38:56.30408 -0500 CDT 2025-08-06 19:38:56.30408 -0500 CDT {0001-01-01 00:00:00 +0000 UTC false}} Will wfotso21@gmail.com $2a$10$C0/9rF6Az4nlFFea5gZYXuFbpggw4ZSzJ6kJnxGz70gbVerFuKbbS  Austin Community College FALL 2025 junior false en [] <nil> [] []}]
2025-08-23T15:05:52: 2025/08/23 15:05:52 [INFO] Client 1 disconnected (context canceled)
2025-08-23T15:05:52: 2025/08/23 15:05:52 [INFO] Removing client 1 (reason: connection closing)
2025-08-23T15:06:30: 2025/08/23 15:06:30 [INFO] SSE connection attempt from 127.0.0.1:56896
2025-08-23T15:06:30: 2025/08/23 15:06:30 [INFO] New SSE user id : 1
2025-08-23T15:06:30: 2025/08/23 15:06:30 [INFO] Active Clients: map[1:0xc0002f0ed0]
2025-08-23T15:06:31: 2025/08/23 15:06:31 [INFO] User ID : 1, Total : 2, Followers : [{{3 2025-07-11 03:34:59.874003 -0500 CDT 2025-07-11 03:34:59.874003 -0500 CDT {0001-01-01 00:00:00 +0000 UTC false}} testuser test@example.com $2a$10$hSXbMB48sBxxdyhmnV65BeoYOBTFmzZLHSMa0iv7W1Rttl62vUS7G  Austin Community College FALL 2025 junior false  [] <nil> [] []} {{19 2025-08-06 19:38:56.30408 -0500 CDT 2025-08-06 19:38:56.30408 -0500 CDT {0001-01-01 00:00:00 +0000 UTC false}} Will wfotso21@gmail.com $2a$10$C0/9rF6Az4nlFFea5gZYXuFbpggw4ZSzJ6kJnxGz70gbVerFuKbbS  Austin Community College FALL 2025 junior false en [] <nil> [] []}]
2025-08-23T15:08:25: 2025/08/23 15:08:25 [INFO] Client 1 disconnected (context canceled)
2025-08-23T15:08:25: 2025/08/23 15:08:25 [INFO] Removing client 1 (reason: connection closing)
2025-08-23T15:09:04: 2025/08/23 15:09:04 [INFO] SSE connection attempt from 127.0.0.1:44742
2025-08-23T15:09:04: 2025/08/23 15:09:04 [INFO] New SSE user id : 1
2025-08-23T15:09:04: 2025/08/23 15:09:04 [INFO] Active Clients: map[1:0xc0002f1a10]
2025-08-23T15:09:05: 2025/08/23 15:09:05 [INFO] User ID : 1, Total : 2, Followers : [{{3 2025-07-11 03:34:59.874003 -0500 CDT 2025-07-11 03:34:59.874003 -0500 CDT {0001-01-01 00:00:00 +0000 UTC false}} testuser test@example.com $2a$10$hSXbMB48sBxxdyhmnV65BeoYOBTFmzZLHSMa0iv7W1Rttl62vUS7G  Austin Community College FALL 2025 junior false  [] <nil> [] []} {{19 2025-08-06 19:38:56.30408 -0500 CDT 2025-08-06 19:38:56.30408 -0500 CDT {0001-01-01 00:00:00 +0000 UTC false}} Will wfotso21@gmail.com $2a$10$C0/9rF6Az4nlFFea5gZYXuFbpggw4ZSzJ6kJnxGz70gbVerFuKbbS  Austin Community College FALL 2025 junior false en [] <nil> [] []}]
2025-08-23T15:20:14: 2025/08/23 15:20:14 [INFO] Client 1 disconnected (context canceled)
2025-08-23T15:20:14: 2025/08/23 15:20:14 [INFO] Removing client 1 (reason: connection closing)
2025-08-23T15:22:13: 2025/08/23 15:22:13 [INFO] SSE connection attempt from 127.0.0.1:49386
2025-08-23T15:22:13: 2025/08/23 15:22:13 [INFO] New SSE user id : 1
2025-08-23T15:22:13: 2025/08/23 15:22:13 [INFO] Active Clients: map[1:0xc00015fad0]
2025-08-23T15:22:14: 2025/08/23 15:22:14 [INFO] User ID : 1, Total : 2, Followers : [{{3 2025-07-11 03:34:59.874003 -0500 CDT 2025-07-11 03:34:59.874003 -0500 CDT {0001-01-01 00:00:00 +0000 UTC false}} testuser test@example.com $2a$10$hSXbMB48sBxxdyhmnV65BeoYOBTFmzZLHSMa0iv7W1Rttl62vUS7G  Austin Community College FALL 2025 junior false  [] <nil> [] []} {{19 2025-08-06 19:38:56.30408 -0500 CDT 2025-08-06 19:38:56.30408 -0500 CDT {0001-01-01 00:00:00 +0000 UTC false}} Will wfotso21@gmail.com $2a$10$C0/9rF6Az4nlFFea5gZYXuFbpggw4ZSzJ6kJnxGz70gbVerFuKbbS  Austin Community College FALL 2025 junior false en [] <nil> [] []}]
2025-08-23T15:35:15: 2025/08/23 15:35:15 [INFO] User ID : 3, Total : 0, Followers : []
2025-08-23T15:35:15: 2025/08/23 15:35:15 [INFO] User ID : 19, Total : 0, Followers : []
2025-08-23T16:18:20: 2025/08/23 16:18:20 [INFO] Client 1 disconnected (context canceled)
2025-08-23T16:18:20: 2025/08/23 16:18:20 [INFO] Removing client 1 (reason: connection closing)
2025-08-23T18:06:41: 2025/08/23 18:06:41 [INFO] SSE connection attempt from 127.0.0.1:54906
2025-08-23T18:06:41: 2025/08/23 18:06:41 [INFO] New SSE user id : 1
2025-08-23T18:06:41: 2025/08/23 18:06:41 [INFO] Active Clients: map[1:0xc00038f230]
2025-08-23T18:06:41: 2025/08/23 18:06:41 [INFO] User ID : 1, Total : 2, Followers : [{{3 2025-07-11 03:34:59.874003 -0500 CDT 2025-07-11 03:34:59.874003 -0500 CDT {0001-01-01 00:00:00 +0000 UTC false}} testuser test@example.com $2a$10$hSXbMB48sBxxdyhmnV65BeoYOBTFmzZLHSMa0iv7W1Rttl62vUS7G  Austin Community College FALL 2025 junior false  [] <nil> [] []} {{19 2025-08-06 19:38:56.30408 -0500 CDT 2025-08-06 19:38:56.30408 -0500 CDT {0001-01-01 00:00:00 +0000 UTC false}} Will wfotso21@gmail.com $2a$10$C0/9rF6Az4nlFFea5gZYXuFbpggw4ZSzJ6kJnxGz70gbVerFuKbbS  Austin Community College FALL 2025 junior false en [] <nil> [] []}]
2025-08-23T18:07:24: 2025/08/23 18:07:24 [INFO] user_id 1 assignment 110 column deadline value 2025-08-24 00:00:00-05:00
2025-08-23T18:12:22: 2025/08/23 18:12:22 [INFO] user_id 1 assignment 110 column deadline value 2025-08-10 00:00:00-05:00
2025-08-23T18:12:38: 2025/08/23 18:12:38 [INFO] Client 1 disconnected (context canceled)
2025-08-23T18:12:38: 2025/08/23 18:12:38 [INFO] Removing client 1 (reason: connection closing)
2025-08-23T18:16:59: 2025/08/23 18:16:59 [INFO] SSE connection attempt from 127.0.0.1:58162
2025-08-23T18:16:59: 2025/08/23 18:16:59 [INFO] New SSE user id : 1
2025-08-23T18:16:59: 2025/08/23 18:16:59 [INFO] Active Clients: map[1:0xc0002f11a0]
2025-08-23T18:17:00: 2025/08/23 18:17:00 [INFO] User ID : 1, Total : 2, Followers : [{{3 2025-07-11 03:34:59.874003 -0500 CDT 2025-07-11 03:34:59.874003 -0500 CDT {0001-01-01 00:00:00 +0000 UTC false}} testuser test@example.com $2a$10$hSXbMB48sBxxdyhmnV65BeoYOBTFmzZLHSMa0iv7W1Rttl62vUS7G  Austin Community College FALL 2025 junior false  [] <nil> [] []} {{19 2025-08-06 19:38:56.30408 -0500 CDT 2025-08-06 19:38:56.30408 -0500 CDT {0001-01-01 00:00:00 +0000 UTC false}} Will wfotso21@gmail.com $2a$10$C0/9rF6Az4nlFFea5gZYXuFbpggw4ZSzJ6kJnxGz70gbVerFuKbbS  Austin Community College FALL 2025 junior false en [] <nil> [] []}]
2025-08-23T18:17:54: 2025/08/23 18:17:54 [INFO] Client 1 disconnected (context canceled)
2025-08-23T18:17:54: 2025/08/23 18:17:54 [INFO] Removing client 1 (reason: connection closing)
2025-08-23T18:18:52: 2025/08/23 18:18:52 [INFO] SSE connection attempt from 127.0.0.1:32990
2025-08-23T18:18:52: 2025/08/23 18:18:52 [INFO] New SSE user id : 1
2025-08-23T18:18:52: 2025/08/23 18:18:52 [INFO] Active Clients: map[1:0xc0003f0cc0]
2025-08-23T18:18:53: 2025/08/23 18:18:53 [INFO] User ID : 1, Total : 2, Followers : [{{3 2025-07-11 03:34:59.874003 -0500 CDT 2025-07-11 03:34:59.874003 -0500 CDT {0001-01-01 00:00:00 +0000 UTC false}} testuser test@example.com $2a$10$hSXbMB48sBxxdyhmnV65BeoYOBTFmzZLHSMa0iv7W1Rttl62vUS7G  Austin Community College FALL 2025 junior false  [] <nil> [] []} {{19 2025-08-06 19:38:56.30408 -0500 CDT 2025-08-06 19:38:56.30408 -0500 CDT {0001-01-01 00:00:00 +0000 UTC false}} Will wfotso21@gmail.com $2a$10$C0/9rF6Az4nlFFea5gZYXuFbpggw4ZSzJ6kJnxGz70gbVerFuKbbS  Austin Community College FALL 2025 junior false en [] <nil> [] []}]
2025-08-23T18:19:16: 2025/08/23 18:19:16 [INFO] Client 1 disconnected (context canceled)
2025-08-23T18:19:16: 2025/08/23 18:19:16 [INFO] Removing client 1 (reason: connection closing)
2025-08-23T18:20:12: 2025/08/23 18:20:12 [INFO] SSE connection attempt from 127.0.0.1:45760
2025-08-23T18:20:12: 2025/08/23 18:20:12 [INFO] New SSE user id : 1
2025-08-23T18:20:12: 2025/08/23 18:20:12 [INFO] Active Clients: map[1:0xc00033dad0]
2025-08-23T18:20:12: 2025/08/23 18:20:12 [INFO] User ID : 1, Total : 2, Followers : [{{3 2025-07-11 03:34:59.874003 -0500 CDT 2025-07-11 03:34:59.874003 -0500 CDT {0001-01-01 00:00:00 +0000 UTC false}} testuser test@example.com $2a$10$hSXbMB48sBxxdyhmnV65BeoYOBTFmzZLHSMa0iv7W1Rttl62vUS7G  Austin Community College FALL 2025 junior false  [] <nil> [] []} {{19 2025-08-06 19:38:56.30408 -0500 CDT 2025-08-06 19:38:56.30408 -0500 CDT {0001-01-01 00:00:00 +0000 UTC false}} Will wfotso21@gmail.com $2a$10$C0/9rF6Az4nlFFea5gZYXuFbpggw4ZSzJ6kJnxGz70gbVerFuKbbS  Austin Community College FALL 2025 junior false en [] <nil> [] []}]
2025-08-23T18:20:23: 2025/08/23 18:20:23 [INFO] user_id 1 assignment 110 column deadline value 2025-08-24 00:00:00-05:00
2025-08-23T18:25:35: 2025/08/23 18:25:35 [INFO] Client 1 disconnected (context canceled)
2025-08-23T18:25:35: 2025/08/23 18:25:35 [INFO] Removing client 1 (reason: connection closing)
2025-08-23T18:26:00: 2025/08/23 18:26:00 [INFO] SSE connection attempt from 127.0.0.1:33398
2025-08-23T18:26:00: 2025/08/23 18:26:00 [INFO] New SSE user id : 1
2025-08-23T18:26:00: 2025/08/23 18:26:00 [INFO] Active Clients: map[1:0xc0003b2f90]
2025-08-23T18:26:00: 2025/08/23 18:26:00 [INFO] User ID : 1, Total : 2, Followers : [{{3 2025-07-11 03:34:59.874003 -0500 CDT 2025-07-11 03:34:59.874003 -0500 CDT {0001-01-01 00:00:00 +0000 UTC false}} testuser test@example.com $2a$10$hSXbMB48sBxxdyhmnV65BeoYOBTFmzZLHSMa0iv7W1Rttl62vUS7G  Austin Community College FALL 2025 junior false  [] <nil> [] []} {{19 2025-08-06 19:38:56.30408 -0500 CDT 2025-08-06 19:38:56.30408 -0500 CDT {0001-01-01 00:00:00 +0000 UTC false}} Will wfotso21@gmail.com $2a$10$C0/9rF6Az4nlFFea5gZYXuFbpggw4ZSzJ6kJnxGz70gbVerFuKbbS  Austin Community College FALL 2025 junior false en [] <nil> [] []}]
2025-08-23T18:26:26: 2025/08/23 18:26:26 [INFO] user_id 1 assignment 110 column status_name value Not started
2025-08-23T18:26:34: 2025/08/23 18:26:34 [INFO] user_id 1 assignment 110 column status_name value Done
2025-08-23T18:26:37: 2025/08/23 18:26:37 [INFO] user_id 1 assignment 110 column status_name value Not started
2025-08-23T18:26:55: 2025/08/23 18:26:55 [INFO] Client 1 disconnected (context canceled)
2025-08-23T18:26:55: 2025/08/23 18:26:55 [INFO] Removing client 1 (reason: connection closing)
2025-08-23T18:26:58: 2025/08/23 18:26:58 [INFO] SSE connection attempt from 127.0.0.1:59720
2025-08-23T18:26:58: 2025/08/23 18:26:58 [INFO] New SSE user id : 1
2025-08-23T18:26:58: 2025/08/23 18:26:58 [INFO] Active Clients: map[1:0xc00015ef30]
2025-08-23T18:26:58: 2025/08/23 18:26:58 [INFO] User ID : 1, Total : 2, Followers : [{{3 2025-07-11 03:34:59.874003 -0500 CDT 2025-07-11 03:34:59.874003 -0500 CDT {0001-01-01 00:00:00 +0000 UTC false}} testuser test@example.com $2a$10$hSXbMB48sBxxdyhmnV65BeoYOBTFmzZLHSMa0iv7W1Rttl62vUS7G  Austin Community College FALL 2025 junior false  [] <nil> [] []} {{19 2025-08-06 19:38:56.30408 -0500 CDT 2025-08-06 19:38:56.30408 -0500 CDT {0001-01-01 00:00:00 +0000 UTC false}} Will wfotso21@gmail.com $2a$10$C0/9rF6Az4nlFFea5gZYXuFbpggw4ZSzJ6kJnxGz70gbVerFuKbbS  Austin Community College FALL 2025 junior false en [] <nil> [] []}]
2025-08-23T18:28:47: 2025/08/23 18:28:47 [INFO] Client 1 disconnected (context canceled)
2025-08-23T18:28:47: 2025/08/23 18:28:47 [INFO] Removing client 1 (reason: connection closing)
2025-08-23T18:28:50: 2025/08/23 18:28:50 [INFO] SSE connection attempt from 127.0.0.1:42484
2025-08-23T18:28:50: 2025/08/23 18:28:50 [INFO] New SSE user id : 1
2025-08-23T18:28:50: 2025/08/23 18:28:50 [INFO] Active Clients: map[1:0xc00037d710]
2025-08-23T18:28:50: 2025/08/23 18:28:50 [INFO] User ID : 1, Total : 2, Followers : [{{3 2025-07-11 03:34:59.874003 -0500 CDT 2025-07-11 03:34:59.874003 -0500 CDT {0001-01-01 00:00:00 +0000 UTC false}} testuser test@example.com $2a$10$hSXbMB48sBxxdyhmnV65BeoYOBTFmzZLHSMa0iv7W1Rttl62vUS7G  Austin Community College FALL 2025 junior false  [] <nil> [] []} {{19 2025-08-06 19:38:56.30408 -0500 CDT 2025-08-06 19:38:56.30408 -0500 CDT {0001-01-01 00:00:00 +0000 UTC false}} Will wfotso21@gmail.com $2a$10$C0/9rF6Az4nlFFea5gZYXuFbpggw4ZSzJ6kJnxGz70gbVerFuKbbS  Austin Community College FALL 2025 junior false en [] <nil> [] []}]
2025-08-23T18:29:08: 2025/08/23 18:29:08 [INFO] Client 1 disconnected (context canceled)
2025-08-23T18:29:08: 2025/08/23 18:29:08 [INFO] Removing client 1 (reason: connection closing)
2025-08-23T18:32:39: 2025/08/23 18:32:39 [INFO] SSE connection attempt from 127.0.0.1:34238
2025-08-23T18:32:39: 2025/08/23 18:32:39 [INFO] New SSE user id : 1
2025-08-23T18:32:39: 2025/08/23 18:32:39 [INFO] Active Clients: map[1:0xc0003f1e60]
2025-08-23T18:32:39: 2025/08/23 18:32:39 [INFO] User ID : 1, Total : 2, Followers : [{{3 2025-07-11 03:34:59.874003 -0500 CDT 2025-07-11 03:34:59.874003 -0500 CDT {0001-01-01 00:00:00 +0000 UTC false}} testuser test@example.com $2a$10$hSXbMB48sBxxdyhmnV65BeoYOBTFmzZLHSMa0iv7W1Rttl62vUS7G  Austin Community College FALL 2025 junior false  [] <nil> [] []} {{19 2025-08-06 19:38:56.30408 -0500 CDT 2025-08-06 19:38:56.30408 -0500 CDT {0001-01-01 00:00:00 +0000 UTC false}} Will wfotso21@gmail.com $2a$10$C0/9rF6Az4nlFFea5gZYXuFbpggw4ZSzJ6kJnxGz70gbVerFuKbbS  Austin Community College FALL 2025 junior false en [] <nil> [] []}]
2025-08-23T18:33:29: 2025/08/23 18:33:29 [INFO] Client 1 disconnected (context canceled)
2025-08-23T18:33:29: 2025/08/23 18:33:29 [INFO] Removing client 1 (reason: connection closing)
2025-08-23T18:35:36: 2025/08/23 18:35:36 [INFO] SSE connection attempt from 127.0.0.1:36560
2025-08-23T18:35:36: 2025/08/23 18:35:36 [INFO] New SSE user id : 1
2025-08-23T18:35:36: 2025/08/23 18:35:36 [INFO] Active Clients: map[1:0xc00015f290]
2025-08-23T18:35:37: 2025/08/23 18:35:37 [INFO] User ID : 1, Total : 2, Followers : [{{3 2025-07-11 03:34:59.874003 -0500 CDT 2025-07-11 03:34:59.874003 -0500 CDT {0001-01-01 00:00:00 +0000 UTC false}} testuser test@example.com $2a$10$hSXbMB48sBxxdyhmnV65BeoYOBTFmzZLHSMa0iv7W1Rttl62vUS7G  Austin Community College FALL 2025 junior false  [] <nil> [] []} {{19 2025-08-06 19:38:56.30408 -0500 CDT 2025-08-06 19:38:56.30408 -0500 CDT {0001-01-01 00:00:00 +0000 UTC false}} Will wfotso21@gmail.com $2a$10$C0/9rF6Az4nlFFea5gZYXuFbpggw4ZSzJ6kJnxGz70gbVerFuKbbS  Austin Community College FALL 2025 junior false en [] <nil> [] []}]
2025-08-23T18:43:23: 2025/08/23 18:43:23 [INFO] Client 1 disconnected (context canceled)
2025-08-23T18:43:23: 2025/08/23 18:43:23 [INFO] Removing client 1 (reason: connection closing)
2025-08-23T21:53:53: 2025/08/23 21:53:53 [INFO] SSE connection attempt from 127.0.0.1:59556
2025-08-23T21:53:53: 2025/08/23 21:53:53 [INFO] New SSE user id : 1
2025-08-23T21:53:53: 2025/08/23 21:53:53 [INFO] Active Clients: map[1:0xc000188720]
2025-08-23T21:53:54: 2025/08/23 21:53:54 [INFO] User ID : 1, Total : 2, Followers : [{{3 2025-07-11 03:34:59.874003 -0500 CDT 2025-07-11 03:34:59.874003 -0500 CDT {0001-01-01 00:00:00 +0000 UTC false}} testuser test@example.com $2a$10$hSXbMB48sBxxdyhmnV65BeoYOBTFmzZLHSMa0iv7W1Rttl62vUS7G  Austin Community College FALL 2025 junior false  [] <nil> [] []} {{19 2025-08-06 19:38:56.30408 -0500 CDT 2025-08-06 19:38:56.30408 -0500 CDT {0001-01-01 00:00:00 +0000 UTC false}} Will wfotso21@gmail.com $2a$10$C0/9rF6Az4nlFFea5gZYXuFbpggw4ZSzJ6kJnxGz70gbVerFuKbbS  Austin Community College FALL 2025 junior false en [] <nil> [] []}]
2025-08-23T21:53:54: 2025/08/23 21:53:54 [INFO] SSE connection attempt from 127.0.0.1:59598
2025-08-23T21:53:54: 2025/08/23 21:53:54 [INFO] New SSE user id : 1
2025-08-23T21:53:54: 2025/08/23 21:53:54 [INFO] Active Clients: map[1:0xc0002f15f0]
2025-08-23T21:53:54: 2025/08/23 21:53:54 [INFO] User ID : 1, Total : 2, Followers : [{{3 2025-07-11 03:34:59.874003 -0500 CDT 2025-07-11 03:34:59.874003 -0500 CDT {0001-01-01 00:00:00 +0000 UTC false}} testuser test@example.com $2a$10$hSXbMB48sBxxdyhmnV65BeoYOBTFmzZLHSMa0iv7W1Rttl62vUS7G  Austin Community College FALL 2025 junior false  [] <nil> [] []} {{19 2025-08-06 19:38:56.30408 -0500 CDT 2025-08-06 19:38:56.30408 -0500 CDT {0001-01-01 00:00:00 +0000 UTC false}} Will wfotso21@gmail.com $2a$10$C0/9rF6Az4nlFFea5gZYXuFbpggw4ZSzJ6kJnxGz70gbVerFuKbbS  Austin Community College FALL 2025 junior false en [] <nil> [] []}]
2025-08-23T21:55:11: 2025/08/23 21:55:11 [INFO] Client 1 disconnected (context canceled)
2025-08-23T21:55:11: 2025/08/23 21:55:11 [INFO] Removing client 1 (reason: connection closing)
2025-08-23T21:55:17: 2025/08/23 21:55:17 [INFO] Client 1 disconnected (context canceled)
2025-08-23T21:55:17: 2025/08/23 21:55:17 [INFO] Removing client 1 (reason: connection closing)
2025-08-23T21:55:18: 2025/08/23 21:55:18 [INFO] SSE connection attempt from 127.0.0.1:50498
2025-08-23T21:55:18: 2025/08/23 21:55:18 [INFO] New SSE user id : 1
2025-08-23T21:55:18: 2025/08/23 21:55:18 [INFO] Active Clients: map[1:0xc00037c4e0]
2025-08-23T21:55:18: 2025/08/23 21:55:18 [INFO] User ID : 1, Total : 2, Followers : [{{3 2025-07-11 03:34:59.874003 -0500 CDT 2025-07-11 03:34:59.874003 -0500 CDT {0001-01-01 00:00:00 +0000 UTC false}} testuser test@example.com $2a$10$hSXbMB48sBxxdyhmnV65BeoYOBTFmzZLHSMa0iv7W1Rttl62vUS7G  Austin Community College FALL 2025 junior false  [] <nil> [] []} {{19 2025-08-06 19:38:56.30408 -0500 CDT 2025-08-06 19:38:56.30408 -0500 CDT {0001-01-01 00:00:00 +0000 UTC false}} Will wfotso21@gmail.com $2a$10$C0/9rF6Az4nlFFea5gZYXuFbpggw4ZSzJ6kJnxGz70gbVerFuKbbS  Austin Community College FALL 2025 junior false en [] <nil> [] []}]
2025-08-23T21:55:25: 2025/08/23 21:55:25 [INFO] Client 1 disconnected (context canceled)
2025-08-23T21:55:25: 2025/08/23 21:55:25 [INFO] Removing client 1 (reason: connection closing)
2025-08-23T21:55:28: 2025/08/23 21:55:28 [INFO] SSE connection attempt from 127.0.0.1:41528
2025-08-23T21:55:28: 2025/08/23 21:55:28 [INFO] New SSE user id : 1
2025-08-23T21:55:28: 2025/08/23 21:55:28 [INFO] Active Clients: map[1:0xc0003a2240]
2025-08-23T21:55:28: 2025/08/23 21:55:28 [INFO] User ID : 1, Total : 2, Followers : [{{3 2025-07-11 03:34:59.874003 -0500 CDT 2025-07-11 03:34:59.874003 -0500 CDT {0001-01-01 00:00:00 +0000 UTC false}} testuser test@example.com $2a$10$hSXbMB48sBxxdyhmnV65BeoYOBTFmzZLHSMa0iv7W1Rttl62vUS7G  Austin Community College FALL 2025 junior false  [] <nil> [] []} {{19 2025-08-06 19:38:56.30408 -0500 CDT 2025-08-06 19:38:56.30408 -0500 CDT {0001-01-01 00:00:00 +0000 UTC false}} Will wfotso21@gmail.com $2a$10$C0/9rF6Az4nlFFea5gZYXuFbpggw4ZSzJ6kJnxGz70gbVerFuKbbS  Austin Community College FALL 2025 junior false en [] <nil> [] []}]
2025-08-23T21:55:53: 2025/08/23 21:55:53 [INFO] Client 1 disconnected (context canceled)
2025-08-23T21:55:53: 2025/08/23 21:55:53 [INFO] Removing client 1 (reason: connection closing)
2025-08-23T22:02:37: 2025/08/23 22:02:37 [INFO] SSE connection attempt from 127.0.0.1:34594
2025-08-23T22:02:37: 2025/08/23 22:02:37 [INFO] New SSE user id : 1
2025-08-23T22:02:37: 2025/08/23 22:02:37 [INFO] Active Clients: map[1:0xc000189350]
2025-08-23T22:02:37: 2025/08/23 22:02:37 [INFO] User ID : 1, Total : 2, Followers : [{{3 2025-07-11 03:34:59.874003 -0500 CDT 2025-07-11 03:34:59.874003 -0500 CDT {0001-01-01 00:00:00 +0000 UTC false}} testuser test@example.com $2a$10$hSXbMB48sBxxdyhmnV65BeoYOBTFmzZLHSMa0iv7W1Rttl62vUS7G  Austin Community College FALL 2025 junior false  [] <nil> [] []} {{19 2025-08-06 19:38:56.30408 -0500 CDT 2025-08-06 19:38:56.30408 -0500 CDT {0001-01-01 00:00:00 +0000 UTC false}} Will wfotso21@gmail.com $2a$10$C0/9rF6Az4nlFFea5gZYXuFbpggw4ZSzJ6kJnxGz70gbVerFuKbbS  Austin Community College FALL 2025 junior false en [] <nil> [] []}]
2025-08-23T22:06:58: 2025/08/23 22:06:58 [INFO] user_id 1 assignment 110 column status_name value In progress
2025-08-23T22:07:03: 2025/08/23 22:07:03 [INFO] user_id 1 assignment 110 column status_name value Not started
2025-08-23T22:28:07: 2025/08/23 22:28:07 [INFO] Client 1 disconnected (context canceled)
2025-08-23T22:28:07: 2025/08/23 22:28:07 [INFO] Removing client 1 (reason: connection closing)
2025-08-23T22:28:18: 2025/08/23 22:28:18 [INFO] SSE connection attempt from 127.0.0.1:36274
2025-08-23T22:28:18: 2025/08/23 22:28:18 [INFO] New SSE user id : 1
2025-08-23T22:28:18: 2025/08/23 22:28:18 [INFO] Active Clients: map[1:0xc0003db2c0]
2025-08-23T22:28:19: 2025/08/23 22:28:19 [INFO] User ID : 1, Total : 2, Followers : [{{3 2025-07-11 03:34:59.874003 -0500 CDT 2025-07-11 03:34:59.874003 -0500 CDT {0001-01-01 00:00:00 +0000 UTC false}} testuser test@example.com $2a$10$hSXbMB48sBxxdyhmnV65BeoYOBTFmzZLHSMa0iv7W1Rttl62vUS7G  Austin Community College FALL 2025 junior false  [] <nil> [] []} {{19 2025-08-06 19:38:56.30408 -0500 CDT 2025-08-06 19:38:56.30408 -0500 CDT {0001-01-01 00:00:00 +0000 UTC false}} Will wfotso21@gmail.com $2a$10$C0/9rF6Az4nlFFea5gZYXuFbpggw4ZSzJ6kJnxGz70gbVerFuKbbS  Austin Community College FALL 2025 junior false en [] <nil> [] []}]
2025-08-23T22:29:05: 2025/08/23 22:29:05 [INFO] Client 1 disconnected (context canceled)
2025-08-23T22:29:05: 2025/08/23 22:29:05 [INFO] Removing client 1 (reason: connection closing)
2025-08-23T23:55:57: 2025/08/23 23:55:57 [INFO] User ID : 1, Total : 2, Followers : [{{3 2025-07-11 03:34:59.874003 -0500 CDT 2025-07-11 03:34:59.874003 -0500 CDT {0001-01-01 00:00:00 +0000 UTC false}} testuser test@example.com $2a$10$hSXbMB48sBxxdyhmnV65BeoYOBTFmzZLHSMa0iv7W1Rttl62vUS7G  Austin Community College FALL 2025 junior false  [] <nil> [] []} {{19 2025-08-06 19:38:56.30408 -0500 CDT 2025-08-06 19:38:56.30408 -0500 CDT {0001-01-01 00:00:00 +0000 UTC false}} Will wfotso21@gmail.com $2a$10$C0/9rF6Az4nlFFea5gZYXuFbpggw4ZSzJ6kJnxGz70gbVerFuKbbS  Austin Community College FALL 2025 junior false en [] <nil> [] []}]
2025-08-23T23:56:01: 2025/08/23 23:56:01 [INFO] SSE connection attempt from 127.0.0.1:41980
2025-08-23T23:56:01: 2025/08/23 23:56:01 [INFO] New SSE user id : 1
2025-08-23T23:56:01: 2025/08/23 23:56:01 [INFO] Active Clients: map[1:0xc0000a7a70]
2025-08-23T23:56:49: 2025/08/23 23:56:49 [INFO] Client 1 disconnected (context canceled)
2025-08-23T23:56:49: 2025/08/23 23:56:49 [INFO] Removing client 1 (reason: connection closing)
2025-08-23T23:57:29: 2025/08/23 23:57:29 [INFO] SSE connection attempt from 127.0.0.1:53598
2025-08-23T23:57:29: 2025/08/23 23:57:29 [INFO] New SSE user id : 1
2025-08-23T23:57:29: 2025/08/23 23:57:29 [INFO] Active Clients: map[1:0xc0003da240]
2025-08-23T23:57:29: 2025/08/23 23:57:29 [INFO] User ID : 1, Total : 2, Followers : [{{3 2025-07-11 03:34:59.874003 -0500 CDT 2025-07-11 03:34:59.874003 -0500 CDT {0001-01-01 00:00:00 +0000 UTC false}} testuser test@example.com $2a$10$hSXbMB48sBxxdyhmnV65BeoYOBTFmzZLHSMa0iv7W1Rttl62vUS7G  Austin Community College FALL 2025 junior false  [] <nil> [] []} {{19 2025-08-06 19:38:56.30408 -0500 CDT 2025-08-06 19:38:56.30408 -0500 CDT {0001-01-01 00:00:00 +0000 UTC false}} Will wfotso21@gmail.com $2a$10$C0/9rF6Az4nlFFea5gZYXuFbpggw4ZSzJ6kJnxGz70gbVerFuKbbS  Austin Community College FALL 2025 junior false en [] <nil> [] []}]
2025-08-23T23:57:52: 2025/08/23 23:57:52 [INFO] Client 1 disconnected (context canceled)
2025-08-23T23:57:52: 2025/08/23 23:57:52 [INFO] Removing client 1 (reason: connection closing)
2025-08-24T00:07:40: 2025/08/24 00:07:40 [INFO] User ID : 1, Total : 2, Followers : [{{3 2025-07-11 03:34:59.874003 -0500 CDT 2025-07-11 03:34:59.874003 -0500 CDT {0001-01-01 00:00:00 +0000 UTC false}} testuser test@example.com $2a$10$hSXbMB48sBxxdyhmnV65BeoYOBTFmzZLHSMa0iv7W1Rttl62vUS7G  Austin Community College FALL 2025 junior false  [] <nil> [] []} {{19 2025-08-06 19:38:56.30408 -0500 CDT 2025-08-06 19:38:56.30408 -0500 CDT {0001-01-01 00:00:00 +0000 UTC false}} Will wfotso21@gmail.com $2a$10$C0/9rF6Az4nlFFea5gZYXuFbpggw4ZSzJ6kJnxGz70gbVerFuKbbS  Austin Community College FALL 2025 junior false en [] <nil> [] []}]
2025-08-24T00:08:03: 2025/08/24 00:08:03 [INFO] SSE connection attempt from 127.0.0.1:41200
2025-08-24T00:08:03: 2025/08/24 00:08:03 [INFO] New SSE user id : 1
2025-08-24T00:08:03: 2025/08/24 00:08:03 [INFO] Active Clients: map[1:0xc0003db350]
2025-08-24T00:08:11: 2025/08/24 00:08:11 [INFO] Client 1 disconnected (context canceled)
2025-08-24T00:08:11: 2025/08/24 00:08:11 [INFO] Removing client 1 (reason: connection closing)
2025-08-24T00:09:45: 2025/08/24 00:09:45 [INFO] User ID : 1, Total : 2, Followers : [{{3 2025-07-11 03:34:59.874003 -0500 CDT 2025-07-11 03:34:59.874003 -0500 CDT {0001-01-01 00:00:00 +0000 UTC false}} testuser test@example.com $2a$10$hSXbMB48sBxxdyhmnV65BeoYOBTFmzZLHSMa0iv7W1Rttl62vUS7G  Austin Community College FALL 2025 junior false  [] <nil> [] []} {{19 2025-08-06 19:38:56.30408 -0500 CDT 2025-08-06 19:38:56.30408 -0500 CDT {0001-01-01 00:00:00 +0000 UTC false}} Will wfotso21@gmail.com $2a$10$C0/9rF6Az4nlFFea5gZYXuFbpggw4ZSzJ6kJnxGz70gbVerFuKbbS  Austin Community College FALL 2025 junior false en [] <nil> [] []}]
2025-08-24T00:09:48: 2025/08/24 00:09:48 [INFO] SSE connection attempt from 127.0.0.1:41420
2025-08-24T00:09:48: 2025/08/24 00:09:48 [INFO] New SSE user id : 1
2025-08-24T00:09:48: 2025/08/24 00:09:48 [INFO] Active Clients: map[1:0xc0003b3f20]
2025-08-24T00:10:20: 2025/08/24 00:10:20 [INFO] Client 1 disconnected (context canceled)
2025-08-24T00:10:20: 2025/08/24 00:10:20 [INFO] Removing client 1 (reason: connection closing)
2025-08-24T00:10:41: 2025/08/24 00:10:41 [INFO] SSE connection attempt from 127.0.0.1:51774
2025-08-24T00:10:41: 2025/08/24 00:10:41 [INFO] New SSE user id : 1
2025-08-24T00:10:41: 2025/08/24 00:10:41 [INFO] Active Clients: map[1:0xc00038ed50]
2025-08-24T00:10:42: 2025/08/24 00:10:42 [INFO] User ID : 1, Total : 2, Followers : [{{3 2025-07-11 03:34:59.874003 -0500 CDT 2025-07-11 03:34:59.874003 -0500 CDT {0001-01-01 00:00:00 +0000 UTC false}} testuser test@example.com $2a$10$hSXbMB48sBxxdyhmnV65BeoYOBTFmzZLHSMa0iv7W1Rttl62vUS7G  Austin Community College FALL 2025 junior false  [] <nil> [] []} {{19 2025-08-06 19:38:56.30408 -0500 CDT 2025-08-06 19:38:56.30408 -0500 CDT {0001-01-01 00:00:00 +0000 UTC false}} Will wfotso21@gmail.com $2a$10$C0/9rF6Az4nlFFea5gZYXuFbpggw4ZSzJ6kJnxGz70gbVerFuKbbS  Austin Community College FALL 2025 junior false en [] <nil> [] []}]
2025-08-24T00:10:56: 2025/08/24 00:10:56 [INFO] Client 1 disconnected (context canceled)
2025-08-24T00:10:56: 2025/08/24 00:10:56 [INFO] Removing client 1 (reason: connection closing)
2025-08-24T00:16:09: 2025/08/24 00:16:09 [INFO] SSE connection attempt from 127.0.0.1:52450
2025-08-24T00:16:09: 2025/08/24 00:16:09 [INFO] New SSE user id : 1
2025-08-24T00:16:09: 2025/08/24 00:16:09 [INFO] Active Clients: map[1:0xc0002f07e0]
2025-08-24T00:16:09: 2025/08/24 00:16:09 [INFO] User ID : 1, Total : 2, Followers : [{{3 2025-07-11 03:34:59.874003 -0500 CDT 2025-07-11 03:34:59.874003 -0500 CDT {0001-01-01 00:00:00 +0000 UTC false}} testuser test@example.com $2a$10$hSXbMB48sBxxdyhmnV65BeoYOBTFmzZLHSMa0iv7W1Rttl62vUS7G  Austin Community College FALL 2025 junior false  [] <nil> [] []} {{19 2025-08-06 19:38:56.30408 -0500 CDT 2025-08-06 19:38:56.30408 -0500 CDT {0001-01-01 00:00:00 +0000 UTC false}} Will wfotso21@gmail.com $2a$10$C0/9rF6Az4nlFFea5gZYXuFbpggw4ZSzJ6kJnxGz70gbVerFuKbbS  Austin Community College FALL 2025 junior false en [] <nil> [] []}]
2025-08-24T00:16:53: 2025/08/24 00:16:53 [INFO] Client 1 disconnected (context canceled)
2025-08-24T00:16:53: 2025/08/24 00:16:53 [INFO] Removing client 1 (reason: connection closing)
2025-08-24T00:16:57: 2025/08/24 00:16:57 [INFO] User ID : 1, Total : 2, Followers : [{{3 2025-07-11 03:34:59.874003 -0500 CDT 2025-07-11 03:34:59.874003 -0500 CDT {0001-01-01 00:00:00 +0000 UTC false}} testuser test@example.com $2a$10$hSXbMB48sBxxdyhmnV65BeoYOBTFmzZLHSMa0iv7W1Rttl62vUS7G  Austin Community College FALL 2025 junior false  [] <nil> [] []} {{19 2025-08-06 19:38:56.30408 -0500 CDT 2025-08-06 19:38:56.30408 -0500 CDT {0001-01-01 00:00:00 +0000 UTC false}} Will wfotso21@gmail.com $2a$10$C0/9rF6Az4nlFFea5gZYXuFbpggw4ZSzJ6kJnxGz70gbVerFuKbbS  Austin Community College FALL 2025 junior false en [] <nil> [] []}]
2025-08-24T00:17:01: 2025/08/24 00:17:01 [INFO] SSE connection attempt from 127.0.0.1:46424
2025-08-24T00:17:01: 2025/08/24 00:17:01 [INFO] New SSE user id : 1
2025-08-24T00:17:01: 2025/08/24 00:17:01 [INFO] Active Clients: map[1:0xc0003b3e00]
2025-08-24T00:17:10: 2025/08/24 00:17:10 [INFO] Client 1 disconnected (context canceled)
2025-08-24T00:17:10: 2025/08/24 00:17:10 [INFO] Removing client 1 (reason: connection closing)
2025-08-24T00:17:53: 2025/08/24 00:17:53 [INFO] SSE connection attempt from 127.0.0.1:44354
2025-08-24T00:17:53: 2025/08/24 00:17:53 [INFO] New SSE user id : 1
2025-08-24T00:17:53: 2025/08/24 00:17:53 [INFO] Active Clients: map[1:0xc00038ee40]
2025-08-24T00:17:54: 2025/08/24 00:17:54 [INFO] User ID : 1, Total : 2, Followers : [{{3 2025-07-11 03:34:59.874003 -0500 CDT 2025-07-11 03:34:59.874003 -0500 CDT {0001-01-01 00:00:00 +0000 UTC false}} testuser test@example.com $2a$10$hSXbMB48sBxxdyhmnV65BeoYOBTFmzZLHSMa0iv7W1Rttl62vUS7G  Austin Community College FALL 2025 junior false  [] <nil> [] []} {{19 2025-08-06 19:38:56.30408 -0500 CDT 2025-08-06 19:38:56.30408 -0500 CDT {0001-01-01 00:00:00 +0000 UTC false}} Will wfotso21@gmail.com $2a$10$C0/9rF6Az4nlFFea5gZYXuFbpggw4ZSzJ6kJnxGz70gbVerFuKbbS  Austin Community College FALL 2025 junior false en [] <nil> [] []}]
2025-08-24T00:18:01: 2025/08/24 00:18:01 [INFO] Client 1 disconnected (context canceled)
2025-08-24T00:18:01: 2025/08/24 00:18:01 [INFO] Removing client 1 (reason: connection closing)
2025-08-24T00:18:20: 2025/08/24 00:18:20 [INFO] User ID : 1, Total : 2, Followers : [{{3 2025-07-11 03:34:59.874003 -0500 CDT 2025-07-11 03:34:59.874003 -0500 CDT {0001-01-01 00:00:00 +0000 UTC false}} testuser test@example.com $2a$10$hSXbMB48sBxxdyhmnV65BeoYOBTFmzZLHSMa0iv7W1Rttl62vUS7G  Austin Community College FALL 2025 junior false  [] <nil> [] []} {{19 2025-08-06 19:38:56.30408 -0500 CDT 2025-08-06 19:38:56.30408 -0500 CDT {0001-01-01 00:00:00 +0000 UTC false}} Will wfotso21@gmail.com $2a$10$C0/9rF6Az4nlFFea5gZYXuFbpggw4ZSzJ6kJnxGz70gbVerFuKbbS  Austin Community College FALL 2025 junior false en [] <nil> [] []}]
2025-08-24T00:18:46: 2025/08/24 00:18:46 [INFO] SSE connection attempt from 127.0.0.1:52340
2025-08-24T00:18:46: 2025/08/24 00:18:46 [INFO] New SSE user id : 1
2025-08-24T00:18:46: 2025/08/24 00:18:46 [INFO] Active Clients: map[1:0xc0003c7470]
2025-08-24T00:18:46: 2025/08/24 00:18:46 [INFO] User ID : 1, Total : 2, Followers : [{{3 2025-07-11 03:34:59.874003 -0500 CDT 2025-07-11 03:34:59.874003 -0500 CDT {0001-01-01 00:00:00 +0000 UTC false}} testuser test@example.com $2a$10$hSXbMB48sBxxdyhmnV65BeoYOBTFmzZLHSMa0iv7W1Rttl62vUS7G  Austin Community College FALL 2025 junior false  [] <nil> [] []} {{19 2025-08-06 19:38:56.30408 -0500 CDT 2025-08-06 19:38:56.30408 -0500 CDT {0001-01-01 00:00:00 +0000 UTC false}} Will wfotso21@gmail.com $2a$10$C0/9rF6Az4nlFFea5gZYXuFbpggw4ZSzJ6kJnxGz70gbVerFuKbbS  Austin Community College FALL 2025 junior false en [] <nil> [] []}]
2025-08-24T00:29:26: 2025/08/24 00:29:26 [INFO] User ID : 1, Total : 2, Followers : [{{3 2025-07-11 03:34:59.874003 -0500 CDT 2025-07-11 03:34:59.874003 -0500 CDT {0001-01-01 00:00:00 +0000 UTC false}} testuser test@example.com $2a$10$hSXbMB48sBxxdyhmnV65BeoYOBTFmzZLHSMa0iv7W1Rttl62vUS7G  Austin Community College FALL 2025 junior false  [] <nil> [] []} {{19 2025-08-06 19:38:56.30408 -0500 CDT 2025-08-06 19:38:56.30408 -0500 CDT {0001-01-01 00:00:00 +0000 UTC false}} Will wfotso21@gmail.com $2a$10$C0/9rF6Az4nlFFea5gZYXuFbpggw4ZSzJ6kJnxGz70gbVerFuKbbS  Austin Community College FALL 2025 junior false en [] <nil> [] []}]
2025-08-24T00:30:05: 2025/08/24 00:30:05 [INFO] SSE connection attempt from 127.0.0.1:57692
2025-08-24T00:30:05: 2025/08/24 00:30:05 [INFO] New SSE user id : 1
2025-08-24T00:30:05: 2025/08/24 00:30:05 [INFO] Active Clients: map[1:0xc00038e150]
2025-08-24T00:30:23: 2025/08/24 00:30:23 [INFO] Client 1 disconnected (context canceled)
2025-08-24T00:30:23: 2025/08/24 00:30:23 [INFO] Removing client 1 (reason: connection closing)
2025-08-24T00:34:04: 2025/08/24 00:34:04 [INFO] Client 1 disconnected (context canceled)
2025-08-24T00:34:04: 2025/08/24 00:34:04 [INFO] Removing client 1 (reason: connection closing)
2025-08-24T00:34:11: 2025/08/24 00:34:11 [INFO] SSE connection attempt from 127.0.0.1:43772
2025-08-24T00:34:11: 2025/08/24 00:34:11 [INFO] New SSE user id : 1
2025-08-24T00:34:11: 2025/08/24 00:34:11 [INFO] Active Clients: map[1:0xc0003a3080]
2025-08-24T00:34:11: 2025/08/24 00:34:11 [INFO] User ID : 1, Total : 2, Followers : [{{3 2025-07-11 03:34:59.874003 -0500 CDT 2025-07-11 03:34:59.874003 -0500 CDT {0001-01-01 00:00:00 +0000 UTC false}} testuser test@example.com $2a$10$hSXbMB48sBxxdyhmnV65BeoYOBTFmzZLHSMa0iv7W1Rttl62vUS7G  Austin Community College FALL 2025 junior false  [] <nil> [] []} {{19 2025-08-06 19:38:56.30408 -0500 CDT 2025-08-06 19:38:56.30408 -0500 CDT {0001-01-01 00:00:00 +0000 UTC false}} Will wfotso21@gmail.com $2a$10$C0/9rF6Az4nlFFea5gZYXuFbpggw4ZSzJ6kJnxGz70gbVerFuKbbS  Austin Community College FALL 2025 junior false en [] <nil> [] []}]
2025-08-24T00:34:15: 2025/08/24 00:34:15 [INFO] Client 1 disconnected (context canceled)
2025-08-24T00:34:15: 2025/08/24 00:34:15 [INFO] Removing client 1 (reason: connection closing)
2025-08-24T00:34:19: 2025/08/24 00:34:19 [INFO] SSE connection attempt from 127.0.0.1:43812
2025-08-24T00:34:19: 2025/08/24 00:34:19 [INFO] New SSE user id : 1
2025-08-24T00:34:19: 2025/08/24 00:34:19 [INFO] Active Clients: map[1:0xc00038e7e0]
2025-08-24T00:34:20: 2025/08/24 00:34:20 [INFO] User ID : 1, Total : 2, Followers : [{{3 2025-07-11 03:34:59.874003 -0500 CDT 2025-07-11 03:34:59.874003 -0500 CDT {0001-01-01 00:00:00 +0000 UTC false}} testuser test@example.com $2a$10$hSXbMB48sBxxdyhmnV65BeoYOBTFmzZLHSMa0iv7W1Rttl62vUS7G  Austin Community College FALL 2025 junior false  [] <nil> [] []} {{19 2025-08-06 19:38:56.30408 -0500 CDT 2025-08-06 19:38:56.30408 -0500 CDT {0001-01-01 00:00:00 +0000 UTC false}} Will wfotso21@gmail.com $2a$10$C0/9rF6Az4nlFFea5gZYXuFbpggw4ZSzJ6kJnxGz70gbVerFuKbbS  Austin Community College FALL 2025 junior false en [] <nil> [] []}]
2025-08-24T00:34:33: 2025/08/24 00:34:33 [INFO] Client 1 disconnected (context canceled)
2025-08-24T00:34:33: 2025/08/24 00:34:33 [INFO] Removing client 1 (reason: connection closing)
2025-08-24T00:34:49: 2025/08/24 00:34:49 [INFO] User ID : 1, Total : 2, Followers : [{{3 2025-07-11 03:34:59.874003 -0500 CDT 2025-07-11 03:34:59.874003 -0500 CDT {0001-01-01 00:00:00 +0000 UTC false}} testuser test@example.com $2a$10$hSXbMB48sBxxdyhmnV65BeoYOBTFmzZLHSMa0iv7W1Rttl62vUS7G  Austin Community College FALL 2025 junior false  [] <nil> [] []} {{19 2025-08-06 19:38:56.30408 -0500 CDT 2025-08-06 19:38:56.30408 -0500 CDT {0001-01-01 00:00:00 +0000 UTC false}} Will wfotso21@gmail.com $2a$10$C0/9rF6Az4nlFFea5gZYXuFbpggw4ZSzJ6kJnxGz70gbVerFuKbbS  Austin Community College FALL 2025 junior false en [] <nil> [] []}]
2025-08-24T00:35:26: 2025/08/24 00:35:26 [INFO] SSE connection attempt from 127.0.0.1:58862
2025-08-24T00:35:26: 2025/08/24 00:35:26 [INFO] New SSE user id : 1
2025-08-24T00:35:26: 2025/08/24 00:35:26 [INFO] Active Clients: map[1:0xc0003c7860]
2025-08-24T00:35:35: 2025/08/24 00:35:35 [INFO] Client 1 disconnected (context canceled)
2025-08-24T00:35:35: 2025/08/24 00:35:35 [INFO] Removing client 1 (reason: connection closing)
2025-08-24T00:35:42: 2025/08/24 00:35:42 [INFO] User ID : 1, Total : 2, Followers : [{{3 2025-07-11 03:34:59.874003 -0500 CDT 2025-07-11 03:34:59.874003 -0500 CDT {0001-01-01 00:00:00 +0000 UTC false}} testuser test@example.com $2a$10$hSXbMB48sBxxdyhmnV65BeoYOBTFmzZLHSMa0iv7W1Rttl62vUS7G  Austin Community College FALL 2025 junior false  [] <nil> [] []} {{19 2025-08-06 19:38:56.30408 -0500 CDT 2025-08-06 19:38:56.30408 -0500 CDT {0001-01-01 00:00:00 +0000 UTC false}} Will wfotso21@gmail.com $2a$10$C0/9rF6Az4nlFFea5gZYXuFbpggw4ZSzJ6kJnxGz70gbVerFuKbbS  Austin Community College FALL 2025 junior false en [] <nil> [] []}]
2025-08-24T00:36:09: 2025/08/24 00:36:09 [INFO] SSE connection attempt from 127.0.0.1:37856
2025-08-24T00:36:09: 2025/08/24 00:36:09 [INFO] New SSE user id : 1
2025-08-24T00:36:09: 2025/08/24 00:36:09 [INFO] Active Clients: map[1:0xc00037cf00]
2025-08-24T00:36:17: 2025/08/24 00:36:17 [INFO] Client 1 disconnected (context canceled)
2025-08-24T00:36:17: 2025/08/24 00:36:17 [INFO] Removing client 1 (reason: connection closing)
2025-08-24T00:36:20: 2025/08/24 00:36:20 [INFO] SSE connection attempt from 127.0.0.1:52894
2025-08-24T00:36:20: 2025/08/24 00:36:20 [INFO] New SSE user id : 1
2025-08-24T00:36:20: 2025/08/24 00:36:20 [INFO] Active Clients: map[1:0xc0003c6960]
2025-08-24T00:36:20: 2025/08/24 00:36:20 [INFO] User ID : 1, Total : 2, Followers : [{{3 2025-07-11 03:34:59.874003 -0500 CDT 2025-07-11 03:34:59.874003 -0500 CDT {0001-01-01 00:00:00 +0000 UTC false}} testuser test@example.com $2a$10$hSXbMB48sBxxdyhmnV65BeoYOBTFmzZLHSMa0iv7W1Rttl62vUS7G  Austin Community College FALL 2025 junior false  [] <nil> [] []} {{19 2025-08-06 19:38:56.30408 -0500 CDT 2025-08-06 19:38:56.30408 -0500 CDT {0001-01-01 00:00:00 +0000 UTC false}} Will wfotso21@gmail.com $2a$10$C0/9rF6Az4nlFFea5gZYXuFbpggw4ZSzJ6kJnxGz70gbVerFuKbbS  Austin Community College FALL 2025 junior false en [] <nil> [] []}]
2025-08-24T00:36:29: 2025/08/24 00:36:29 [INFO] Client 1 disconnected (context canceled)
2025-08-24T00:36:29: 2025/08/24 00:36:29 [INFO] Removing client 1 (reason: connection closing)
2025-08-24T00:36:40: 2025/08/24 00:36:40 [INFO] User ID : 1, Total : 2, Followers : [{{3 2025-07-11 03:34:59.874003 -0500 CDT 2025-07-11 03:34:59.874003 -0500 CDT {0001-01-01 00:00:00 +0000 UTC false}} testuser test@example.com $2a$10$hSXbMB48sBxxdyhmnV65BeoYOBTFmzZLHSMa0iv7W1Rttl62vUS7G  Austin Community College FALL 2025 junior false  [] <nil> [] []} {{19 2025-08-06 19:38:56.30408 -0500 CDT 2025-08-06 19:38:56.30408 -0500 CDT {0001-01-01 00:00:00 +0000 UTC false}} Will wfotso21@gmail.com $2a$10$C0/9rF6Az4nlFFea5gZYXuFbpggw4ZSzJ6kJnxGz70gbVerFuKbbS  Austin Community College FALL 2025 junior false en [] <nil> [] []}]
2025-08-24T00:37:34: 2025/08/24 00:37:34 [INFO] SSE connection attempt from 127.0.0.1:38226
2025-08-24T00:37:34: 2025/08/24 00:37:34 [INFO] New SSE user id : 1
2025-08-24T00:37:34: 2025/08/24 00:37:34 [INFO] Active Clients: map[1:0xc000256f30]
2025-08-24T00:37:54: 2025/08/24 00:37:54 [INFO] user_id 1 assignment 110 column status_name value In progress
2025-08-24T00:38:06: 2025/08/24 00:38:06 [INFO] user_id 1 assignment 110 column status_name value Not started
2025-08-24T00:38:45: 2025/08/24 00:38:45 [INFO] Client 1 disconnected (context canceled)
2025-08-24T00:38:45: 2025/08/24 00:38:45 [INFO] Removing client 1 (reason: connection closing)
2025-08-24T00:47:36: 2025/08/24 00:47:36 [INFO] User ID : 1, Total : 2, Followers : [{{3 2025-07-11 03:34:59.874003 -0500 CDT 2025-07-11 03:34:59.874003 -0500 CDT {0001-01-01 00:00:00 +0000 UTC false}} testuser test@example.com $2a$10$hSXbMB48sBxxdyhmnV65BeoYOBTFmzZLHSMa0iv7W1Rttl62vUS7G  Austin Community College FALL 2025 junior false  [] <nil> [] []} {{19 2025-08-06 19:38:56.30408 -0500 CDT 2025-08-06 19:38:56.30408 -0500 CDT {0001-01-01 00:00:00 +0000 UTC false}} Will wfotso21@gmail.com $2a$10$C0/9rF6Az4nlFFea5gZYXuFbpggw4ZSzJ6kJnxGz70gbVerFuKbbS  Austin Community College FALL 2025 junior false en [] <nil> [] []}]
2025-08-24T00:48:09: 2025/08/24 00:48:09 [INFO] SSE connection attempt from 127.0.0.1:48870
2025-08-24T00:48:09: 2025/08/24 00:48:09 [INFO] New SSE user id : 1
2025-08-24T00:48:09: 2025/08/24 00:48:09 [INFO] Active Clients: map[1:0xc00038e000]
2025-08-24T00:48:52: 2025/08/24 00:48:52 [INFO] Client 1 disconnected (context canceled)
2025-08-24T00:48:52: 2025/08/24 00:48:52 [INFO] Removing client 1 (reason: connection closing)
2025-08-24T00:48:55: 2025/08/24 00:48:55 [INFO] SSE connection attempt from 127.0.0.1:52286
2025-08-24T00:48:55: 2025/08/24 00:48:55 [INFO] New SSE user id : 1
2025-08-24T00:48:55: 2025/08/24 00:48:55 [INFO] Active Clients: map[1:0xc0003f0420]
2025-08-24T00:48:55: 2025/08/24 00:48:55 [INFO] User ID : 1, Total : 2, Followers : [{{3 2025-07-11 03:34:59.874003 -0500 CDT 2025-07-11 03:34:59.874003 -0500 CDT {0001-01-01 00:00:00 +0000 UTC false}} testuser test@example.com $2a$10$hSXbMB48sBxxdyhmnV65BeoYOBTFmzZLHSMa0iv7W1Rttl62vUS7G  Austin Community College FALL 2025 junior false  [] <nil> [] []} {{19 2025-08-06 19:38:56.30408 -0500 CDT 2025-08-06 19:38:56.30408 -0500 CDT {0001-01-01 00:00:00 +0000 UTC false}} Will wfotso21@gmail.com $2a$10$C0/9rF6Az4nlFFea5gZYXuFbpggw4ZSzJ6kJnxGz70gbVerFuKbbS  Austin Community College FALL 2025 junior false en [] <nil> [] []}]
2025-08-24T00:49:04: 2025/08/24 00:49:04 [INFO] Client 1 disconnected (context canceled)
2025-08-24T00:49:04: 2025/08/24 00:49:04 [INFO] Removing client 1 (reason: connection closing)
2025-08-24T00:49:34: 2025/08/24 00:49:34 [INFO] User ID : 1, Total : 2, Followers : [{{3 2025-07-11 03:34:59.874003 -0500 CDT 2025-07-11 03:34:59.874003 -0500 CDT {0001-01-01 00:00:00 +0000 UTC false}} testuser test@example.com $2a$10$hSXbMB48sBxxdyhmnV65BeoYOBTFmzZLHSMa0iv7W1Rttl62vUS7G  Austin Community College FALL 2025 junior false  [] <nil> [] []} {{19 2025-08-06 19:38:56.30408 -0500 CDT 2025-08-06 19:38:56.30408 -0500 CDT {0001-01-01 00:00:00 +0000 UTC false}} Will wfotso21@gmail.com $2a$10$C0/9rF6Az4nlFFea5gZYXuFbpggw4ZSzJ6kJnxGz70gbVerFuKbbS  Austin Community College FALL 2025 junior false en [] <nil> [] []}]
2025-08-24T00:50:06: 2025/08/24 00:50:06 [INFO] SSE connection attempt from 127.0.0.1:35772
2025-08-24T00:50:06: 2025/08/24 00:50:06 [INFO] New SSE user id : 1
2025-08-24T00:50:06: 2025/08/24 00:50:06 [INFO] Active Clients: map[1:0xc000188db0]
2025-08-24T00:53:49: 2025/08/24 00:53:49 [INFO] Client 1 disconnected (context canceled)
2025-08-24T00:53:49: 2025/08/24 00:53:49 [INFO] Removing client 1 (reason: connection closing)
2025-08-24T00:54:39: 2025/08/24 00:54:39 [INFO] User ID : 1, Total : 2, Followers : [{{3 2025-07-11 03:34:59.874003 -0500 CDT 2025-07-11 03:34:59.874003 -0500 CDT {0001-01-01 00:00:00 +0000 UTC false}} testuser test@example.com $2a$10$hSXbMB48sBxxdyhmnV65BeoYOBTFmzZLHSMa0iv7W1Rttl62vUS7G  Austin Community College FALL 2025 junior false  [] <nil> [] []} {{19 2025-08-06 19:38:56.30408 -0500 CDT 2025-08-06 19:38:56.30408 -0500 CDT {0001-01-01 00:00:00 +0000 UTC false}} Will wfotso21@gmail.com $2a$10$C0/9rF6Az4nlFFea5gZYXuFbpggw4ZSzJ6kJnxGz70gbVerFuKbbS  Austin Community College FALL 2025 junior false en [] <nil> [] []}]
2025-08-24T00:55:39: 2025/08/24 00:55:39 [INFO] SSE connection attempt from 127.0.0.1:46102
2025-08-24T00:55:39: 2025/08/24 00:55:39 [INFO] New SSE user id : 1
2025-08-24T00:55:39: 2025/08/24 00:55:39 [INFO] Active Clients: map[1:0xc0003a2e40]
2025-08-24T00:59:37: 2025/08/24 00:59:37 [INFO] Client 1 disconnected (context canceled)
2025-08-24T00:59:37: 2025/08/24 00:59:37 [INFO] Removing client 1 (reason: connection closing)
2025-08-24T05:28:39: 2025/08/24 05:28:39 [INFO] User ID : 1, Total : 2, Followers : [{{3 2025-07-11 03:34:59.874003 -0500 CDT 2025-07-11 03:34:59.874003 -0500 CDT {0001-01-01 00:00:00 +0000 UTC false}} testuser test@example.com $2a$10$hSXbMB48sBxxdyhmnV65BeoYOBTFmzZLHSMa0iv7W1Rttl62vUS7G  Austin Community College FALL 2025 junior false  [] <nil> [] []} {{19 2025-08-06 19:38:56.30408 -0500 CDT 2025-08-06 19:38:56.30408 -0500 CDT {0001-01-01 00:00:00 +0000 UTC false}} Will wfotso21@gmail.com $2a$10$C0/9rF6Az4nlFFea5gZYXuFbpggw4ZSzJ6kJnxGz70gbVerFuKbbS  Austin Community College FALL 2025 junior false en [] <nil> [] []}]
2025-08-24T05:28:55: 2025/08/24 05:28:55 [INFO] SSE connection attempt from 127.0.0.1:45360
2025-08-24T05:28:55: 2025/08/24 05:28:55 [INFO] New SSE user id : 1
2025-08-24T05:28:55: 2025/08/24 05:28:55 [INFO] Active Clients: map[1:0xc00038ef90]
2025-08-24T05:29:39: 2025/08/24 05:29:39 [INFO] User ID : 19, Total : 0, Followers : []
2025-08-24T05:29:39: 2025/08/24 05:29:39 [INFO] User ID : 3, Total : 0, Followers : []
2025-08-24T06:24:22: 2025/08/24 06:24:22 [INFO] Client 1 disconnected (context canceled)
2025-08-24T06:24:22: 2025/08/24 06:24:22 [INFO] Removing client 1 (reason: connection closing)
2025-08-24T06:32:27: 2025/08/24 06:32:27 [INFO] SSE connection attempt from 127.0.0.1:47918
2025-08-24T06:32:27: 2025/08/24 06:32:27 [INFO] New SSE user id : 1
2025-08-24T06:32:27: 2025/08/24 06:32:27 [INFO] Active Clients: map[1:0xc0003a2f00]
2025-08-24T06:49:45: 2025/08/24 06:49:45 [INFO] Client 1 disconnected (context canceled)
2025-08-24T06:49:45: 2025/08/24 06:49:45 [INFO] Removing client 1 (reason: connection closing)
2025-08-24T06:59:19: 2025/08/24 06:59:19 [INFO] SSE connection attempt from 127.0.0.1:44064
2025-08-24T06:59:19: 2025/08/24 06:59:19 [INFO] New SSE user id : 1
2025-08-24T06:59:19: 2025/08/24 06:59:19 [INFO] Active Clients: map[1:0xc0003a2f30]
2025-08-24T07:16:06: 2025/08/24 07:16:06 [INFO] Client 1 disconnected (context canceled)
2025-08-24T07:16:06: 2025/08/24 07:16:06 [INFO] Removing client 1 (reason: connection closing)
2025-08-24T07:47:08: 2025/08/24 07:47:08 [INFO] SSE connection attempt from 127.0.0.1:59766
2025-08-24T07:47:08: 2025/08/24 07:47:08 [INFO] New SSE user id : 1
2025-08-24T07:47:08: 2025/08/24 07:47:08 [INFO] Active Clients: map[1:0xc00038e7e0]
2025-08-24T08:03:58: 2025/08/24 08:03:58 [INFO] Client 1 disconnected (context canceled)
2025-08-24T08:03:58: 2025/08/24 08:03:58 [INFO] Removing client 1 (reason: connection closing)
2025-08-24T08:06:30: 2025/08/24 08:06:30 [INFO] SSE connection attempt from 127.0.0.1:54986
2025-08-24T08:06:30: 2025/08/24 08:06:30 [INFO] New SSE user id : 1
2025-08-24T08:06:30: 2025/08/24 08:06:30 [INFO] Active Clients: map[1:0xc00038e810]
2025-08-24T08:23:17: 2025/08/24 08:23:17 [INFO] Client 1 disconnected (context canceled)
2025-08-24T08:23:17: 2025/08/24 08:23:17 [INFO] Removing client 1 (reason: connection closing)
2025-08-24T08:31:13: 2025/08/24 08:31:13 [INFO] SSE connection attempt from 127.0.0.1:33144
2025-08-24T08:31:13: 2025/08/24 08:31:13 [INFO] New SSE user id : 1
2025-08-24T08:31:13: 2025/08/24 08:31:13 [INFO] Active Clients: map[1:0xc00038e810]
2025-08-24T08:48:16: 2025/08/24 08:48:16 [INFO] Client 1 disconnected (context canceled)
2025-08-24T08:48:16: 2025/08/24 08:48:16 [INFO] Removing client 1 (reason: connection closing)
2025-08-24T08:49:08: 2025/08/24 08:49:08 [INFO] SSE connection attempt from 127.0.0.1:56812
2025-08-24T08:49:08: 2025/08/24 08:49:08 [INFO] New SSE user id : 1
2025-08-24T08:49:08: 2025/08/24 08:49:08 [INFO] Active Clients: map[1:0xc0002f00f0]
2025-08-24T08:49:20: 2025/08/24 08:49:20 [INFO] User ID : 1, Total : 2, Followers : [{{3 2025-07-11 03:34:59.874003 -0500 CDT 2025-07-11 03:34:59.874003 -0500 CDT {0001-01-01 00:00:00 +0000 UTC false}} testuser test@example.com $2a$10$hSXbMB48sBxxdyhmnV65BeoYOBTFmzZLHSMa0iv7W1Rttl62vUS7G  Austin Community College FALL 2025 junior false  [] <nil> [] []} {{19 2025-08-06 19:38:56.30408 -0500 CDT 2025-08-06 19:38:56.30408 -0500 CDT {0001-01-01 00:00:00 +0000 UTC false}} Will wfotso21@gmail.com $2a$10$C0/9rF6Az4nlFFea5gZYXuFbpggw4ZSzJ6kJnxGz70gbVerFuKbbS  Austin Community College FALL 2025 junior false en [] <nil> [] []}]
2025-08-24T08:49:31: 2025/08/24 08:49:31 [INFO] Client 1 disconnected (context canceled)
2025-08-24T08:49:31: 2025/08/24 08:49:31 [INFO] Removing client 1 (reason: connection closing)
2025-08-24T08:55:04: 2025/08/24 08:55:04 [INFO] User ID : 1, Total : 2, Followers : [{{3 2025-07-11 03:34:59.874003 -0500 CDT 2025-07-11 03:34:59.874003 -0500 CDT {0001-01-01 00:00:00 +0000 UTC false}} testuser test@example.com $2a$10$hSXbMB48sBxxdyhmnV65BeoYOBTFmzZLHSMa0iv7W1Rttl62vUS7G  Austin Community College FALL 2025 junior false  [] <nil> [] []} {{19 2025-08-06 19:38:56.30408 -0500 CDT 2025-08-06 19:38:56.30408 -0500 CDT {0001-01-01 00:00:00 +0000 UTC false}} Will wfotso21@gmail.com $2a$10$C0/9rF6Az4nlFFea5gZYXuFbpggw4ZSzJ6kJnxGz70gbVerFuKbbS  Austin Community College FALL 2025 junior false en [] <nil> [] []}]
2025-08-24T08:55:07: 2025/08/24 08:55:07 [INFO] SSE connection attempt from 127.0.0.1:38880
2025-08-24T08:55:07: 2025/08/24 08:55:07 [INFO] New SSE user id : 1
2025-08-24T08:55:07: 2025/08/24 08:55:07 [INFO] Active Clients: map[1:0xc0002f0c60]
2025-08-24T08:56:57: 2025/08/24 08:56:57 [INFO] Client 1 disconnected (context canceled)
2025-08-24T08:56:57: 2025/08/24 08:56:57 [INFO] Removing client 1 (reason: connection closing)
2025-08-24T08:57:00: 2025/08/24 08:57:00 [INFO] User ID : 1, Total : 2, Followers : [{{3 2025-07-11 03:34:59.874003 -0500 CDT 2025-07-11 03:34:59.874003 -0500 CDT {0001-01-01 00:00:00 +0000 UTC false}} testuser test@example.com $2a$10$hSXbMB48sBxxdyhmnV65BeoYOBTFmzZLHSMa0iv7W1Rttl62vUS7G  Austin Community College FALL 2025 junior false  [] <nil> [] []} {{19 2025-08-06 19:38:56.30408 -0500 CDT 2025-08-06 19:38:56.30408 -0500 CDT {0001-01-01 00:00:00 +0000 UTC false}} Will wfotso21@gmail.com $2a$10$C0/9rF6Az4nlFFea5gZYXuFbpggw4ZSzJ6kJnxGz70gbVerFuKbbS  Austin Community College FALL 2025 junior false en [] <nil> [] []}]
2025-08-24T08:57:17: 2025/08/24 08:57:17 [INFO] SSE connection attempt from 127.0.0.1:55390
2025-08-24T08:57:17: 2025/08/24 08:57:17 [INFO] New SSE user id : 1
2025-08-24T08:57:17: 2025/08/24 08:57:17 [INFO] Active Clients: map[1:0xc0003a3b90]
2025-08-24T08:58:21: 2025/08/24 08:58:21 [INFO] Client 1 disconnected (context canceled)
2025-08-24T08:58:21: 2025/08/24 08:58:21 [INFO] Removing client 1 (reason: connection closing)
2025-08-24T09:02:55: 2025/08/24 09:02:55 [INFO] User ID : 1, Total : 2, Followers : [{{3 2025-07-11 03:34:59.874003 -0500 CDT 2025-07-11 03:34:59.874003 -0500 CDT {0001-01-01 00:00:00 +0000 UTC false}} testuser test@example.com $2a$10$hSXbMB48sBxxdyhmnV65BeoYOBTFmzZLHSMa0iv7W1Rttl62vUS7G  Austin Community College FALL 2025 junior false  [] <nil> [] []} {{19 2025-08-06 19:38:56.30408 -0500 CDT 2025-08-06 19:38:56.30408 -0500 CDT {0001-01-01 00:00:00 +0000 UTC false}} Will wfotso21@gmail.com $2a$10$C0/9rF6Az4nlFFea5gZYXuFbpggw4ZSzJ6kJnxGz70gbVerFuKbbS  Austin Community College FALL 2025 junior false en [] <nil> [] []}]
2025-08-24T09:03:09: 2025/08/24 09:03:09 [INFO] SSE connection attempt from 127.0.0.1:55072
2025-08-24T09:03:09: 2025/08/24 09:03:09 [INFO] New SSE user id : 1
2025-08-24T09:03:09: 2025/08/24 09:03:09 [INFO] Active Clients: map[1:0xc00038f920]
2025-08-24T09:03:53: 2025/08/24 09:03:53 [INFO] Client 1 disconnected (context canceled)
2025-08-24T09:03:53: 2025/08/24 09:03:53 [INFO] Removing client 1 (reason: connection closing)
2025-08-24T09:04:31: 2025/08/24 09:04:31 [INFO] User ID : 1, Total : 2, Followers : [{{3 2025-07-11 03:34:59.874003 -0500 CDT 2025-07-11 03:34:59.874003 -0500 CDT {0001-01-01 00:00:00 +0000 UTC false}} testuser test@example.com $2a$10$hSXbMB48sBxxdyhmnV65BeoYOBTFmzZLHSMa0iv7W1Rttl62vUS7G  Austin Community College FALL 2025 junior false  [] <nil> [] []} {{19 2025-08-06 19:38:56.30408 -0500 CDT 2025-08-06 19:38:56.30408 -0500 CDT {0001-01-01 00:00:00 +0000 UTC false}} Will wfotso21@gmail.com $2a$10$C0/9rF6Az4nlFFea5gZYXuFbpggw4ZSzJ6kJnxGz70gbVerFuKbbS  Austin Community College FALL 2025 junior false en [] <nil> [] []}]
2025-08-24T09:04:43: 2025/08/24 09:04:43 [INFO] SSE connection attempt from 127.0.0.1:33174
2025-08-24T09:04:43: 2025/08/24 09:04:43 [INFO] New SSE user id : 1
2025-08-24T09:04:43: 2025/08/24 09:04:43 [INFO] Active Clients: map[1:0xc0003dbc20]
2025-08-24T09:10:58: 2025/08/24 09:10:58 [INFO] Client 1 disconnected (context canceled)
2025-08-24T09:10:58: 2025/08/24 09:10:58 [INFO] Removing client 1 (reason: connection closing)
2025-08-24T09:27:08: 2025/08/24 09:27:08 [INFO] User ID : 1, Total : 2, Followers : [{{3 2025-07-11 03:34:59.874003 -0500 CDT 2025-07-11 03:34:59.874003 -0500 CDT {0001-01-01 00:00:00 +0000 UTC false}} testuser test@example.com $2a$10$hSXbMB48sBxxdyhmnV65BeoYOBTFmzZLHSMa0iv7W1Rttl62vUS7G  Austin Community College FALL 2025 junior false  [] <nil> [] []} {{19 2025-08-06 19:38:56.30408 -0500 CDT 2025-08-06 19:38:56.30408 -0500 CDT {0001-01-01 00:00:00 +0000 UTC false}} Will wfotso21@gmail.com $2a$10$C0/9rF6Az4nlFFea5gZYXuFbpggw4ZSzJ6kJnxGz70gbVerFuKbbS  Austin Community College FALL 2025 junior false en [] <nil> [] []}]
2025-08-24T09:27:21: 2025/08/24 09:27:21 [INFO] SSE connection attempt from 127.0.0.1:59628
2025-08-24T09:27:21: 2025/08/24 09:27:21 [INFO] New SSE user id : 1
2025-08-24T09:27:21: 2025/08/24 09:27:21 [INFO] Active Clients: map[1:0xc0003b3200]
2025-08-24T09:33:46: 2025/08/24 09:33:46 [INFO] Client 1 disconnected (context canceled)
2025-08-24T09:33:46: 2025/08/24 09:33:46 [INFO] Removing client 1 (reason: connection closing)
2025-08-24T09:36:27: 2025/08/24 09:36:27 [INFO] User ID : 1, Total : 2, Followers : [{{3 2025-07-11 03:34:59.874003 -0500 CDT 2025-07-11 03:34:59.874003 -0500 CDT {0001-01-01 00:00:00 +0000 UTC false}} testuser test@example.com $2a$10$hSXbMB48sBxxdyhmnV65BeoYOBTFmzZLHSMa0iv7W1Rttl62vUS7G  Austin Community College FALL 2025 junior false  [] <nil> [] []} {{19 2025-08-06 19:38:56.30408 -0500 CDT 2025-08-06 19:38:56.30408 -0500 CDT {0001-01-01 00:00:00 +0000 UTC false}} Will wfotso21@gmail.com $2a$10$C0/9rF6Az4nlFFea5gZYXuFbpggw4ZSzJ6kJnxGz70gbVerFuKbbS  Austin Community College FALL 2025 junior false en [] <nil> [] []}]
2025-08-24T09:36:40: 2025/08/24 09:36:40 [INFO] SSE connection attempt from 127.0.0.1:40566
2025-08-24T09:36:40: 2025/08/24 09:36:40 [INFO] New SSE user id : 1
2025-08-24T09:36:40: 2025/08/24 09:36:40 [INFO] Active Clients: map[1:0xc0003a2e10]
2025-08-24T09:47:53: 2025/08/24 09:47:53 [INFO] Client 1 disconnected (context canceled)
2025-08-24T09:47:53: 2025/08/24 09:47:53 [INFO] Removing client 1 (reason: connection closing)
2025-08-24T09:53:26: 2025/08/24 09:53:26 [INFO] User ID : 1, Total : 2, Followers : [{{3 2025-07-11 03:34:59.874003 -0500 CDT 2025-07-11 03:34:59.874003 -0500 CDT {0001-01-01 00:00:00 +0000 UTC false}} testuser test@example.com $2a$10$hSXbMB48sBxxdyhmnV65BeoYOBTFmzZLHSMa0iv7W1Rttl62vUS7G  Austin Community College FALL 2025 junior false  [] <nil> [] []} {{19 2025-08-06 19:38:56.30408 -0500 CDT 2025-08-06 19:38:56.30408 -0500 CDT {0001-01-01 00:00:00 +0000 UTC false}} Will wfotso21@gmail.com $2a$10$C0/9rF6Az4nlFFea5gZYXuFbpggw4ZSzJ6kJnxGz70gbVerFuKbbS  Austin Community College FALL 2025 junior false en [] <nil> [] []}]
2025-08-24T09:53:40: 2025/08/24 09:53:40 [INFO] SSE connection attempt from 127.0.0.1:44748
2025-08-24T09:53:40: 2025/08/24 09:53:40 [INFO] New SSE user id : 1
2025-08-24T09:53:40: 2025/08/24 09:53:40 [INFO] Active Clients: map[1:0xc00038e750]
2025-08-24T09:57:46: 2025/08/24 09:57:46 [INFO] Client 1 disconnected (context canceled)
2025-08-24T09:57:46: 2025/08/24 09:57:46 [INFO] Removing client 1 (reason: connection closing)
2025-08-24T09:58:33: 2025/08/24 09:58:33 [INFO] User ID : 1, Total : 2, Followers : [{{3 2025-07-11 03:34:59.874003 -0500 CDT 2025-07-11 03:34:59.874003 -0500 CDT {0001-01-01 00:00:00 +0000 UTC false}} testuser test@example.com $2a$10$hSXbMB48sBxxdyhmnV65BeoYOBTFmzZLHSMa0iv7W1Rttl62vUS7G  Austin Community College FALL 2025 junior false  [] <nil> [] []} {{19 2025-08-06 19:38:56.30408 -0500 CDT 2025-08-06 19:38:56.30408 -0500 CDT {0001-01-01 00:00:00 +0000 UTC false}} Will wfotso21@gmail.com $2a$10$C0/9rF6Az4nlFFea5gZYXuFbpggw4ZSzJ6kJnxGz70gbVerFuKbbS  Austin Community College FALL 2025 junior false en [] <nil> [] []}]
2025-08-24T09:58:45: 2025/08/24 09:58:45 [INFO] SSE connection attempt from 127.0.0.1:56404
2025-08-24T09:58:45: 2025/08/24 09:58:45 [INFO] New SSE user id : 1
2025-08-24T09:58:45: 2025/08/24 09:58:45 [INFO] Active Clients: map[1:0xc0003b3560]
2025-08-24T10:01:17: 2025/08/24 10:01:17 [INFO] Client 1 disconnected (context canceled)
2025-08-24T10:01:17: 2025/08/24 10:01:17 [INFO] Removing client 1 (reason: connection closing)
2025-08-24T10:05:55: 2025/08/24 10:05:55 [INFO] User ID : 1, Total : 2, Followers : [{{3 2025-07-11 03:34:59.874003 -0500 CDT 2025-07-11 03:34:59.874003 -0500 CDT {0001-01-01 00:00:00 +0000 UTC false}} testuser test@example.com $2a$10$hSXbMB48sBxxdyhmnV65BeoYOBTFmzZLHSMa0iv7W1Rttl62vUS7G  Austin Community College FALL 2025 junior false  [] <nil> [] []} {{19 2025-08-06 19:38:56.30408 -0500 CDT 2025-08-06 19:38:56.30408 -0500 CDT {0001-01-01 00:00:00 +0000 UTC false}} Will wfotso21@gmail.com $2a$10$C0/9rF6Az4nlFFea5gZYXuFbpggw4ZSzJ6kJnxGz70gbVerFuKbbS  Austin Community College FALL 2025 junior false en [] <nil> [] []}]
2025-08-24T10:06:08: 2025/08/24 10:06:08 [INFO] SSE connection attempt from 127.0.0.1:43660
2025-08-24T10:06:08: 2025/08/24 10:06:08 [INFO] New SSE user id : 1
2025-08-24T10:06:08: 2025/08/24 10:06:08 [INFO] Active Clients: map[1:0xc00038e4e0]
2025-08-24T10:12:33: 2025/08/24 10:12:33 [INFO] Client 1 disconnected (context canceled)
2025-08-24T10:12:33: 2025/08/24 10:12:33 [INFO] Removing client 1 (reason: connection closing)
2025-08-24T10:12:48: 2025/08/24 10:12:48 [INFO] User ID : 1, Total : 2, Followers : [{{3 2025-07-11 03:34:59.874003 -0500 CDT 2025-07-11 03:34:59.874003 -0500 CDT {0001-01-01 00:00:00 +0000 UTC false}} testuser test@example.com $2a$10$hSXbMB48sBxxdyhmnV65BeoYOBTFmzZLHSMa0iv7W1Rttl62vUS7G  Austin Community College FALL 2025 junior false  [] <nil> [] []} {{19 2025-08-06 19:38:56.30408 -0500 CDT 2025-08-06 19:38:56.30408 -0500 CDT {0001-01-01 00:00:00 +0000 UTC false}} Will wfotso21@gmail.com $2a$10$C0/9rF6Az4nlFFea5gZYXuFbpggw4ZSzJ6kJnxGz70gbVerFuKbbS  Austin Community College FALL 2025 junior false en [] <nil> [] []}]
2025-08-24T10:13:01: 2025/08/24 10:13:01 [INFO] SSE connection attempt from 127.0.0.1:55974
2025-08-24T10:13:01: 2025/08/24 10:13:01 [INFO] New SSE user id : 1
2025-08-24T10:13:01: 2025/08/24 10:13:01 [INFO] Active Clients: map[1:0xc0003b2420]
2025-08-24T10:13:42: 2025/08/24 10:13:42 [INFO] Client 1 disconnected (context canceled)
2025-08-24T10:13:42: 2025/08/24 10:13:42 [INFO] Removing client 1 (reason: connection closing)
2025-08-24T10:14:32: 2025/08/24 10:14:32 [INFO] User ID : 1, Total : 2, Followers : [{{3 2025-07-11 03:34:59.874003 -0500 CDT 2025-07-11 03:34:59.874003 -0500 CDT {0001-01-01 00:00:00 +0000 UTC false}} testuser test@example.com $2a$10$hSXbMB48sBxxdyhmnV65BeoYOBTFmzZLHSMa0iv7W1Rttl62vUS7G  Austin Community College FALL 2025 junior false  [] <nil> [] []} {{19 2025-08-06 19:38:56.30408 -0500 CDT 2025-08-06 19:38:56.30408 -0500 CDT {0001-01-01 00:00:00 +0000 UTC false}} Will wfotso21@gmail.com $2a$10$C0/9rF6Az4nlFFea5gZYXuFbpggw4ZSzJ6kJnxGz70gbVerFuKbbS  Austin Community College FALL 2025 junior false en [] <nil> [] []}]
2025-08-24T10:14:43: 2025/08/24 10:14:43 [INFO] SSE connection attempt from 127.0.0.1:43002
2025-08-24T10:14:43: 2025/08/24 10:14:43 [INFO] New SSE user id : 1
2025-08-24T10:14:43: 2025/08/24 10:14:43 [INFO] Active Clients: map[1:0xc0003f1980]
2025-08-24T10:15:53: 2025/08/24 10:15:53 [INFO] Client 1 disconnected (context canceled)
2025-08-24T10:15:53: 2025/08/24 10:15:53 [INFO] Removing client 1 (reason: connection closing)
2025-08-24T10:17:35: 2025/08/24 10:17:35 [INFO] User ID : 1, Total : 2, Followers : [{{3 2025-07-11 03:34:59.874003 -0500 CDT 2025-07-11 03:34:59.874003 -0500 CDT {0001-01-01 00:00:00 +0000 UTC false}} testuser test@example.com $2a$10$hSXbMB48sBxxdyhmnV65BeoYOBTFmzZLHSMa0iv7W1Rttl62vUS7G  Austin Community College FALL 2025 junior false  [] <nil> [] []} {{19 2025-08-06 19:38:56.30408 -0500 CDT 2025-08-06 19:38:56.30408 -0500 CDT {0001-01-01 00:00:00 +0000 UTC false}} Will wfotso21@gmail.com $2a$10$C0/9rF6Az4nlFFea5gZYXuFbpggw4ZSzJ6kJnxGz70gbVerFuKbbS  Austin Community College FALL 2025 junior false en [] <nil> [] []}]
2025-08-24T10:17:47: 2025/08/24 10:17:47 [INFO] SSE connection attempt from 127.0.0.1:35280
2025-08-24T10:17:47: 2025/08/24 10:17:47 [INFO] New SSE user id : 1
2025-08-24T10:17:47: 2025/08/24 10:17:47 [INFO] Active Clients: map[1:0xc00038e9f0]
2025-08-24T10:19:38: 2025/08/24 10:19:38 [INFO] Client 1 disconnected (context canceled)
2025-08-24T10:19:38: 2025/08/24 10:19:38 [INFO] Removing client 1 (reason: connection closing)
2025-08-24T10:32:25: 2025/08/24 10:32:25 [INFO] SSE connection attempt from 127.0.0.1:59692
2025-08-24T10:32:25: 2025/08/24 10:32:25 [INFO] New SSE user id : 1
2025-08-24T10:32:25: 2025/08/24 10:32:25 [INFO] Active Clients: map[1:0xc0002f0810]
2025-08-24T10:32:26: 2025/08/24 10:32:26 [INFO] User ID : 1, Total : 2, Followers : [{{3 2025-07-11 03:34:59.874003 -0500 CDT 2025-07-11 03:34:59.874003 -0500 CDT {0001-01-01 00:00:00 +0000 UTC false}} testuser test@example.com $2a$10$hSXbMB48sBxxdyhmnV65BeoYOBTFmzZLHSMa0iv7W1Rttl62vUS7G  Austin Community College FALL 2025 junior false  [] <nil> [] []} {{19 2025-08-06 19:38:56.30408 -0500 CDT 2025-08-06 19:38:56.30408 -0500 CDT {0001-01-01 00:00:00 +0000 UTC false}} Will wfotso21@gmail.com $2a$10$C0/9rF6Az4nlFFea5gZYXuFbpggw4ZSzJ6kJnxGz70gbVerFuKbbS  Austin Community College FALL 2025 junior false en [] <nil> [] []}]
2025-08-24T10:35:31: 2025/08/24 10:35:31 [INFO] User ID : 3, Total : 0, Followers : []
2025-08-24T10:35:31: 2025/08/24 10:35:31 [INFO] User ID : 19, Total : 0, Followers : []
2025-08-24T10:42:51: 2025/08/24 10:42:51 [INFO] Client 1 disconnected (context canceled)
2025-08-24T10:42:51: 2025/08/24 10:42:51 [INFO] Removing client 1 (reason: connection closing)
2025-08-24T11:47:09: 2025/08/24 11:47:09 [INFO] User ID : 1, Total : 2, Followers : [{{3 2025-07-11 03:34:59.874003 -0500 CDT 2025-07-11 03:34:59.874003 -0500 CDT {0001-01-01 00:00:00 +0000 UTC false}} testuser test@example.com $2a$10$hSXbMB48sBxxdyhmnV65BeoYOBTFmzZLHSMa0iv7W1Rttl62vUS7G  Austin Community College FALL 2025 junior false  [] <nil> [] []} {{19 2025-08-06 19:38:56.30408 -0500 CDT 2025-08-06 19:38:56.30408 -0500 CDT {0001-01-01 00:00:00 +0000 UTC false}} Will wfotso21@gmail.com $2a$10$C0/9rF6Az4nlFFea5gZYXuFbpggw4ZSzJ6kJnxGz70gbVerFuKbbS  Austin Community College FALL 2025 junior false en [] <nil> [] []}]
2025-08-24T11:54:11: 2025/08/24 11:54:11 [INFO] User ID : 1, Total : 2, Followers : [{{3 2025-07-11 03:34:59.874003 -0500 CDT 2025-07-11 03:34:59.874003 -0500 CDT {0001-01-01 00:00:00 +0000 UTC false}} testuser test@example.com $2a$10$hSXbMB48sBxxdyhmnV65BeoYOBTFmzZLHSMa0iv7W1Rttl62vUS7G  Austin Community College FALL 2025 junior false  [] <nil> [] []} {{19 2025-08-06 19:38:56.30408 -0500 CDT 2025-08-06 19:38:56.30408 -0500 CDT {0001-01-01 00:00:00 +0000 UTC false}} Will wfotso21@gmail.com $2a$10$C0/9rF6Az4nlFFea5gZYXuFbpggw4ZSzJ6kJnxGz70gbVerFuKbbS  Austin Community College FALL 2025 junior false en [] <nil> [] []}]
2025-08-24T11:54:24: 2025/08/24 11:54:24 [INFO] SSE connection attempt from 127.0.0.1:44918
2025-08-24T11:54:24: 2025/08/24 11:54:24 [INFO] New SSE user id : 1
2025-08-24T11:54:24: 2025/08/24 11:54:24 [INFO] Active Clients: map[1:0xc0003b38f0]
2025-08-24T11:57:13: 2025/08/24 11:57:13 [INFO] user_id 1 assignment 110 column status_name value Done
2025-08-24T11:57:18: 2025/08/24 11:57:18 [INFO] user_id 1 assignment 110 column status_name value Not started
2025-08-24T11:57:30: 2025/08/24 11:57:30 [INFO] user_id 1 assignment 110 column status_name value Done
2025-08-24T11:57:42: 2025/08/24 11:57:42 [INFO] user_id 1 assignment 110 column deadline value 2025-08-10 00:00:00-05:00
2025-08-24T12:08:24: 2025/08/24 12:08:24 [INFO] User ID : 1, Total : 2, Followers : [{{3 2025-07-11 03:34:59.874003 -0500 CDT 2025-07-11 03:34:59.874003 -0500 CDT {0001-01-01 00:00:00 +0000 UTC false}} testuser test@example.com $2a$10$hSXbMB48sBxxdyhmnV65BeoYOBTFmzZLHSMa0iv7W1Rttl62vUS7G  Austin Community College FALL 2025 junior false  [] <nil> [] []} {{19 2025-08-06 19:38:56.30408 -0500 CDT 2025-08-06 19:38:56.30408 -0500 CDT {0001-01-01 00:00:00 +0000 UTC false}} Will wfotso21@gmail.com $2a$10$C0/9rF6Az4nlFFea5gZYXuFbpggw4ZSzJ6kJnxGz70gbVerFuKbbS  Austin Community College FALL 2025 junior false en [] <nil> [] []}]
2025-08-24T12:10:19: 2025/08/24 12:10:19 [INFO] user_id %!s(uint=1) course 44 column schedule value Su 1:15 PM - 5:45 PM
2025-08-24T12:27:02: 2025/08/24 12:27:02 [INFO] SSE connection attempt from 127.0.0.1:36590
2025-08-24T12:27:02: 2025/08/24 12:27:02 [INFO] New SSE user id : 1
2025-08-24T12:27:02: 2025/08/24 12:27:02 [INFO] Active Clients: map[1:0xc0003b33e0]
2025-08-24T12:27:58: 2025/08/24 12:27:58 [INFO] Client 1 disconnected (context canceled)
2025-08-24T12:27:58: 2025/08/24 12:27:58 [INFO] Removing client 1 (reason: connection closing)
2025-08-24T12:28:21: 2025/08/24 12:28:21 [INFO] SSE connection attempt from 127.0.0.1:47726
2025-08-24T12:28:21: 2025/08/24 12:28:21 [INFO] New SSE user id : 1
2025-08-24T12:28:21: 2025/08/24 12:28:21 [INFO] Active Clients: map[1:0xc0003b3800]
2025-08-24T12:30:51: 2025/08/24 12:30:51 [INFO] Client 1 disconnected (context canceled)
2025-08-24T12:30:51: 2025/08/24 12:30:51 [INFO] Removing client 1 (reason: connection closing)
2025-08-24T12:34:45: 2025/08/24 12:34:45 [INFO] SSE connection attempt from 127.0.0.1:48546
2025-08-24T12:34:45: 2025/08/24 12:34:45 [INFO] New SSE user id : 1
2025-08-24T12:34:45: 2025/08/24 12:34:45 [INFO] Active Clients: map[1:0xc0003b3500]
2025-08-24T12:38:57: 2025/08/24 12:38:57 [INFO] Client 1 disconnected (context canceled)
2025-08-24T12:38:57: 2025/08/24 12:38:57 [INFO] Removing client 1 (reason: connection closing)
2025-08-24T12:39:37: 2025/08/24 12:39:37 [INFO] User ID : 1, Total : 2, Followers : [{{3 2025-07-11 03:34:59.874003 -0500 CDT 2025-07-11 03:34:59.874003 -0500 CDT {0001-01-01 00:00:00 +0000 UTC false}} testuser test@example.com $2a$10$hSXbMB48sBxxdyhmnV65BeoYOBTFmzZLHSMa0iv7W1Rttl62vUS7G  Austin Community College FALL 2025 junior false  [] <nil> [] []} {{19 2025-08-06 19:38:56.30408 -0500 CDT 2025-08-06 19:38:56.30408 -0500 CDT {0001-01-01 00:00:00 +0000 UTC false}} Will wfotso21@gmail.com $2a$10$C0/9rF6Az4nlFFea5gZYXuFbpggw4ZSzJ6kJnxGz70gbVerFuKbbS  Austin Community College FALL 2025 junior false en [] <nil> [] []}]
2025-08-24T12:40:06: 2025/08/24 12:40:06 [INFO] SSE connection attempt from 127.0.0.1:33918
2025-08-24T12:40:06: 2025/08/24 12:40:06 [INFO] New SSE user id : 1
2025-08-24T12:40:06: 2025/08/24 12:40:06 [INFO] Active Clients: map[1:0xc00038e390]
2025-08-24T12:44:15: 2025/08/24 12:44:15 [INFO] Client 1 disconnected (context canceled)
2025-08-24T12:44:15: 2025/08/24 12:44:15 [INFO] Removing client 1 (reason: connection closing)
2025-08-24T12:50:43: 2025/08/24 12:50:43 [INFO] SSE connection attempt from 127.0.0.1:46456
2025-08-24T12:50:43: 2025/08/24 12:50:43 [INFO] New SSE user id : 1
2025-08-24T12:50:43: 2025/08/24 12:50:43 [INFO] Active Clients: map[1:0xc00038e1b0]
2025-08-24T12:57:03: 2025/08/24 12:57:03 [INFO] Client 1 disconnected (context canceled)
2025-08-24T12:57:03: 2025/08/24 12:57:03 [INFO] Removing client 1 (reason: connection closing)
2025-08-24T12:58:15: 2025/08/24 12:58:15 [INFO] SSE connection attempt from 127.0.0.1:55460
2025-08-24T12:58:15: 2025/08/24 12:58:15 [INFO] New SSE user id : 1
2025-08-24T12:58:15: 2025/08/24 12:58:15 [INFO] Active Clients: map[1:0xc00038f2f0]
2025-08-24T13:02:55: 2025/08/24 13:02:55 [INFO] Client 1 disconnected (context canceled)
2025-08-24T13:02:55: 2025/08/24 13:02:55 [INFO] Removing client 1 (reason: connection closing)
2025-08-24T13:50:04: 2025/08/24 13:50:04 [INFO] Client 1 disconnected (context canceled)
2025-08-24T13:50:04: 2025/08/24 13:50:04 [INFO] Removing client 1 (reason: connection closing)
2025-08-24T14:25:02: 2025/08/24 14:25:02 [INFO] SSE connection attempt from 127.0.0.1:57314
2025-08-24T14:25:02: 2025/08/24 14:25:02 [INFO] New SSE user id : 1
2025-08-24T14:25:02: 2025/08/24 14:25:02 [INFO] Active Clients: map[1:0xc00038e7e0]
2025-08-24T14:41:49: 2025/08/24 14:41:49 [INFO] Client 1 disconnected (context canceled)
2025-08-24T14:41:49: 2025/08/24 14:41:49 [INFO] Removing client 1 (reason: connection closing)
2025-08-24T15:31:22: 2025/08/24 15:31:22 [INFO] SSE connection attempt from 127.0.0.1:58620
2025-08-24T15:31:22: 2025/08/24 15:31:22 [INFO] New SSE user id : 1
2025-08-24T15:31:22: 2025/08/24 15:31:22 [INFO] Active Clients: map[1:0xc0002f07e0]
2025-08-24T15:31:42: 2025/08/24 15:31:42 [INFO] User ID : 1, Total : 2, Followers : [{{3 2025-07-11 03:34:59.874003 -0500 CDT 2025-07-11 03:34:59.874003 -0500 CDT {0001-01-01 00:00:00 +0000 UTC false}} testuser test@example.com $2a$10$hSXbMB48sBxxdyhmnV65BeoYOBTFmzZLHSMa0iv7W1Rttl62vUS7G  Austin Community College FALL 2025 junior false  [] <nil> [] []} {{19 2025-08-06 19:38:56.30408 -0500 CDT 2025-08-06 19:38:56.30408 -0500 CDT {0001-01-01 00:00:00 +0000 UTC false}} Will wfotso21@gmail.com $2a$10$C0/9rF6Az4nlFFea5gZYXuFbpggw4ZSzJ6kJnxGz70gbVerFuKbbS  Austin Community College FALL 2025 junior false en [] <nil> [] []}]
2025-08-24T15:36:15: 2025/08/24 15:36:15 [INFO] user_id %!s(uint=1) course 44 column schedule value Su 3:50 PM - 5:45 PM
2025-08-24T15:45:21: 2025/08/24 15:45:21 [INFO] user_id %!s(uint=1) course 44 column schedule value Su 4:00 PM - 5:45 PM
2025-08-24T15:46:23: 2025/08/24 15:46:23 [INFO] SSE connection attempt from 127.0.0.1:39876
2025-08-24T15:46:23: 2025/08/24 15:46:23 [INFO] New SSE user id : 1
2025-08-24T15:46:23: 2025/08/24 15:46:23 [INFO] Active Clients: map[1:0xc00038f2f0]
2025-08-24T15:47:47: 2025/08/24 15:47:47 [INFO] User ID : 19, Total : 0, Followers : []
2025-08-24T15:47:47: 2025/08/24 15:47:47 [INFO] User ID : 3, Total : 0, Followers : []
2025-08-24T16:05:28: 2025/08/24 16:05:28 [INFO] Client 1 disconnected (context canceled)
2025-08-24T16:05:28: 2025/08/24 16:05:28 [INFO] Removing client 1 (reason: connection closing)
2025-08-24T16:05:51: 2025/08/24 16:05:51 [INFO] User ID : 1, Total : 2, Followers : [{{3 2025-07-11 03:34:59.874003 -0500 CDT 2025-07-11 03:34:59.874003 -0500 CDT {0001-01-01 00:00:00 +0000 UTC false}} testuser test@example.com $2a$10$hSXbMB48sBxxdyhmnV65BeoYOBTFmzZLHSMa0iv7W1Rttl62vUS7G  Austin Community College FALL 2025 junior false  [] <nil> [] []} {{19 2025-08-06 19:38:56.30408 -0500 CDT 2025-08-06 19:38:56.30408 -0500 CDT {0001-01-01 00:00:00 +0000 UTC false}} Will wfotso21@gmail.com $2a$10$C0/9rF6Az4nlFFea5gZYXuFbpggw4ZSzJ6kJnxGz70gbVerFuKbbS  Austin Community College FALL 2025 junior false en [] <nil> [] []}]
2025-08-24T16:06:08: 2025/08/24 16:06:08 [INFO] user_id %!s(uint=1) course 44 column schedule value Su 4:40 PM - 5:45 PM
2025-08-24T16:06:19: 2025/08/24 16:06:19 [INFO] SSE connection attempt from 127.0.0.1:48696
2025-08-24T16:06:19: 2025/08/24 16:06:19 [INFO] New SSE user id : 1
2025-08-24T16:06:19: 2025/08/24 16:06:19 [INFO] Active Clients: map[1:0xc00038e000]
2025-08-24T16:07:19: 2025/08/24 16:07:19 [INFO] Client 1 disconnected (context canceled)
2025-08-24T16:07:19: 2025/08/24 16:07:19 [INFO] Removing client 1 (reason: connection closing)
2025-08-24T16:08:54: 2025/08/24 16:08:54 [INFO] SSE connection attempt from 127.0.0.1:46960
2025-08-24T16:08:54: 2025/08/24 16:08:54 [INFO] New SSE user id : 1
2025-08-24T16:08:54: 2025/08/24 16:08:54 [INFO] Active Clients: map[1:0xc0003a2ed0]
2025-08-24T16:32:47: 2025/08/24 16:32:47 [INFO] Client 1 disconnected (context canceled)
2025-08-24T16:32:47: 2025/08/24 16:32:47 [INFO] Removing client 1 (reason: connection closing)
2025-08-24T16:40:49: 2025/08/24 16:40:49 [INFO] User ID : 1, Total : 2, Followers : [{{3 2025-07-11 03:34:59.874003 -0500 CDT 2025-07-11 03:34:59.874003 -0500 CDT {0001-01-01 00:00:00 +0000 UTC false}} testuser test@example.com $2a$10$hSXbMB48sBxxdyhmnV65BeoYOBTFmzZLHSMa0iv7W1Rttl62vUS7G  Austin Community College FALL 2025 junior false  [] <nil> [] []} {{19 2025-08-06 19:38:56.30408 -0500 CDT 2025-08-06 19:38:56.30408 -0500 CDT {0001-01-01 00:00:00 +0000 UTC false}} Will wfotso21@gmail.com $2a$10$C0/9rF6Az4nlFFea5gZYXuFbpggw4ZSzJ6kJnxGz70gbVerFuKbbS  Austin Community College FALL 2025 junior false en [] <nil> [] []}]
2025-08-24T16:43:52: 2025/08/24 16:43:52 [INFO] user_id %!s(uint=1) course 44 column schedule value Su 5:20 PM - 6:45 PM
2025-08-24T16:44:18: 2025/08/24 16:44:18 [INFO] SSE connection attempt from 127.0.0.1:33750
2025-08-24T16:44:18: 2025/08/24 16:44:18 [INFO] New SSE user id : 1
2025-08-24T16:44:18: 2025/08/24 16:44:18 [INFO] Active Clients: map[1:0xc0003b3230]
2025-08-24T16:50:17: 2025/08/24 16:50:17 [INFO] Client 1 disconnected (context canceled)
2025-08-24T16:50:17: 2025/08/24 16:50:17 [INFO] Removing client 1 (reason: connection closing)
2025-08-24T16:52:07: 2025/08/24 16:52:07 [INFO] Client 1 disconnected (context canceled)
2025-08-24T16:52:07: 2025/08/24 16:52:07 [INFO] Removing client 1 (reason: connection closing)
2025-08-24T16:56:55: 2025/08/24 16:56:55 [INFO] User ID : 1, Total : 2, Followers : [{{3 2025-07-11 03:34:59.874003 -0500 CDT 2025-07-11 03:34:59.874003 -0500 CDT {0001-01-01 00:00:00 +0000 UTC false}} testuser test@example.com $2a$10$hSXbMB48sBxxdyhmnV65BeoYOBTFmzZLHSMa0iv7W1Rttl62vUS7G  Austin Community College FALL 2025 junior false  [] <nil> [] []} {{19 2025-08-06 19:38:56.30408 -0500 CDT 2025-08-06 19:38:56.30408 -0500 CDT {0001-01-01 00:00:00 +0000 UTC false}} Will wfotso21@gmail.com $2a$10$C0/9rF6Az4nlFFea5gZYXuFbpggw4ZSzJ6kJnxGz70gbVerFuKbbS  Austin Community College FALL 2025 junior false en [] <nil> [] []}]
2025-08-24T16:57:13: 2025/08/24 16:57:13 [INFO] SSE connection attempt from 127.0.0.1:43400
2025-08-24T16:57:13: 2025/08/24 16:57:13 [INFO] New SSE user id : 1
2025-08-24T16:57:13: 2025/08/24 16:57:13 [INFO] Active Clients: map[1:0xc00038eea0]
2025-08-24T16:57:54: 2025/08/24 16:57:54 [INFO] User ID : 3, Total : 0, Followers : []
2025-08-24T16:57:54: 2025/08/24 16:57:54 [INFO] User ID : 19, Total : 0, Followers : []
2025-08-24T16:59:34: 2025/08/24 16:59:34 [INFO] Client 1 disconnected (context canceled)
2025-08-24T16:59:34: 2025/08/24 16:59:34 [INFO] Removing client 1 (reason: connection closing)
2025-08-24T17:04:06: 2025/08/24 17:04:06 [INFO] User ID : 1, Total : 2, Followers : [{{3 2025-07-11 03:34:59.874003 -0500 CDT 2025-07-11 03:34:59.874003 -0500 CDT {0001-01-01 00:00:00 +0000 UTC false}} testuser test@example.com $2a$10$hSXbMB48sBxxdyhmnV65BeoYOBTFmzZLHSMa0iv7W1Rttl62vUS7G  Austin Community College FALL 2025 junior false  [] <nil> [] []} {{19 2025-08-06 19:38:56.30408 -0500 CDT 2025-08-06 19:38:56.30408 -0500 CDT {0001-01-01 00:00:00 +0000 UTC false}} Will wfotso21@gmail.com $2a$10$C0/9rF6Az4nlFFea5gZYXuFbpggw4ZSzJ6kJnxGz70gbVerFuKbbS  Austin Community College FALL 2025 junior false en [] <nil> [] []}]
2025-08-24T17:04:19: 2025/08/24 17:04:19 [INFO] SSE connection attempt from 127.0.0.1:34564
2025-08-24T17:04:19: 2025/08/24 17:04:19 [INFO] New SSE user id : 1
2025-08-24T17:04:19: 2025/08/24 17:04:19 [INFO] Active Clients: map[1:0xc0003b3c20]
2025-08-24T17:04:43: 2025/08/24 17:04:43 [INFO] user_id %!s(uint=1) course 44 column schedule value Su 5:20 PM - 7:00 PM
2025-08-24T17:09:14: 2025/08/24 17:09:14 [INFO] User ID : 1, Total : 2, Followers : [{{3 2025-07-11 03:34:59.874003 -0500 CDT 2025-07-11 03:34:59.874003 -0500 CDT {0001-01-01 00:00:00 +0000 UTC false}} testuser test@example.com $2a$10$hSXbMB48sBxxdyhmnV65BeoYOBTFmzZLHSMa0iv7W1Rttl62vUS7G  Austin Community College FALL 2025 junior false  [] <nil> [] []} {{19 2025-08-06 19:38:56.30408 -0500 CDT 2025-08-06 19:38:56.30408 -0500 CDT {0001-01-01 00:00:00 +0000 UTC false}} Will wfotso21@gmail.com $2a$10$C0/9rF6Az4nlFFea5gZYXuFbpggw4ZSzJ6kJnxGz70gbVerFuKbbS  Austin Community College FALL 2025 junior false en [] <nil> [] []}]
2025-08-24T17:16:45: 2025/08/24 17:16:45 [INFO] User ID : 1, Total : 2, Followers : [{{3 2025-07-11 03:34:59.874003 -0500 CDT 2025-07-11 03:34:59.874003 -0500 CDT {0001-01-01 00:00:00 +0000 UTC false}} testuser test@example.com $2a$10$hSXbMB48sBxxdyhmnV65BeoYOBTFmzZLHSMa0iv7W1Rttl62vUS7G  Austin Community College FALL 2025 junior false  [] <nil> [] []} {{19 2025-08-06 19:38:56.30408 -0500 CDT 2025-08-06 19:38:56.30408 -0500 CDT {0001-01-01 00:00:00 +0000 UTC false}} Will wfotso21@gmail.com $2a$10$C0/9rF6Az4nlFFea5gZYXuFbpggw4ZSzJ6kJnxGz70gbVerFuKbbS  Austin Community College FALL 2025 junior false en [] <nil> [] []}]
2025-08-24T17:19:18: 2025/08/24 17:19:18 [INFO] User ID : 1, Total : 2, Followers : [{{3 2025-07-11 03:34:59.874003 -0500 CDT 2025-07-11 03:34:59.874003 -0500 CDT {0001-01-01 00:00:00 +0000 UTC false}} testuser test@example.com $2a$10$hSXbMB48sBxxdyhmnV65BeoYOBTFmzZLHSMa0iv7W1Rttl62vUS7G  Austin Community College FALL 2025 junior false  [] <nil> [] []} {{19 2025-08-06 19:38:56.30408 -0500 CDT 2025-08-06 19:38:56.30408 -0500 CDT {0001-01-01 00:00:00 +0000 UTC false}} Will wfotso21@gmail.com $2a$10$C0/9rF6Az4nlFFea5gZYXuFbpggw4ZSzJ6kJnxGz70gbVerFuKbbS  Austin Community College FALL 2025 junior false en [] <nil> [] []}]
2025-08-24T17:29:40: 2025/08/24 17:29:40 [INFO] User ID : 1, Total : 2, Followers : [{{3 2025-07-11 03:34:59.874003 -0500 CDT 2025-07-11 03:34:59.874003 -0500 CDT {0001-01-01 00:00:00 +0000 UTC false}} testuser test@example.com $2a$10$hSXbMB48sBxxdyhmnV65BeoYOBTFmzZLHSMa0iv7W1Rttl62vUS7G  Austin Community College FALL 2025 junior false  [] <nil> [] []} {{19 2025-08-06 19:38:56.30408 -0500 CDT 2025-08-06 19:38:56.30408 -0500 CDT {0001-01-01 00:00:00 +0000 UTC false}} Will wfotso21@gmail.com $2a$10$C0/9rF6Az4nlFFea5gZYXuFbpggw4ZSzJ6kJnxGz70gbVerFuKbbS  Austin Community College FALL 2025 junior false en [] <nil> [] []}]
2025-08-24T17:32:22: 2025/08/24 17:32:22 [INFO] user_id %!s(uint=1) course 44 column schedule value W 3:40 PM - 5:00 PM
2025-08-24T17:32:40: 2025/08/24 17:32:40 [INFO] user_id %!s(uint=1) course 44 column schedule value W 3:40 PM - 5:45 PM
2025-08-24T17:37:47: 2025/08/24 17:37:47 [INFO] User ID : 1, Total : 2, Followers : [{{3 2025-07-11 03:34:59.874003 -0500 CDT 2025-07-11 03:34:59.874003 -0500 CDT {0001-01-01 00:00:00 +0000 UTC false}} testuser test@example.com $2a$10$hSXbMB48sBxxdyhmnV65BeoYOBTFmzZLHSMa0iv7W1Rttl62vUS7G  Austin Community College FALL 2025 junior false  [] <nil> [] []} {{19 2025-08-06 19:38:56.30408 -0500 CDT 2025-08-06 19:38:56.30408 -0500 CDT {0001-01-01 00:00:00 +0000 UTC false}} Will wfotso21@gmail.com $2a$10$C0/9rF6Az4nlFFea5gZYXuFbpggw4ZSzJ6kJnxGz70gbVerFuKbbS  Austin Community College FALL 2025 junior false en [] <nil> [] []}]
2025-08-24T17:40:21: 2025/08/24 17:40:21 [INFO] User ID : 1, Total : 2, Followers : [{{3 2025-07-11 03:34:59.874003 -0500 CDT 2025-07-11 03:34:59.874003 -0500 CDT {0001-01-01 00:00:00 +0000 UTC false}} testuser test@example.com $2a$10$hSXbMB48sBxxdyhmnV65BeoYOBTFmzZLHSMa0iv7W1Rttl62vUS7G  Austin Community College FALL 2025 junior false  [] <nil> [] []} {{19 2025-08-06 19:38:56.30408 -0500 CDT 2025-08-06 19:38:56.30408 -0500 CDT {0001-01-01 00:00:00 +0000 UTC false}} Will wfotso21@gmail.com $2a$10$C0/9rF6Az4nlFFea5gZYXuFbpggw4ZSzJ6kJnxGz70gbVerFuKbbS  Austin Community College FALL 2025 junior false en [] <nil> [] []}]
2025-08-24T17:43:06: 2025/08/24 17:43:06 [INFO] User ID : 1, Total : 2, Followers : [{{3 2025-07-11 03:34:59.874003 -0500 CDT 2025-07-11 03:34:59.874003 -0500 CDT {0001-01-01 00:00:00 +0000 UTC false}} testuser test@example.com $2a$10$hSXbMB48sBxxdyhmnV65BeoYOBTFmzZLHSMa0iv7W1Rttl62vUS7G  Austin Community College FALL 2025 junior false  [] <nil> [] []} {{19 2025-08-06 19:38:56.30408 -0500 CDT 2025-08-06 19:38:56.30408 -0500 CDT {0001-01-01 00:00:00 +0000 UTC false}} Will wfotso21@gmail.com $2a$10$C0/9rF6Az4nlFFea5gZYXuFbpggw4ZSzJ6kJnxGz70gbVerFuKbbS  Austin Community College FALL 2025 junior false en [] <nil> [] []}]
2025-08-24T17:47:12: 2025/08/24 17:47:12 [INFO] User ID : 1, Total : 2, Followers : [{{3 2025-07-11 03:34:59.874003 -0500 CDT 2025-07-11 03:34:59.874003 -0500 CDT {0001-01-01 00:00:00 +0000 UTC false}} testuser test@example.com $2a$10$hSXbMB48sBxxdyhmnV65BeoYOBTFmzZLHSMa0iv7W1Rttl62vUS7G  Austin Community College FALL 2025 junior false  [] <nil> [] []} {{19 2025-08-06 19:38:56.30408 -0500 CDT 2025-08-06 19:38:56.30408 -0500 CDT {0001-01-01 00:00:00 +0000 UTC false}} Will wfotso21@gmail.com $2a$10$C0/9rF6Az4nlFFea5gZYXuFbpggw4ZSzJ6kJnxGz70gbVerFuKbbS  Austin Community College FALL 2025 junior false en [] <nil> [] []}]
2025-08-24T17:48:29: 2025/08/24 17:48:29 [INFO] User ID : 1, Total : 2, Followers : [{{3 2025-07-11 03:34:59.874003 -0500 CDT 2025-07-11 03:34:59.874003 -0500 CDT {0001-01-01 00:00:00 +0000 UTC false}} testuser test@example.com $2a$10$hSXbMB48sBxxdyhmnV65BeoYOBTFmzZLHSMa0iv7W1Rttl62vUS7G  Austin Community College FALL 2025 junior false  [] <nil> [] []} {{19 2025-08-06 19:38:56.30408 -0500 CDT 2025-08-06 19:38:56.30408 -0500 CDT {0001-01-01 00:00:00 +0000 UTC false}} Will wfotso21@gmail.com $2a$10$C0/9rF6Az4nlFFea5gZYXuFbpggw4ZSzJ6kJnxGz70gbVerFuKbbS  Austin Community College FALL 2025 junior false en [] <nil> [] []}]
2025-08-24T17:59:19: 2025/08/24 17:59:19 [INFO] User ID : 1, Total : 2, Followers : [{{3 2025-07-11 03:34:59.874003 -0500 CDT 2025-07-11 03:34:59.874003 -0500 CDT {0001-01-01 00:00:00 +0000 UTC false}} testuser test@example.com $2a$10$hSXbMB48sBxxdyhmnV65BeoYOBTFmzZLHSMa0iv7W1Rttl62vUS7G  Austin Community College FALL 2025 junior false  [] <nil> [] []} {{19 2025-08-06 19:38:56.30408 -0500 CDT 2025-08-06 19:38:56.30408 -0500 CDT {0001-01-01 00:00:00 +0000 UTC false}} Will wfotso21@gmail.com $2a$10$C0/9rF6Az4nlFFea5gZYXuFbpggw4ZSzJ6kJnxGz70gbVerFuKbbS  Austin Community College FALL 2025 junior false en [] <nil> [] []}]
2025-08-24T18:03:25: 2025/08/24 18:03:25 [INFO] User ID : 1, Total : 2, Followers : [{{3 2025-07-11 03:34:59.874003 -0500 CDT 2025-07-11 03:34:59.874003 -0500 CDT {0001-01-01 00:00:00 +0000 UTC false}} testuser test@example.com $2a$10$hSXbMB48sBxxdyhmnV65BeoYOBTFmzZLHSMa0iv7W1Rttl62vUS7G  Austin Community College FALL 2025 junior false  [] <nil> [] []} {{19 2025-08-06 19:38:56.30408 -0500 CDT 2025-08-06 19:38:56.30408 -0500 CDT {0001-01-01 00:00:00 +0000 UTC false}} Will wfotso21@gmail.com $2a$10$C0/9rF6Az4nlFFea5gZYXuFbpggw4ZSzJ6kJnxGz70gbVerFuKbbS  Austin Community College FALL 2025 junior false en [] <nil> [] []}]
2025-08-24T19:09:03: 2025/08/24 19:09:03 [INFO] User ID : 1, Total : 2, Followers : [{{3 2025-07-11 03:34:59.874003 -0500 CDT 2025-07-11 03:34:59.874003 -0500 CDT {0001-01-01 00:00:00 +0000 UTC false}} testuser test@example.com $2a$10$hSXbMB48sBxxdyhmnV65BeoYOBTFmzZLHSMa0iv7W1Rttl62vUS7G  Austin Community College FALL 2025 junior false  [] <nil> [] []} {{19 2025-08-06 19:38:56.30408 -0500 CDT 2025-08-06 19:38:56.30408 -0500 CDT {0001-01-01 00:00:00 +0000 UTC false}} Will wfotso21@gmail.com $2a$10$C0/9rF6Az4nlFFea5gZYXuFbpggw4ZSzJ6kJnxGz70gbVerFuKbbS  Austin Community College FALL 2025 junior false en [] <nil> [] []}]
2025-08-24T19:09:15: 2025/08/24 19:09:15 [INFO] User ID : 3, Total : 0, Followers : []
2025-08-24T19:09:15: 2025/08/24 19:09:15 [INFO] User ID : 19, Total : 0, Followers : []
2025-08-24T19:11:44: 2025/08/24 19:11:44 [INFO] Sending notification to user 3
2025-08-24T19:11:44: 2025/08/24 19:11:44 [INFO] Active Clients: map[1:0xc0003b3c20]
2025-08-24T19:11:44: 2025/08/24 19:11:44 [INFO] new SSE message for user id : 1
2025-08-24T19:11:44: 2025/08/24 19:11:44 [INFO] User ID : 3, Total : 1, Followers : [{{1 2025-07-11 02:42:41.05966 -0500 CDT 2025-08-22 23:14:28 -0500 CDT {0001-01-01 00:00:00 +0000 UTC false}} William Fotso will.fotso.pro@gmail.com $2a$10$kfJAlQS41p5pyo8ly5PDw..LKEuKWj0Op3agBHZNRq9SsdVJPgnQe  Austin Community College FALL 2025 Sophomore false  [] <nil> [] []}]
2025-08-24T19:12:00: 2025/08/24 19:12:00 [INFO] User ID : 3, Total : 0, Followers : []
2025-08-24T19:12:08: 2025/08/24 19:12:08 [INFO] Sending notification to user 3
2025-08-24T19:12:08: 2025/08/24 19:12:08 [INFO] Active Clients: map[1:0xc0003b3c20]
2025-08-24T19:12:08: 2025/08/24 19:12:08 [INFO] new SSE message for user id : 1
2025-08-24T19:12:08: 2025/08/24 19:12:08 [INFO] User ID : 3, Total : 1, Followers : [{{1 2025-07-11 02:42:41.05966 -0500 CDT 2025-08-22 23:14:28 -0500 CDT {0001-01-01 00:00:00 +0000 UTC false}} William Fotso will.fotso.pro@gmail.com $2a$10$kfJAlQS41p5pyo8ly5PDw..LKEuKWj0Op3agBHZNRq9SsdVJPgnQe  Austin Community College FALL 2025 Sophomore false  [] <nil> [] []}]
2025-08-24T19:12:09: 2025/08/24 19:12:09 [INFO] User ID : 3, Total : 0, Followers : []
2025-08-24T19:46:38: 2025/08/24 19:46:38 [INFO] User ID : 1, Total : 2, Followers : [{{3 2025-07-11 03:34:59.874003 -0500 CDT 2025-07-11 03:34:59.874003 -0500 CDT {0001-01-01 00:00:00 +0000 UTC false}} testuser test@example.com $2a$10$hSXbMB48sBxxdyhmnV65BeoYOBTFmzZLHSMa0iv7W1Rttl62vUS7G  Austin Community College FALL 2025 junior false  [] <nil> [] []} {{19 2025-08-06 19:38:56.30408 -0500 CDT 2025-08-06 19:38:56.30408 -0500 CDT {0001-01-01 00:00:00 +0000 UTC false}} Will wfotso21@gmail.com $2a$10$C0/9rF6Az4nlFFea5gZYXuFbpggw4ZSzJ6kJnxGz70gbVerFuKbbS  Austin Community College FALL 2025 junior false en [] <nil> [] []}]
2025-08-24T19:50:43: 2025/08/24 19:50:43 [INFO] User ID : 1, Total : 2, Followers : [{{3 2025-07-11 03:34:59.874003 -0500 CDT 2025-07-11 03:34:59.874003 -0500 CDT {0001-01-01 00:00:00 +0000 UTC false}} testuser test@example.com $2a$10$hSXbMB48sBxxdyhmnV65BeoYOBTFmzZLHSMa0iv7W1Rttl62vUS7G  Austin Community College FALL 2025 junior false  [] <nil> [] []} {{19 2025-08-06 19:38:56.30408 -0500 CDT 2025-08-06 19:38:56.30408 -0500 CDT {0001-01-01 00:00:00 +0000 UTC false}} Will wfotso21@gmail.com $2a$10$C0/9rF6Az4nlFFea5gZYXuFbpggw4ZSzJ6kJnxGz70gbVerFuKbbS  Austin Community College FALL 2025 junior false en [] <nil> [] []}]
2025-08-24T20:04:29: 2025/08/24 20:04:29 [INFO] User ID : 1, Total : 2, Followers : [{{3 2025-07-11 03:34:59.874003 -0500 CDT 2025-07-11 03:34:59.874003 -0500 CDT {0001-01-01 00:00:00 +0000 UTC false}} testuser test@example.com $2a$10$hSXbMB48sBxxdyhmnV65BeoYOBTFmzZLHSMa0iv7W1Rttl62vUS7G  Austin Community College FALL 2025 junior false  [] <nil> [] []} {{19 2025-08-06 19:38:56.30408 -0500 CDT 2025-08-06 19:38:56.30408 -0500 CDT {0001-01-01 00:00:00 +0000 UTC false}} Will wfotso21@gmail.com $2a$10$C0/9rF6Az4nlFFea5gZYXuFbpggw4ZSzJ6kJnxGz70gbVerFuKbbS  Austin Community College FALL 2025 junior false en [] <nil> [] []}]
2025-08-24T20:18:36: 2025/08/24 20:18:36 [INFO] User ID : 1, Total : 2, Followers : [{{3 2025-07-11 03:34:59.874003 -0500 CDT 2025-07-11 03:34:59.874003 -0500 CDT {0001-01-01 00:00:00 +0000 UTC false}} testuser test@example.com $2a$10$hSXbMB48sBxxdyhmnV65BeoYOBTFmzZLHSMa0iv7W1Rttl62vUS7G  Austin Community College FALL 2025 junior false  [] <nil> [] []} {{19 2025-08-06 19:38:56.30408 -0500 CDT 2025-08-06 19:38:56.30408 -0500 CDT {0001-01-01 00:00:00 +0000 UTC false}} Will wfotso21@gmail.com $2a$10$C0/9rF6Az4nlFFea5gZYXuFbpggw4ZSzJ6kJnxGz70gbVerFuKbbS  Austin Community College FALL 2025 junior false en [] <nil> [] []}]
2025-08-24T20:50:51: 2025/08/24 20:50:51 [INFO] User ID : 1, Total : 2, Followers : [{{3 2025-07-11 03:34:59.874003 -0500 CDT 2025-07-11 03:34:59.874003 -0500 CDT {0001-01-01 00:00:00 +0000 UTC false}} testuser test@example.com $2a$10$hSXbMB48sBxxdyhmnV65BeoYOBTFmzZLHSMa0iv7W1Rttl62vUS7G  Austin Community College FALL 2025 junior false  [] <nil> [] []} {{19 2025-08-06 19:38:56.30408 -0500 CDT 2025-08-06 19:38:56.30408 -0500 CDT {0001-01-01 00:00:00 +0000 UTC false}} Will wfotso21@gmail.com $2a$10$C0/9rF6Az4nlFFea5gZYXuFbpggw4ZSzJ6kJnxGz70gbVerFuKbbS  Austin Community College FALL 2025 junior false en [] <nil> [] []}]
2025-08-24T20:55:39: 2025/08/24 20:55:39 [INFO] User ID : 1, Total : 2, Followers : [{{3 2025-07-11 03:34:59.874003 -0500 CDT 2025-07-11 03:34:59.874003 -0500 CDT {0001-01-01 00:00:00 +0000 UTC false}} testuser test@example.com $2a$10$hSXbMB48sBxxdyhmnV65BeoYOBTFmzZLHSMa0iv7W1Rttl62vUS7G  Austin Community College FALL 2025 junior false  [] <nil> [] []} {{19 2025-08-06 19:38:56.30408 -0500 CDT 2025-08-06 19:38:56.30408 -0500 CDT {0001-01-01 00:00:00 +0000 UTC false}} Will wfotso21@gmail.com $2a$10$C0/9rF6Az4nlFFea5gZYXuFbpggw4ZSzJ6kJnxGz70gbVerFuKbbS  Austin Community College FALL 2025 junior false en [] <nil> [] []}]
2025-08-24T20:57:24: 2025/08/24 20:57:24 [INFO] User ID : 1, Total : 2, Followers : [{{3 2025-07-11 03:34:59.874003 -0500 CDT 2025-07-11 03:34:59.874003 -0500 CDT {0001-01-01 00:00:00 +0000 UTC false}} testuser test@example.com $2a$10$hSXbMB48sBxxdyhmnV65BeoYOBTFmzZLHSMa0iv7W1Rttl62vUS7G  Austin Community College FALL 2025 junior false  [] <nil> [] []} {{19 2025-08-06 19:38:56.30408 -0500 CDT 2025-08-06 19:38:56.30408 -0500 CDT {0001-01-01 00:00:00 +0000 UTC false}} Will wfotso21@gmail.com $2a$10$C0/9rF6Az4nlFFea5gZYXuFbpggw4ZSzJ6kJnxGz70gbVerFuKbbS  Austin Community College FALL 2025 junior false en [] <nil> [] []}]
2025-08-24T20:59:08: 2025/08/24 20:59:08 [INFO] User ID : 1, Total : 2, Followers : [{{3 2025-07-11 03:34:59.874003 -0500 CDT 2025-07-11 03:34:59.874003 -0500 CDT {0001-01-01 00:00:00 +0000 UTC false}} testuser test@example.com $2a$10$hSXbMB48sBxxdyhmnV65BeoYOBTFmzZLHSMa0iv7W1Rttl62vUS7G  Austin Community College FALL 2025 junior false  [] <nil> [] []} {{19 2025-08-06 19:38:56.30408 -0500 CDT 2025-08-06 19:38:56.30408 -0500 CDT {0001-01-01 00:00:00 +0000 UTC false}} Will wfotso21@gmail.com $2a$10$C0/9rF6Az4nlFFea5gZYXuFbpggw4ZSzJ6kJnxGz70gbVerFuKbbS  Austin Community College FALL 2025 junior false en [] <nil> [] []}]
2025-08-24T20:59:58: 2025/08/24 20:59:58 [INFO] User ID : 3, Total : 0, Followers : []
2025-08-24T20:59:58: 2025/08/24 20:59:58 [INFO] User ID : 19, Total : 0, Followers : []
2025-08-24T21:03:43: 2025/08/24 21:03:43 [INFO] User ID : 1, Total : 2, Followers : [{{3 2025-07-11 03:34:59.874003 -0500 CDT 2025-07-11 03:34:59.874003 -0500 CDT {0001-01-01 00:00:00 +0000 UTC false}} testuser test@example.com $2a$10$hSXbMB48sBxxdyhmnV65BeoYOBTFmzZLHSMa0iv7W1Rttl62vUS7G  Austin Community College FALL 2025 junior false  [] <nil> [] []} {{19 2025-08-06 19:38:56.30408 -0500 CDT 2025-08-06 19:38:56.30408 -0500 CDT {0001-01-01 00:00:00 +0000 UTC false}} Will wfotso21@gmail.com $2a$10$C0/9rF6Az4nlFFea5gZYXuFbpggw4ZSzJ6kJnxGz70gbVerFuKbbS  Austin Community College FALL 2025 junior false en [] <nil> [] []}]
2025-08-24T21:03:54: 2025/08/24 21:03:54 [INFO] User ID : 3, Total : 0, Followers : []
2025-08-24T21:03:54: 2025/08/24 21:03:54 [INFO] User ID : 19, Total : 0, Followers : []
2025-08-24T21:10:41: 2025/08/24 21:10:41 [INFO] User ID : 1, Total : 2, Followers : [{{3 2025-07-11 03:34:59.874003 -0500 CDT 2025-07-11 03:34:59.874003 -0500 CDT {0001-01-01 00:00:00 +0000 UTC false}} testuser test@example.com $2a$10$hSXbMB48sBxxdyhmnV65BeoYOBTFmzZLHSMa0iv7W1Rttl62vUS7G  Austin Community College FALL 2025 junior false  [] <nil> [] []} {{19 2025-08-06 19:38:56.30408 -0500 CDT 2025-08-06 19:38:56.30408 -0500 CDT {0001-01-01 00:00:00 +0000 UTC false}} Will wfotso21@gmail.com $2a$10$C0/9rF6Az4nlFFea5gZYXuFbpggw4ZSzJ6kJnxGz70gbVerFuKbbS  Austin Community College FALL 2025 junior false en [] <nil> [] []}]
2025-08-24T21:20:23: 2025/08/24 21:20:23 [INFO] User ID : 3, Total : 0, Followers : []
2025-08-24T21:20:23: 2025/08/24 21:20:23 [INFO] User ID : 19, Total : 0, Followers : []
2025-08-24T21:23:54: 2025/08/24 21:23:54 [INFO] assignment input data local ID : 93 Title: 2.1-2.2 Note Submission : Course code: MATH-2413 Type : HW Deadline : 2025-08-27 
2025-08-24T21:23:54: 2025/08/24 21:23:54 [INFO] assignment input : {93 2.1-2.2 Note Submission Submit corresponding notes 2025-08-27 MATH-2413 HW Not started low}
2025-08-24T21:24:54: 2025/08/24 21:24:54 [INFO] user_id 1 assignment 135 column status_name value In progress
2025-08-24T21:24:57: 2025/08/24 21:24:57 [INFO] user_id 1 assignment 135 column status_name value Not started
2025-08-24T21:25:30: 2025/08/24 21:25:30 [INFO] user_id 1 column deleted_at value 2025-08-24T21:25:30-05:00
2025-08-24T21:25:35: 2025/08/24 21:25:35 [INFO] user_id 1 column deleted_at value 2025-08-24T21:25:35-05:00
2025-08-24T21:25:38: 2025/08/24 21:25:38 [INFO] user_id 1 column deleted_at value 2025-08-24T21:25:38-05:00
2025-08-24T21:25:40: 2025/08/24 21:25:40 [INFO] user_id 1 column deleted_at value 2025-08-24T21:25:40-05:00
2025-08-24T21:31:44: 2025/08/24 21:31:44 [INFO] User ID : 1, Total : 2, Followers : [{{3 2025-07-11 03:34:59.874003 -0500 CDT 2025-07-11 03:34:59.874003 -0500 CDT {0001-01-01 00:00:00 +0000 UTC false}} testuser test@example.com $2a$10$hSXbMB48sBxxdyhmnV65BeoYOBTFmzZLHSMa0iv7W1Rttl62vUS7G  Austin Community College FALL 2025 junior false  [] <nil> [] []} {{19 2025-08-06 19:38:56.30408 -0500 CDT 2025-08-06 19:38:56.30408 -0500 CDT {0001-01-01 00:00:00 +0000 UTC false}} Will wfotso21@gmail.com $2a$10$C0/9rF6Az4nlFFea5gZYXuFbpggw4ZSzJ6kJnxGz70gbVerFuKbbS  Austin Community College FALL 2025 junior false en [] <nil> [] []}]
2025-08-24T21:34:16: 2025/08/24 21:34:16 [INFO] User ID : 1, Total : 2, Followers : [{{3 2025-07-11 03:34:59.874003 -0500 CDT 2025-07-11 03:34:59.874003 -0500 CDT {0001-01-01 00:00:00 +0000 UTC false}} testuser test@example.com $2a$10$hSXbMB48sBxxdyhmnV65BeoYOBTFmzZLHSMa0iv7W1Rttl62vUS7G  Austin Community College FALL 2025 junior false  [] <nil> [] []} {{19 2025-08-06 19:38:56.30408 -0500 CDT 2025-08-06 19:38:56.30408 -0500 CDT {0001-01-01 00:00:00 +0000 UTC false}} Will wfotso21@gmail.com $2a$10$C0/9rF6Az4nlFFea5gZYXuFbpggw4ZSzJ6kJnxGz70gbVerFuKbbS  Austin Community College FALL 2025 junior false en [] <nil> [] []}]
2025-08-24T21:39:37: 2025/08/24 21:39:37 [INFO] User ID : 1, Total : 2, Followers : [{{3 2025-07-11 03:34:59.874003 -0500 CDT 2025-07-11 03:34:59.874003 -0500 CDT {0001-01-01 00:00:00 +0000 UTC false}} testuser test@example.com $2a$10$hSXbMB48sBxxdyhmnV65BeoYOBTFmzZLHSMa0iv7W1Rttl62vUS7G  Austin Community College FALL 2025 junior false  [] <nil> [] []} {{19 2025-08-06 19:38:56.30408 -0500 CDT 2025-08-06 19:38:56.30408 -0500 CDT {0001-01-01 00:00:00 +0000 UTC false}} Will wfotso21@gmail.com $2a$10$C0/9rF6Az4nlFFea5gZYXuFbpggw4ZSzJ6kJnxGz70gbVerFuKbbS  Austin Community College FALL 2025 junior false en [] <nil> [] []}]
2025-08-24T21:44:18: 2025/08/24 21:44:18 [INFO] User ID : 1, Total : 2, Followers : [{{3 2025-07-11 03:34:59.874003 -0500 CDT 2025-07-11 03:34:59.874003 -0500 CDT {0001-01-01 00:00:00 +0000 UTC false}} testuser test@example.com $2a$10$hSXbMB48sBxxdyhmnV65BeoYOBTFmzZLHSMa0iv7W1Rttl62vUS7G  Austin Community College FALL 2025 junior false  [] <nil> [] []} {{19 2025-08-06 19:38:56.30408 -0500 CDT 2025-08-06 19:38:56.30408 -0500 CDT {0001-01-01 00:00:00 +0000 UTC false}} Will wfotso21@gmail.com $2a$10$C0/9rF6Az4nlFFea5gZYXuFbpggw4ZSzJ6kJnxGz70gbVerFuKbbS  Austin Community College FALL 2025 junior false en [] <nil> [] []}]
2025-08-24T21:51:06: 2025/08/24 21:51:06 [INFO] User ID : 1, Total : 2, Followers : [{{3 2025-07-11 03:34:59.874003 -0500 CDT 2025-07-11 03:34:59.874003 -0500 CDT {0001-01-01 00:00:00 +0000 UTC false}} testuser test@example.com $2a$10$hSXbMB48sBxxdyhmnV65BeoYOBTFmzZLHSMa0iv7W1Rttl62vUS7G  Austin Community College FALL 2025 junior false  [] <nil> [] []} {{19 2025-08-06 19:38:56.30408 -0500 CDT 2025-08-06 19:38:56.30408 -0500 CDT {0001-01-01 00:00:00 +0000 UTC false}} Will wfotso21@gmail.com $2a$10$C0/9rF6Az4nlFFea5gZYXuFbpggw4ZSzJ6kJnxGz70gbVerFuKbbS  Austin Community College FALL 2025 junior false en [] <nil> [] []}]
2025-08-24T21:53:38: 2025/08/24 21:53:38 [INFO] User ID : 1, Total : 2, Followers : [{{3 2025-07-11 03:34:59.874003 -0500 CDT 2025-07-11 03:34:59.874003 -0500 CDT {0001-01-01 00:00:00 +0000 UTC false}} testuser test@example.com $2a$10$hSXbMB48sBxxdyhmnV65BeoYOBTFmzZLHSMa0iv7W1Rttl62vUS7G  Austin Community College FALL 2025 junior false  [] <nil> [] []} {{19 2025-08-06 19:38:56.30408 -0500 CDT 2025-08-06 19:38:56.30408 -0500 CDT {0001-01-01 00:00:00 +0000 UTC false}} Will wfotso21@gmail.com $2a$10$C0/9rF6Az4nlFFea5gZYXuFbpggw4ZSzJ6kJnxGz70gbVerFuKbbS  Austin Community College FALL 2025 junior false en [] <nil> [] []}]
2025-08-24T21:55:31: 2025/08/24 21:55:31 [INFO] User ID : 1, Total : 2, Followers : [{{3 2025-07-11 03:34:59.874003 -0500 CDT 2025-07-11 03:34:59.874003 -0500 CDT {0001-01-01 00:00:00 +0000 UTC false}} testuser test@example.com $2a$10$hSXbMB48sBxxdyhmnV65BeoYOBTFmzZLHSMa0iv7W1Rttl62vUS7G  Austin Community College FALL 2025 junior false  [] <nil> [] []} {{19 2025-08-06 19:38:56.30408 -0500 CDT 2025-08-06 19:38:56.30408 -0500 CDT {0001-01-01 00:00:00 +0000 UTC false}} Will wfotso21@gmail.com $2a$10$C0/9rF6Az4nlFFea5gZYXuFbpggw4ZSzJ6kJnxGz70gbVerFuKbbS  Austin Community College FALL 2025 junior false en [] <nil> [] []}]
2025-08-24T21:56:44: 2025/08/24 21:56:44 [INFO] User ID : 1, Total : 2, Followers : [{{3 2025-07-11 03:34:59.874003 -0500 CDT 2025-07-11 03:34:59.874003 -0500 CDT {0001-01-01 00:00:00 +0000 UTC false}} testuser test@example.com $2a$10$hSXbMB48sBxxdyhmnV65BeoYOBTFmzZLHSMa0iv7W1Rttl62vUS7G  Austin Community College FALL 2025 junior false  [] <nil> [] []} {{19 2025-08-06 19:38:56.30408 -0500 CDT 2025-08-06 19:38:56.30408 -0500 CDT {0001-01-01 00:00:00 +0000 UTC false}} Will wfotso21@gmail.com $2a$10$C0/9rF6Az4nlFFea5gZYXuFbpggw4ZSzJ6kJnxGz70gbVerFuKbbS  Austin Community College FALL 2025 junior false en [] <nil> [] []}]
2025-08-24T21:59:22: 2025/08/24 21:59:22 [INFO] User ID : 1, Total : 2, Followers : [{{3 2025-07-11 03:34:59.874003 -0500 CDT 2025-07-11 03:34:59.874003 -0500 CDT {0001-01-01 00:00:00 +0000 UTC false}} testuser test@example.com $2a$10$hSXbMB48sBxxdyhmnV65BeoYOBTFmzZLHSMa0iv7W1Rttl62vUS7G  Austin Community College FALL 2025 junior false  [] <nil> [] []} {{19 2025-08-06 19:38:56.30408 -0500 CDT 2025-08-06 19:38:56.30408 -0500 CDT {0001-01-01 00:00:00 +0000 UTC false}} Will wfotso21@gmail.com $2a$10$C0/9rF6Az4nlFFea5gZYXuFbpggw4ZSzJ6kJnxGz70gbVerFuKbbS  Austin Community College FALL 2025 junior false en [] <nil> [] []}]
2025-08-24T22:01:09: 2025/08/24 22:01:09 [INFO] User ID : 1, Total : 2, Followers : [{{3 2025-07-11 03:34:59.874003 -0500 CDT 2025-07-11 03:34:59.874003 -0500 CDT {0001-01-01 00:00:00 +0000 UTC false}} testuser test@example.com $2a$10$hSXbMB48sBxxdyhmnV65BeoYOBTFmzZLHSMa0iv7W1Rttl62vUS7G  Austin Community College FALL 2025 junior false  [] <nil> [] []} {{19 2025-08-06 19:38:56.30408 -0500 CDT 2025-08-06 19:38:56.30408 -0500 CDT {0001-01-01 00:00:00 +0000 UTC false}} Will wfotso21@gmail.com $2a$10$C0/9rF6Az4nlFFea5gZYXuFbpggw4ZSzJ6kJnxGz70gbVerFuKbbS  Austin Community College FALL 2025 junior false en [] <nil> [] []}]
2025-08-24T22:03:17: 2025/08/24 22:03:17 [INFO] User ID : 1, Total : 2, Followers : [{{3 2025-07-11 03:34:59.874003 -0500 CDT 2025-07-11 03:34:59.874003 -0500 CDT {0001-01-01 00:00:00 +0000 UTC false}} testuser test@example.com $2a$10$hSXbMB48sBxxdyhmnV65BeoYOBTFmzZLHSMa0iv7W1Rttl62vUS7G  Austin Community College FALL 2025 junior false  [] <nil> [] []} {{19 2025-08-06 19:38:56.30408 -0500 CDT 2025-08-06 19:38:56.30408 -0500 CDT {0001-01-01 00:00:00 +0000 UTC false}} Will wfotso21@gmail.com $2a$10$C0/9rF6Az4nlFFea5gZYXuFbpggw4ZSzJ6kJnxGz70gbVerFuKbbS  Austin Community College FALL 2025 junior false en [] <nil> [] []}]
2025-08-24T22:04:17: 2025/08/24 22:04:17 [INFO] User ID : 1, Total : 2, Followers : [{{3 2025-07-11 03:34:59.874003 -0500 CDT 2025-07-11 03:34:59.874003 -0500 CDT {0001-01-01 00:00:00 +0000 UTC false}} testuser test@example.com $2a$10$hSXbMB48sBxxdyhmnV65BeoYOBTFmzZLHSMa0iv7W1Rttl62vUS7G  Austin Community College FALL 2025 junior false  [] <nil> [] []} {{19 2025-08-06 19:38:56.30408 -0500 CDT 2025-08-06 19:38:56.30408 -0500 CDT {0001-01-01 00:00:00 +0000 UTC false}} Will wfotso21@gmail.com $2a$10$C0/9rF6Az4nlFFea5gZYXuFbpggw4ZSzJ6kJnxGz70gbVerFuKbbS  Austin Community College FALL 2025 junior false en [] <nil> [] []}]
2025-08-24T22:05:59: 2025/08/24 22:05:59 [INFO] User ID : 1, Total : 2, Followers : [{{3 2025-07-11 03:34:59.874003 -0500 CDT 2025-07-11 03:34:59.874003 -0500 CDT {0001-01-01 00:00:00 +0000 UTC false}} testuser test@example.com $2a$10$hSXbMB48sBxxdyhmnV65BeoYOBTFmzZLHSMa0iv7W1Rttl62vUS7G  Austin Community College FALL 2025 junior false  [] <nil> [] []} {{19 2025-08-06 19:38:56.30408 -0500 CDT 2025-08-06 19:38:56.30408 -0500 CDT {0001-01-01 00:00:00 +0000 UTC false}} Will wfotso21@gmail.com $2a$10$C0/9rF6Az4nlFFea5gZYXuFbpggw4ZSzJ6kJnxGz70gbVerFuKbbS  Austin Community College FALL 2025 junior false en [] <nil> [] []}]
2025-08-24T22:11:15: 2025/08/24 22:11:15 [INFO] user_id 1 assignment 135 column link value https://acconline.austincc.edu/ultra/courses/_949881_1/outline/assessment/_30382482_1/overview?courseId=_949881_1
2025-08-24T22:31:51: 2025/08/24 22:31:51 [INFO] User ID : 1, Total : 2, Followers : [{{3 2025-07-11 03:34:59.874003 -0500 CDT 2025-07-11 03:34:59.874003 -0500 CDT {0001-01-01 00:00:00 +0000 UTC false}} testuser test@example.com $2a$10$hSXbMB48sBxxdyhmnV65BeoYOBTFmzZLHSMa0iv7W1Rttl62vUS7G  Austin Community College FALL 2025 junior false  [] <nil> [] []} {{19 2025-08-06 19:38:56.30408 -0500 CDT 2025-08-06 19:38:56.30408 -0500 CDT {0001-01-01 00:00:00 +0000 UTC false}} Will wfotso21@gmail.com $2a$10$C0/9rF6Az4nlFFea5gZYXuFbpggw4ZSzJ6kJnxGz70gbVerFuKbbS  Austin Community College FALL 2025 junior false en [] <nil> [] []}]
2025-08-24T22:32:37: 2025/08/24 22:32:37 [INFO] Client 1 disconnected (context canceled)
2025-08-24T22:32:37: 2025/08/24 22:32:37 [INFO] Removing client 1 (reason: connection closing)
2025-08-25T06:19:26: 2025/08/25 06:19:26 [INFO] SSE connection attempt from 127.0.0.1:49968
2025-08-25T06:19:26: 2025/08/25 06:19:26 [INFO] New SSE user id : 1
2025-08-25T06:19:26: 2025/08/25 06:19:26 [INFO] Active Clients: map[1:0xc0003db6b0]
2025-08-25T06:34:46: 2025/08/25 06:34:46 [INFO] User ID : 1, Total : 2, Followers : [{{3 2025-07-11 03:34:59.874003 -0500 CDT 2025-07-11 03:34:59.874003 -0500 CDT {0001-01-01 00:00:00 +0000 UTC false}} testuser test@example.com $2a$10$hSXbMB48sBxxdyhmnV65BeoYOBTFmzZLHSMa0iv7W1Rttl62vUS7G  Austin Community College FALL 2025 junior false  [] <nil> [] []} {{19 2025-08-06 19:38:56.30408 -0500 CDT 2025-08-06 19:38:56.30408 -0500 CDT {0001-01-01 00:00:00 +0000 UTC false}} Will wfotso21@gmail.com $2a$10$C0/9rF6Az4nlFFea5gZYXuFbpggw4ZSzJ6kJnxGz70gbVerFuKbbS  Austin Community College FALL 2025 junior false en [] <nil> [] []}]
2025-08-25T06:49:32: 2025/08/25 06:49:32 [INFO] User ID : 1, Total : 2, Followers : [{{3 2025-07-11 03:34:59.874003 -0500 CDT 2025-07-11 03:34:59.874003 -0500 CDT {0001-01-01 00:00:00 +0000 UTC false}} testuser test@example.com $2a$10$hSXbMB48sBxxdyhmnV65BeoYOBTFmzZLHSMa0iv7W1Rttl62vUS7G  Austin Community College FALL 2025 junior false  [] <nil> [] []} {{19 2025-08-06 19:38:56.30408 -0500 CDT 2025-08-06 19:38:56.30408 -0500 CDT {0001-01-01 00:00:00 +0000 UTC false}} Will wfotso21@gmail.com $2a$10$C0/9rF6Az4nlFFea5gZYXuFbpggw4ZSzJ6kJnxGz70gbVerFuKbbS  Austin Community College FALL 2025 junior false en [] <nil> [] []}]
2025-08-25T06:49:45: 2025/08/25 06:49:45 [INFO] User ID : 19, Total : 0, Followers : []
2025-08-25T06:49:45: 2025/08/25 06:49:45 [INFO] User ID : 3, Total : 0, Followers : []
2025-08-25T07:07:52: 2025/08/25 07:07:52 [INFO] Client 1 disconnected (context canceled)
2025-08-25T07:07:52: 2025/08/25 07:07:52 [INFO] Removing client 1 (reason: connection closing)
2025-08-25T08:46:09: 2025/08/25 08:46:09 [INFO] User ID : 1, Total : 2, Followers : [{{3 2025-07-11 03:34:59.874003 -0500 CDT 2025-07-11 03:34:59.874003 -0500 CDT {0001-01-01 00:00:00 +0000 UTC false}} testuser test@example.com $2a$10$hSXbMB48sBxxdyhmnV65BeoYOBTFmzZLHSMa0iv7W1Rttl62vUS7G  Austin Community College FALL 2025 junior false  [] <nil> [] []} {{19 2025-08-06 19:38:56.30408 -0500 CDT 2025-08-06 19:38:56.30408 -0500 CDT {0001-01-01 00:00:00 +0000 UTC false}} Will wfotso21@gmail.com $2a$10$C0/9rF6Az4nlFFea5gZYXuFbpggw4ZSzJ6kJnxGz70gbVerFuKbbS  Austin Community College FALL 2025 junior false en [] <nil> [] []}]
2025-08-25T08:46:55: 2025/08/25 08:46:55 [INFO] SSE connection attempt from 127.0.0.1:40286
2025-08-25T08:46:55: 2025/08/25 08:46:55 [INFO] New SSE user id : 1
2025-08-25T08:46:55: 2025/08/25 08:46:55 [INFO] Active Clients: map[1:0xc00038ea80]
2025-08-25T08:58:41: 2025/08/25 08:58:41 [INFO] User ID : 1, Total : 2, Followers : [{{3 2025-07-11 03:34:59.874003 -0500 CDT 2025-07-11 03:34:59.874003 -0500 CDT {0001-01-01 00:00:00 +0000 UTC false}} testuser test@example.com $2a$10$hSXbMB48sBxxdyhmnV65BeoYOBTFmzZLHSMa0iv7W1Rttl62vUS7G  Austin Community College FALL 2025 junior false  [] <nil> [] []} {{19 2025-08-06 19:38:56.30408 -0500 CDT 2025-08-06 19:38:56.30408 -0500 CDT {0001-01-01 00:00:00 +0000 UTC false}} Will wfotso21@gmail.com $2a$10$C0/9rF6Az4nlFFea5gZYXuFbpggw4ZSzJ6kJnxGz70gbVerFuKbbS  Austin Community College FALL 2025 junior false en [] <nil> [] []}]
2025-08-25T09:08:23: 2025/08/25 09:08:23 [INFO] assignment input data local ID : 94 Title: 2.3 Note Submission : Course code: MATH-2413 Type : HW Deadline : 2025-09-07 
2025-08-25T09:08:23: 2025/08/25 09:08:23 [INFO] assignment input : {94 2.3 Note Submission Problem set, Limits and Derivatives 2025-09-07 MATH-2413 HW Not started low}
2025-08-25T09:09:38: 2025/08/25 09:09:38 [INFO] user_id 1 assignment 135 column todo value Submit corresponding notes :
2025-08-25T09:09:38: - Single PDF
2025-08-25T09:09:38: - Submit before class- 
2025-08-25T09:10:48: 2025/08/25 09:10:48 [INFO] user_id 1 assignment 136 column deadline value 2025-09-03 00:00:00-05:00
2025-08-25T09:13:24: 2025/08/25 09:13:24 [INFO] assignment input data local ID : 95 Title: Unit 1A Problem Set : Course code: MATH-2413 Type : HW Deadline : 2025-09-07 
2025-08-25T09:13:24: 2025/08/25 09:13:24 [INFO] assignment input : {95 Unit 1A Problem Set Solve Provlem set : Limits and Derivatives 2025-09-07 MATH-2413 HW Not started low}
2025-08-25T09:13:55: 2025/08/25 09:13:55 [INFO] user_id 1 assignment 136 column todo value Submit corresponding notes :
2025-08-25T09:13:55: - Single PDF
2025-08-25T09:13:55: - Submit before class- 
2025-08-25T09:14:11: 2025/08/25 09:14:11 [INFO] User ID : 3, Total : 0, Followers : []
2025-08-25T09:14:11: 2025/08/25 09:14:11 [INFO] User ID : 19, Total : 0, Followers : []
2025-08-25T09:30:13: 2025/08/25 09:30:13 [INFO] User ID : 1, Total : 2, Followers : [{{3 2025-07-11 03:34:59.874003 -0500 CDT 2025-07-11 03:34:59.874003 -0500 CDT {0001-01-01 00:00:00 +0000 UTC false}} testuser test@example.com $2a$10$hSXbMB48sBxxdyhmnV65BeoYOBTFmzZLHSMa0iv7W1Rttl62vUS7G  Austin Community College FALL 2025 junior false  [] <nil> [] []} {{19 2025-08-06 19:38:56.30408 -0500 CDT 2025-08-06 19:38:56.30408 -0500 CDT {0001-01-01 00:00:00 +0000 UTC false}} Will wfotso21@gmail.com $2a$10$C0/9rF6Az4nlFFea5gZYXuFbpggw4ZSzJ6kJnxGz70gbVerFuKbbS  Austin Community College FALL 2025 junior false en [] <nil> [] []}]
2025-08-25T09:35:52: 2025/08/25 09:35:52 [INFO] User ID : 1, Total : 2, Followers : [{{3 2025-07-11 03:34:59.874003 -0500 CDT 2025-07-11 03:34:59.874003 -0500 CDT {0001-01-01 00:00:00 +0000 UTC false}} testuser test@example.com $2a$10$hSXbMB48sBxxdyhmnV65BeoYOBTFmzZLHSMa0iv7W1Rttl62vUS7G  Austin Community College FALL 2025 junior false  [] <nil> [] []} {{19 2025-08-06 19:38:56.30408 -0500 CDT 2025-08-06 19:38:56.30408 -0500 CDT {0001-01-01 00:00:00 +0000 UTC false}} Will wfotso21@gmail.com $2a$10$C0/9rF6Az4nlFFea5gZYXuFbpggw4ZSzJ6kJnxGz70gbVerFuKbbS  Austin Community College FALL 2025 junior false en [] <nil> [] []}]
2025-08-25T10:23:40: 2025/08/25 10:23:40 [INFO] User ID : 1, Total : 2, Followers : [{{3 2025-07-11 03:34:59.874003 -0500 CDT 2025-07-11 03:34:59.874003 -0500 CDT {0001-01-01 00:00:00 +0000 UTC false}} testuser test@example.com $2a$10$hSXbMB48sBxxdyhmnV65BeoYOBTFmzZLHSMa0iv7W1Rttl62vUS7G  Austin Community College FALL 2025 junior false  [] <nil> [] []} {{19 2025-08-06 19:38:56.30408 -0500 CDT 2025-08-06 19:38:56.30408 -0500 CDT {0001-01-01 00:00:00 +0000 UTC false}} Will wfotso21@gmail.com $2a$10$C0/9rF6Az4nlFFea5gZYXuFbpggw4ZSzJ6kJnxGz70gbVerFuKbbS  Austin Community College FALL 2025 junior false en [] <nil> [] []}]
2025-08-25T10:43:23: 2025/08/25 10:43:23 [INFO] Client 1 disconnected (context canceled)
2025-08-25T10:43:23: 2025/08/25 10:43:23 [INFO] Removing client 1 (reason: connection closing)
2025-08-25T10:53:31: 2025/08/25 10:53:31 [INFO] SSE connection attempt from 127.0.0.1:38224
2025-08-25T10:53:31: 2025/08/25 10:53:31 [INFO] New SSE user id : 1
2025-08-25T10:53:31: 2025/08/25 10:53:31 [INFO] Active Clients: map[1:0xc00038a8d0]
2025-08-25T11:10:58: 2025/08/25 11:10:58 [INFO] Client 1 disconnected (context canceled)
2025-08-25T11:10:58: 2025/08/25 11:10:58 [INFO] Removing client 1 (reason: connection closing)
2025-08-25T11:14:05: 2025/08/25 11:14:05 [INFO] User ID : 1, Total : 2, Followers : [{{3 2025-07-11 03:34:59.874003 -0500 CDT 2025-07-11 03:34:59.874003 -0500 CDT {0001-01-01 00:00:00 +0000 UTC false}} testuser test@example.com $2a$10$hSXbMB48sBxxdyhmnV65BeoYOBTFmzZLHSMa0iv7W1Rttl62vUS7G  Austin Community College FALL 2025 junior false  [] <nil> [] []} {{19 2025-08-06 19:38:56.30408 -0500 CDT 2025-08-06 19:38:56.30408 -0500 CDT {0001-01-01 00:00:00 +0000 UTC false}} Will wfotso21@gmail.com $2a$10$C0/9rF6Az4nlFFea5gZYXuFbpggw4ZSzJ6kJnxGz70gbVerFuKbbS  Austin Community College FALL 2025 junior false en [] <nil> [] []}]
2025-08-25T11:16:03: 2025/08/25 11:16:03 [INFO] SSE connection attempt from 127.0.0.1:49126
2025-08-25T11:16:03: 2025/08/25 11:16:03 [INFO] New SSE user id : 1
2025-08-25T11:16:03: 2025/08/25 11:16:03 [INFO] Active Clients: map[1:0xc00038e780]
2025-08-25T11:18:21: 2025/08/25 11:18:21 [INFO] User ID : 1, Total : 2, Followers : [{{3 2025-07-11 03:34:59.874003 -0500 CDT 2025-07-11 03:34:59.874003 -0500 CDT {0001-01-01 00:00:00 +0000 UTC false}} testuser test@example.com $2a$10$hSXbMB48sBxxdyhmnV65BeoYOBTFmzZLHSMa0iv7W1Rttl62vUS7G  Austin Community College FALL 2025 junior false  [] <nil> [] []} {{19 2025-08-06 19:38:56.30408 -0500 CDT 2025-08-06 19:38:56.30408 -0500 CDT {0001-01-01 00:00:00 +0000 UTC false}} Will wfotso21@gmail.com $2a$10$C0/9rF6Az4nlFFea5gZYXuFbpggw4ZSzJ6kJnxGz70gbVerFuKbbS  Austin Community College FALL 2025 junior false en [] <nil> [] []}]
2025-08-25T11:20:43: 2025/08/25 11:20:43 [INFO] assignment input data local ID : 96 Title: Set Unit 0 : Course code: MATH-2413 Type : HW Deadline : 2025-08-26 
2025-08-25T11:20:43: 2025/08/25 11:20:43 [INFO] assignment input : {96 Set Unit 0 Finish Set Unit 0 :
2025-08-25T11:20:43: - Revise subject from Pre-calculus : Trigonemtry, Log/Exp, Polynomials, Vectors 2025-08-26 MATH-2413 HW Not started low}
2025-08-25T11:21:12: 2025/08/25 11:21:12 [INFO] user_id 1 assignment 138 column priority value high
2025-08-25T11:23:45: 2025/08/25 11:23:44 [INFO] User ID : 1, Total : 2, Followers : [{{3 2025-07-11 03:34:59.874003 -0500 CDT 2025-07-11 03:34:59.874003 -0500 CDT {0001-01-01 00:00:00 +0000 UTC false}} testuser test@example.com $2a$10$hSXbMB48sBxxdyhmnV65BeoYOBTFmzZLHSMa0iv7W1Rttl62vUS7G  Austin Community College FALL 2025 junior false  [] <nil> [] []} {{19 2025-08-06 19:38:56.30408 -0500 CDT 2025-08-06 19:38:56.30408 -0500 CDT {0001-01-01 00:00:00 +0000 UTC false}} Will wfotso21@gmail.com $2a$10$C0/9rF6Az4nlFFea5gZYXuFbpggw4ZSzJ6kJnxGz70gbVerFuKbbS  Austin Community College FALL 2025 junior false en [] <nil> [] []}]
2025-08-25T11:32:13: 2025/08/25 11:32:13 [INFO] User ID : 3, Total : 0, Followers : []
2025-08-25T11:32:13: 2025/08/25 11:32:13 [INFO] User ID : 19, Total : 0, Followers : []
2025-08-25T12:23:15: 2025/08/25 12:23:15 [INFO] Client 1 disconnected (context canceled)
2025-08-25T12:23:15: 2025/08/25 12:23:15 [INFO] Removing client 1 (reason: connection closing)
2025-08-25T13:44:26: 2025/08/25 13:44:26 [INFO] SSE connection attempt from 127.0.0.1:52030
2025-08-25T13:44:26: 2025/08/25 13:44:26 [INFO] New SSE user id : 1
2025-08-25T13:44:26: 2025/08/25 13:44:26 [INFO] Active Clients: map[1:0xc0002f0870]
2025-08-25T14:01:05: 2025/08/25 14:01:05 [INFO] Client 1 disconnected (context canceled)
2025-08-25T14:01:05: 2025/08/25 14:01:05 [INFO] Removing client 1 (reason: connection closing)
2025-08-25T14:07:55: 2025/08/25 14:07:55 [INFO] SSE connection attempt from 127.0.0.1:47404
2025-08-25T14:07:55: 2025/08/25 14:07:55 [INFO] New SSE user id : 1
2025-08-25T14:07:55: 2025/08/25 14:07:55 [INFO] Active Clients: map[1:0xc0002f08a0]
2025-08-25T14:10:38: 2025/08/25 14:10:38 [INFO] User ID : 1, Total : 2, Followers : [{{3 2025-07-11 03:34:59.874003 -0500 CDT 2025-07-11 03:34:59.874003 -0500 CDT {0001-01-01 00:00:00 +0000 UTC false}} testuser test@example.com $2a$10$hSXbMB48sBxxdyhmnV65BeoYOBTFmzZLHSMa0iv7W1Rttl62vUS7G  Austin Community College FALL 2025 junior false  [] <nil> [] []} {{19 2025-08-06 19:38:56.30408 -0500 CDT 2025-08-06 19:38:56.30408 -0500 CDT {0001-01-01 00:00:00 +0000 UTC false}} Will wfotso21@gmail.com $2a$10$C0/9rF6Az4nlFFea5gZYXuFbpggw4ZSzJ6kJnxGz70gbVerFuKbbS  Austin Community College FALL 2025 junior false en [] <nil> [] []}]
2025-08-25T14:38:38: 2025/08/25 14:38:38 [INFO] Client 1 disconnected (context canceled)
2025-08-25T14:38:38: 2025/08/25 14:38:38 [INFO] Removing client 1 (reason: connection closing)
2025-08-25T14:41:05: 2025/08/25 14:41:05 [INFO] SSE connection attempt from 127.0.0.1:44014
2025-08-25T14:41:05: 2025/08/25 14:41:05 [INFO] New SSE user id : 1
2025-08-25T14:41:05: 2025/08/25 14:41:05 [INFO] Active Clients: map[1:0xc00038a930]
2025-08-25T14:59:06: 2025/08/25 14:59:06 [INFO] Client 1 disconnected (context canceled)
2025-08-25T14:59:06: 2025/08/25 14:59:06 [INFO] Removing client 1 (reason: connection closing)
2025-08-25T17:24:05: 2025/08/25 17:24:05 [INFO] SSE connection attempt from 127.0.0.1:37054
2025-08-25T17:24:05: 2025/08/25 17:24:05 [INFO] New SSE user id : 1
2025-08-25T17:24:05: 2025/08/25 17:24:05 [INFO] Active Clients: map[1:0xc00038a930]
2025-08-25T17:40:58: 2025/08/25 17:40:58 [INFO] Client 1 disconnected (context canceled)
2025-08-25T17:40:58: 2025/08/25 17:40:58 [INFO] Removing client 1 (reason: connection closing)
2025-08-25T17:44:18: 2025/08/25 17:44:18 [INFO] SSE connection attempt from 127.0.0.1:55678
2025-08-25T17:44:18: 2025/08/25 17:44:18 [INFO] New SSE user id : 1
2025-08-25T17:44:18: 2025/08/25 17:44:18 [INFO] Active Clients: map[1:0xc00038a930]
2025-08-25T18:01:06: 2025/08/25 18:01:06 [INFO] Client 1 disconnected (context canceled)
2025-08-25T18:01:06: 2025/08/25 18:01:06 [INFO] Removing client 1 (reason: connection closing)
2025-08-25T18:45:16: 2025/08/25 18:45:16 [INFO] SSE connection attempt from 127.0.0.1:49854
2025-08-25T18:45:16: 2025/08/25 18:45:16 [INFO] New SSE user id : 1
2025-08-25T18:45:16: 2025/08/25 18:45:16 [INFO] Active Clients: map[1:0xc00038a930]
2025-08-25T18:59:12: 2025/08/25 18:59:12 [INFO] User ID : 1, Total : 2, Followers : [{{3 2025-07-11 03:34:59.874003 -0500 CDT 2025-07-11 03:34:59.874003 -0500 CDT {0001-01-01 00:00:00 +0000 UTC false}} testuser test@example.com $2a$10$hSXbMB48sBxxdyhmnV65BeoYOBTFmzZLHSMa0iv7W1Rttl62vUS7G  Austin Community College FALL 2025 junior false  [] <nil> [] []} {{19 2025-08-06 19:38:56.30408 -0500 CDT 2025-08-06 19:38:56.30408 -0500 CDT {0001-01-01 00:00:00 +0000 UTC false}} Will wfotso21@gmail.com $2a$10$C0/9rF6Az4nlFFea5gZYXuFbpggw4ZSzJ6kJnxGz70gbVerFuKbbS  Austin Community College FALL 2025 junior false en [] <nil> [] []}]
2025-08-25T19:12:24: 2025/08/25 19:12:24 [INFO] User ID : 1, Total : 2, Followers : [{{3 2025-07-11 03:34:59.874003 -0500 CDT 2025-07-11 03:34:59.874003 -0500 CDT {0001-01-01 00:00:00 +0000 UTC false}} testuser test@example.com $2a$10$hSXbMB48sBxxdyhmnV65BeoYOBTFmzZLHSMa0iv7W1Rttl62vUS7G  Austin Community College FALL 2025 junior false  [] <nil> [] []} {{19 2025-08-06 19:38:56.30408 -0500 CDT 2025-08-06 19:38:56.30408 -0500 CDT {0001-01-01 00:00:00 +0000 UTC false}} Will wfotso21@gmail.com $2a$10$C0/9rF6Az4nlFFea5gZYXuFbpggw4ZSzJ6kJnxGz70gbVerFuKbbS  Austin Community College FALL 2025 junior false en [] <nil> [] []}]
2025-08-25T19:26:01: 2025/08/25 19:26:01 [INFO] User ID : 1, Total : 2, Followers : [{{3 2025-07-11 03:34:59.874003 -0500 CDT 2025-07-11 03:34:59.874003 -0500 CDT {0001-01-01 00:00:00 +0000 UTC false}} testuser test@example.com $2a$10$hSXbMB48sBxxdyhmnV65BeoYOBTFmzZLHSMa0iv7W1Rttl62vUS7G  Austin Community College FALL 2025 junior false  [] <nil> [] []} {{19 2025-08-06 19:38:56.30408 -0500 CDT 2025-08-06 19:38:56.30408 -0500 CDT {0001-01-01 00:00:00 +0000 UTC false}} Will wfotso21@gmail.com $2a$10$C0/9rF6Az4nlFFea5gZYXuFbpggw4ZSzJ6kJnxGz70gbVerFuKbbS  Austin Community College FALL 2025 junior false en [] <nil> [] []}]
2025-08-25T19:28:23: 2025/08/25 19:28:23 [INFO] User ID : 1, Total : 2, Followers : [{{3 2025-07-11 03:34:59.874003 -0500 CDT 2025-07-11 03:34:59.874003 -0500 CDT {0001-01-01 00:00:00 +0000 UTC false}} testuser test@example.com $2a$10$hSXbMB48sBxxdyhmnV65BeoYOBTFmzZLHSMa0iv7W1Rttl62vUS7G  Austin Community College FALL 2025 junior false  [] <nil> [] []} {{19 2025-08-06 19:38:56.30408 -0500 CDT 2025-08-06 19:38:56.30408 -0500 CDT {0001-01-01 00:00:00 +0000 UTC false}} Will wfotso21@gmail.com $2a$10$C0/9rF6Az4nlFFea5gZYXuFbpggw4ZSzJ6kJnxGz70gbVerFuKbbS  Austin Community College FALL 2025 junior false en [] <nil> [] []}]
2025-08-25T19:30:28: 2025/08/25 19:30:28 [INFO] User ID : 1, Total : 2, Followers : [{{3 2025-07-11 03:34:59.874003 -0500 CDT 2025-07-11 03:34:59.874003 -0500 CDT {0001-01-01 00:00:00 +0000 UTC false}} testuser test@example.com $2a$10$hSXbMB48sBxxdyhmnV65BeoYOBTFmzZLHSMa0iv7W1Rttl62vUS7G  Austin Community College FALL 2025 junior false  [] <nil> [] []} {{19 2025-08-06 19:38:56.30408 -0500 CDT 2025-08-06 19:38:56.30408 -0500 CDT {0001-01-01 00:00:00 +0000 UTC false}} Will wfotso21@gmail.com $2a$10$C0/9rF6Az4nlFFea5gZYXuFbpggw4ZSzJ6kJnxGz70gbVerFuKbbS  Austin Community College FALL 2025 junior false en [] <nil> [] []}]
2025-08-25T19:32:52: 2025/08/25 19:32:52 [INFO] User ID : 1, Total : 2, Followers : [{{3 2025-07-11 03:34:59.874003 -0500 CDT 2025-07-11 03:34:59.874003 -0500 CDT {0001-01-01 00:00:00 +0000 UTC false}} testuser test@example.com $2a$10$hSXbMB48sBxxdyhmnV65BeoYOBTFmzZLHSMa0iv7W1Rttl62vUS7G  Austin Community College FALL 2025 junior false  [] <nil> [] []} {{19 2025-08-06 19:38:56.30408 -0500 CDT 2025-08-06 19:38:56.30408 -0500 CDT {0001-01-01 00:00:00 +0000 UTC false}} Will wfotso21@gmail.com $2a$10$C0/9rF6Az4nlFFea5gZYXuFbpggw4ZSzJ6kJnxGz70gbVerFuKbbS  Austin Community College FALL 2025 junior false en [] <nil> [] []}]
2025-08-25T19:34:27: 2025/08/25 19:34:27 [INFO] User ID : 1, Total : 2, Followers : [{{3 2025-07-11 03:34:59.874003 -0500 CDT 2025-07-11 03:34:59.874003 -0500 CDT {0001-01-01 00:00:00 +0000 UTC false}} testuser test@example.com $2a$10$hSXbMB48sBxxdyhmnV65BeoYOBTFmzZLHSMa0iv7W1Rttl62vUS7G  Austin Community College FALL 2025 junior false  [] <nil> [] []} {{19 2025-08-06 19:38:56.30408 -0500 CDT 2025-08-06 19:38:56.30408 -0500 CDT {0001-01-01 00:00:00 +0000 UTC false}} Will wfotso21@gmail.com $2a$10$C0/9rF6Az4nlFFea5gZYXuFbpggw4ZSzJ6kJnxGz70gbVerFuKbbS  Austin Community College FALL 2025 junior false en [] <nil> [] []}]
2025-08-25T19:36:06: 2025/08/25 19:36:06 [INFO] User ID : 1, Total : 2, Followers : [{{3 2025-07-11 03:34:59.874003 -0500 CDT 2025-07-11 03:34:59.874003 -0500 CDT {0001-01-01 00:00:00 +0000 UTC false}} testuser test@example.com $2a$10$hSXbMB48sBxxdyhmnV65BeoYOBTFmzZLHSMa0iv7W1Rttl62vUS7G  Austin Community College FALL 2025 junior false  [] <nil> [] []} {{19 2025-08-06 19:38:56.30408 -0500 CDT 2025-08-06 19:38:56.30408 -0500 CDT {0001-01-01 00:00:00 +0000 UTC false}} Will wfotso21@gmail.com $2a$10$C0/9rF6Az4nlFFea5gZYXuFbpggw4ZSzJ6kJnxGz70gbVerFuKbbS  Austin Community College FALL 2025 junior false en [] <nil> [] []}]
2025-08-25T19:43:51: 2025/08/25 19:43:51 [INFO] User ID : 1, Total : 2, Followers : [{{3 2025-07-11 03:34:59.874003 -0500 CDT 2025-07-11 03:34:59.874003 -0500 CDT {0001-01-01 00:00:00 +0000 UTC false}} testuser test@example.com $2a$10$hSXbMB48sBxxdyhmnV65BeoYOBTFmzZLHSMa0iv7W1Rttl62vUS7G  Austin Community College FALL 2025 junior false  [] <nil> [] []} {{19 2025-08-06 19:38:56.30408 -0500 CDT 2025-08-06 19:38:56.30408 -0500 CDT {0001-01-01 00:00:00 +0000 UTC false}} Will wfotso21@gmail.com $2a$10$C0/9rF6Az4nlFFea5gZYXuFbpggw4ZSzJ6kJnxGz70gbVerFuKbbS  Austin Community College FALL 2025 junior false en [] <nil> [] []}]
2025-08-25T19:45:10: 2025/08/25 19:45:10 [INFO] User ID : 1, Total : 2, Followers : [{{3 2025-07-11 03:34:59.874003 -0500 CDT 2025-07-11 03:34:59.874003 -0500 CDT {0001-01-01 00:00:00 +0000 UTC false}} testuser test@example.com $2a$10$hSXbMB48sBxxdyhmnV65BeoYOBTFmzZLHSMa0iv7W1Rttl62vUS7G  Austin Community College FALL 2025 junior false  [] <nil> [] []} {{19 2025-08-06 19:38:56.30408 -0500 CDT 2025-08-06 19:38:56.30408 -0500 CDT {0001-01-01 00:00:00 +0000 UTC false}} Will wfotso21@gmail.com $2a$10$C0/9rF6Az4nlFFea5gZYXuFbpggw4ZSzJ6kJnxGz70gbVerFuKbbS  Austin Community College FALL 2025 junior false en [] <nil> [] []}]
2025-08-25T19:48:50: 2025/08/25 19:48:50 [INFO] User ID : 1, Total : 2, Followers : [{{3 2025-07-11 03:34:59.874003 -0500 CDT 2025-07-11 03:34:59.874003 -0500 CDT {0001-01-01 00:00:00 +0000 UTC false}} testuser test@example.com $2a$10$hSXbMB48sBxxdyhmnV65BeoYOBTFmzZLHSMa0iv7W1Rttl62vUS7G  Austin Community College FALL 2025 junior false  [] <nil> [] []} {{19 2025-08-06 19:38:56.30408 -0500 CDT 2025-08-06 19:38:56.30408 -0500 CDT {0001-01-01 00:00:00 +0000 UTC false}} Will wfotso21@gmail.com $2a$10$C0/9rF6Az4nlFFea5gZYXuFbpggw4ZSzJ6kJnxGz70gbVerFuKbbS  Austin Community College FALL 2025 junior false en [] <nil> [] []}]
2025-08-25T19:50:42: 2025/08/25 19:50:42 [INFO] User ID : 1, Total : 2, Followers : [{{3 2025-07-11 03:34:59.874003 -0500 CDT 2025-07-11 03:34:59.874003 -0500 CDT {0001-01-01 00:00:00 +0000 UTC false}} testuser test@example.com $2a$10$hSXbMB48sBxxdyhmnV65BeoYOBTFmzZLHSMa0iv7W1Rttl62vUS7G  Austin Community College FALL 2025 junior false  [] <nil> [] []} {{19 2025-08-06 19:38:56.30408 -0500 CDT 2025-08-06 19:38:56.30408 -0500 CDT {0001-01-01 00:00:00 +0000 UTC false}} Will wfotso21@gmail.com $2a$10$C0/9rF6Az4nlFFea5gZYXuFbpggw4ZSzJ6kJnxGz70gbVerFuKbbS  Austin Community College FALL 2025 junior false en [] <nil> [] []}]
2025-08-25T19:55:24: 2025/08/25 19:55:24 [INFO] User ID : 1, Total : 2, Followers : [{{3 2025-07-11 03:34:59.874003 -0500 CDT 2025-07-11 03:34:59.874003 -0500 CDT {0001-01-01 00:00:00 +0000 UTC false}} testuser test@example.com $2a$10$hSXbMB48sBxxdyhmnV65BeoYOBTFmzZLHSMa0iv7W1Rttl62vUS7G  Austin Community College FALL 2025 junior false  [] <nil> [] []} {{19 2025-08-06 19:38:56.30408 -0500 CDT 2025-08-06 19:38:56.30408 -0500 CDT {0001-01-01 00:00:00 +0000 UTC false}} Will wfotso21@gmail.com $2a$10$C0/9rF6Az4nlFFea5gZYXuFbpggw4ZSzJ6kJnxGz70gbVerFuKbbS  Austin Community College FALL 2025 junior false en [] <nil> [] []}]
2025-08-25T19:57:32: 2025/08/25 19:57:32 [INFO] User ID : 1, Total : 2, Followers : [{{3 2025-07-11 03:34:59.874003 -0500 CDT 2025-07-11 03:34:59.874003 -0500 CDT {0001-01-01 00:00:00 +0000 UTC false}} testuser test@example.com $2a$10$hSXbMB48sBxxdyhmnV65BeoYOBTFmzZLHSMa0iv7W1Rttl62vUS7G  Austin Community College FALL 2025 junior false  [] <nil> [] []} {{19 2025-08-06 19:38:56.30408 -0500 CDT 2025-08-06 19:38:56.30408 -0500 CDT {0001-01-01 00:00:00 +0000 UTC false}} Will wfotso21@gmail.com $2a$10$C0/9rF6Az4nlFFea5gZYXuFbpggw4ZSzJ6kJnxGz70gbVerFuKbbS  Austin Community College FALL 2025 junior false en [] <nil> [] []}]
2025-08-25T20:03:41: 2025/08/25 20:03:41 [INFO] User ID : 1, Total : 2, Followers : [{{3 2025-07-11 03:34:59.874003 -0500 CDT 2025-07-11 03:34:59.874003 -0500 CDT {0001-01-01 00:00:00 +0000 UTC false}} testuser test@example.com $2a$10$hSXbMB48sBxxdyhmnV65BeoYOBTFmzZLHSMa0iv7W1Rttl62vUS7G  Austin Community College FALL 2025 junior false  [] <nil> [] []} {{19 2025-08-06 19:38:56.30408 -0500 CDT 2025-08-06 19:38:56.30408 -0500 CDT {0001-01-01 00:00:00 +0000 UTC false}} Will wfotso21@gmail.com $2a$10$C0/9rF6Az4nlFFea5gZYXuFbpggw4ZSzJ6kJnxGz70gbVerFuKbbS  Austin Community College FALL 2025 junior false en [] <nil> [] []}]
2025-08-25T20:07:28: 2025/08/25 20:07:28 [INFO] User ID : 1, Total : 2, Followers : [{{3 2025-07-11 03:34:59.874003 -0500 CDT 2025-07-11 03:34:59.874003 -0500 CDT {0001-01-01 00:00:00 +0000 UTC false}} testuser test@example.com $2a$10$hSXbMB48sBxxdyhmnV65BeoYOBTFmzZLHSMa0iv7W1Rttl62vUS7G  Austin Community College FALL 2025 junior false  [] <nil> [] []} {{19 2025-08-06 19:38:56.30408 -0500 CDT 2025-08-06 19:38:56.30408 -0500 CDT {0001-01-01 00:00:00 +0000 UTC false}} Will wfotso21@gmail.com $2a$10$C0/9rF6Az4nlFFea5gZYXuFbpggw4ZSzJ6kJnxGz70gbVerFuKbbS  Austin Community College FALL 2025 junior false en [] <nil> [] []}]
2025-08-25T20:08:41: 2025/08/25 20:08:41 [INFO] User ID : 1, Total : 2, Followers : [{{3 2025-07-11 03:34:59.874003 -0500 CDT 2025-07-11 03:34:59.874003 -0500 CDT {0001-01-01 00:00:00 +0000 UTC false}} testuser test@example.com $2a$10$hSXbMB48sBxxdyhmnV65BeoYOBTFmzZLHSMa0iv7W1Rttl62vUS7G  Austin Community College FALL 2025 junior false  [] <nil> [] []} {{19 2025-08-06 19:38:56.30408 -0500 CDT 2025-08-06 19:38:56.30408 -0500 CDT {0001-01-01 00:00:00 +0000 UTC false}} Will wfotso21@gmail.com $2a$10$C0/9rF6Az4nlFFea5gZYXuFbpggw4ZSzJ6kJnxGz70gbVerFuKbbS  Austin Community College FALL 2025 junior false en [] <nil> [] []}]
2025-08-25T20:11:03: 2025/08/25 20:11:03 [INFO] User ID : 1, Total : 2, Followers : [{{3 2025-07-11 03:34:59.874003 -0500 CDT 2025-07-11 03:34:59.874003 -0500 CDT {0001-01-01 00:00:00 +0000 UTC false}} testuser test@example.com $2a$10$hSXbMB48sBxxdyhmnV65BeoYOBTFmzZLHSMa0iv7W1Rttl62vUS7G  Austin Community College FALL 2025 junior false  [] <nil> [] []} {{19 2025-08-06 19:38:56.30408 -0500 CDT 2025-08-06 19:38:56.30408 -0500 CDT {0001-01-01 00:00:00 +0000 UTC false}} Will wfotso21@gmail.com $2a$10$C0/9rF6Az4nlFFea5gZYXuFbpggw4ZSzJ6kJnxGz70gbVerFuKbbS  Austin Community College FALL 2025 junior false en [] <nil> [] []}]
2025-08-25T20:18:03: 2025/08/25 20:18:03 [INFO] User ID : 1, Total : 2, Followers : [{{3 2025-07-11 03:34:59.874003 -0500 CDT 2025-07-11 03:34:59.874003 -0500 CDT {0001-01-01 00:00:00 +0000 UTC false}} testuser test@example.com $2a$10$hSXbMB48sBxxdyhmnV65BeoYOBTFmzZLHSMa0iv7W1Rttl62vUS7G  Austin Community College FALL 2025 junior false  [] <nil> [] []} {{19 2025-08-06 19:38:56.30408 -0500 CDT 2025-08-06 19:38:56.30408 -0500 CDT {0001-01-01 00:00:00 +0000 UTC false}} Will wfotso21@gmail.com $2a$10$C0/9rF6Az4nlFFea5gZYXuFbpggw4ZSzJ6kJnxGz70gbVerFuKbbS  Austin Community College FALL 2025 junior false en [] <nil> [] []}]
2025-08-25T20:51:23: 2025/08/25 20:51:23 [INFO] User ID : 1, Total : 2, Followers : [{{3 2025-07-11 03:34:59.874003 -0500 CDT 2025-07-11 03:34:59.874003 -0500 CDT {0001-01-01 00:00:00 +0000 UTC false}} testuser test@example.com $2a$10$hSXbMB48sBxxdyhmnV65BeoYOBTFmzZLHSMa0iv7W1Rttl62vUS7G  Austin Community College FALL 2025 junior false  [] <nil> [] []} {{19 2025-08-06 19:38:56.30408 -0500 CDT 2025-08-06 19:38:56.30408 -0500 CDT {0001-01-01 00:00:00 +0000 UTC false}} Will wfotso21@gmail.com $2a$10$C0/9rF6Az4nlFFea5gZYXuFbpggw4ZSzJ6kJnxGz70gbVerFuKbbS  Austin Community College FALL 2025 junior false en [] <nil> [] []}]
2025-08-25T21:22:53: 2025/08/25 21:22:53 [INFO] User ID : 1, Total : 2, Followers : [{{3 2025-07-11 03:34:59.874003 -0500 CDT 2025-07-11 03:34:59.874003 -0500 CDT {0001-01-01 00:00:00 +0000 UTC false}} testuser test@example.com $2a$10$hSXbMB48sBxxdyhmnV65BeoYOBTFmzZLHSMa0iv7W1Rttl62vUS7G  Austin Community College FALL 2025 junior false  [] <nil> [] []} {{19 2025-08-06 19:38:56.30408 -0500 CDT 2025-08-06 19:38:56.30408 -0500 CDT {0001-01-01 00:00:00 +0000 UTC false}} Will wfotso21@gmail.com $2a$10$C0/9rF6Az4nlFFea5gZYXuFbpggw4ZSzJ6kJnxGz70gbVerFuKbbS  Austin Community College FALL 2025 junior false en [] <nil> [] []}]
2025-08-25T21:28:39: 2025/08/25 21:28:39 [INFO] user_id 1 column deleted_at value 2025-08-25T21:28:39-05:00
2025-08-25T21:43:37: 2025/08/25 21:43:37 [INFO] Client 1 disconnected (context canceled)
2025-08-25T21:43:37: 2025/08/25 21:43:37 [INFO] Removing client 1 (reason: connection closing)
2025-08-25T22:15:20: 2025/08/25 22:15:20 [INFO] User ID : 1, Total : 2, Followers : [{{3 2025-07-11 03:34:59.874003 -0500 CDT 2025-07-11 03:34:59.874003 -0500 CDT {0001-01-01 00:00:00 +0000 UTC false}} testuser test@example.com $2a$10$hSXbMB48sBxxdyhmnV65BeoYOBTFmzZLHSMa0iv7W1Rttl62vUS7G  Austin Community College FALL 2025 junior false  [] <nil> [] []} {{19 2025-08-06 19:38:56.30408 -0500 CDT 2025-08-06 19:38:56.30408 -0500 CDT {0001-01-01 00:00:00 +0000 UTC false}} Will wfotso21@gmail.com $2a$10$C0/9rF6Az4nlFFea5gZYXuFbpggw4ZSzJ6kJnxGz70gbVerFuKbbS  Austin Community College FALL 2025 junior false en [] <nil> [] []}]
2025-08-26T08:48:26: 2025/08/26 08:48:26 [INFO] SSE connection attempt from 127.0.0.1:48926
2025-08-26T08:48:26: 2025/08/26 08:48:26 [INFO] New SSE user id : 1
2025-08-26T08:48:26: 2025/08/26 08:48:26 [INFO] Active Clients: map[1:0xc0003a2f00]
2025-08-26T08:49:18: 2025/08/26 08:49:18 [INFO] User ID : 1, Total : 2, Followers : [{{3 2025-07-11 03:34:59.874003 -0500 CDT 2025-07-11 03:34:59.874003 -0500 CDT {0001-01-01 00:00:00 +0000 UTC false}} testuser test@example.com $2a$10$hSXbMB48sBxxdyhmnV65BeoYOBTFmzZLHSMa0iv7W1Rttl62vUS7G  Austin Community College FALL 2025 junior false  [] <nil> [] []} {{19 2025-08-06 19:38:56.30408 -0500 CDT 2025-08-06 19:38:56.30408 -0500 CDT {0001-01-01 00:00:00 +0000 UTC false}} Will wfotso21@gmail.com $2a$10$C0/9rF6Az4nlFFea5gZYXuFbpggw4ZSzJ6kJnxGz70gbVerFuKbbS  Austin Community College FALL 2025 junior false en [] <nil> [] []}]
2025-08-26T09:33:00: 2025/08/26 09:33:00 [INFO] Client 1 disconnected (context canceled)
2025-08-26T09:33:00: 2025/08/26 09:33:00 [INFO] Removing client 1 (reason: connection closing)
2025-08-26T09:33:23: 2025/08/26 09:33:23 [INFO] User ID : 1, Total : 2, Followers : [{{3 2025-07-11 03:34:59.874003 -0500 CDT 2025-07-11 03:34:59.874003 -0500 CDT {0001-01-01 00:00:00 +0000 UTC false}} testuser test@example.com $2a$10$hSXbMB48sBxxdyhmnV65BeoYOBTFmzZLHSMa0iv7W1Rttl62vUS7G  Austin Community College FALL 2025 junior false  [] <nil> [] []} {{19 2025-08-06 19:38:56.30408 -0500 CDT 2025-08-06 19:38:56.30408 -0500 CDT {0001-01-01 00:00:00 +0000 UTC false}} Will wfotso21@gmail.com $2a$10$C0/9rF6Az4nlFFea5gZYXuFbpggw4ZSzJ6kJnxGz70gbVerFuKbbS  Austin Community College FALL 2025 junior false en [] <nil> [] []}]
2025-08-26T09:36:24: 2025/08/26 09:36:24 [INFO] SSE connection attempt from 127.0.0.1:50184
2025-08-26T09:36:24: 2025/08/26 09:36:24 [INFO] New SSE user id : 1
2025-08-26T09:36:24: 2025/08/26 09:36:24 [INFO] Active Clients: map[1:0xc00038ec00]
2025-08-26T09:44:48: 2025/08/26 09:44:48 [INFO] User ID : 1, Total : 2, Followers : [{{3 2025-07-11 03:34:59.874003 -0500 CDT 2025-07-11 03:34:59.874003 -0500 CDT {0001-01-01 00:00:00 +0000 UTC false}} testuser test@example.com $2a$10$hSXbMB48sBxxdyhmnV65BeoYOBTFmzZLHSMa0iv7W1Rttl62vUS7G  Austin Community College FALL 2025 junior false  [] <nil> [] []} {{19 2025-08-06 19:38:56.30408 -0500 CDT 2025-08-06 19:38:56.30408 -0500 CDT {0001-01-01 00:00:00 +0000 UTC false}} Will wfotso21@gmail.com $2a$10$C0/9rF6Az4nlFFea5gZYXuFbpggw4ZSzJ6kJnxGz70gbVerFuKbbS  Austin Community College FALL 2025 junior false en [] <nil> [] []}]
2025-08-26T09:45:11: 2025/08/26 09:45:11 [INFO] user_id 1 assignment 138 column status_name value In progress
2025-08-26T09:45:15: 2025/08/26 09:45:15 [INFO] user_id 1 assignment 138 column status_name value Not started
2025-08-26T09:46:17: 2025/08/26 09:46:17 [INFO] user_id 1 assignment 138 column status_name value In progress
2025-08-26T10:07:29: 2025/08/26 10:07:29 [INFO] user_id 1 assignment 138 column status_name value Done
2025-08-26T10:07:34: 2025/08/26 10:07:34 [INFO] user_id 1 assignment 135 column status_name value In progress
2025-08-26T10:07:36: 2025/08/26 10:07:36 [INFO] user_id 1 assignment 135 column status_name value Not started
2025-08-26T10:29:57: 2025/08/26 10:29:57 [INFO] User ID : 1, Total : 2, Followers : [{{3 2025-07-11 03:34:59.874003 -0500 CDT 2025-07-11 03:34:59.874003 -0500 CDT {0001-01-01 00:00:00 +0000 UTC false}} testuser test@example.com $2a$10$hSXbMB48sBxxdyhmnV65BeoYOBTFmzZLHSMa0iv7W1Rttl62vUS7G  Austin Community College FALL 2025 junior false  [] <nil> [] []} {{19 2025-08-06 19:38:56.30408 -0500 CDT 2025-08-06 19:38:56.30408 -0500 CDT {0001-01-01 00:00:00 +0000 UTC false}} Will wfotso21@gmail.com $2a$10$C0/9rF6Az4nlFFea5gZYXuFbpggw4ZSzJ6kJnxGz70gbVerFuKbbS  Austin Community College FALL 2025 junior false en [] <nil> [] []}]
2025-08-26T10:44:27: 2025/08/26 10:44:27 [INFO] User ID : 1, Total : 2, Followers : [{{3 2025-07-11 03:34:59.874003 -0500 CDT 2025-07-11 03:34:59.874003 -0500 CDT {0001-01-01 00:00:00 +0000 UTC false}} testuser test@example.com $2a$10$hSXbMB48sBxxdyhmnV65BeoYOBTFmzZLHSMa0iv7W1Rttl62vUS7G  Austin Community College FALL 2025 junior false  [] <nil> [] []} {{19 2025-08-06 19:38:56.30408 -0500 CDT 2025-08-06 19:38:56.30408 -0500 CDT {0001-01-01 00:00:00 +0000 UTC false}} Will wfotso21@gmail.com $2a$10$C0/9rF6Az4nlFFea5gZYXuFbpggw4ZSzJ6kJnxGz70gbVerFuKbbS  Austin Community College FALL 2025 junior false en [] <nil> [] []}]
2025-08-26T10:49:55: 2025/08/26 10:49:55 [INFO] assignment input data local ID : 97 Title: Foundations of human communication : Course code: SPCH-1311 Type : HW Deadline : 2025-08-28 
2025-08-26T10:49:55: 2025/08/26 10:49:55 [INFO] assignment input : {97 Foundations of human communication Read Chapter 1 :
2025-08-26T10:49:55: - Introduction foundations of human communication
2025-08-26T10:49:55: - On Pearson (e-book)
2025-08-26T10:49:55: -  2025-08-28 SPCH-1311 HW Not started low}
2025-08-26T12:01:50: 2025/08/26 12:01:50 [INFO] Client 1 disconnected (context canceled)
2025-08-26T12:01:50: 2025/08/26 12:01:50 [INFO] Removing client 1 (reason: connection closing)
2025-08-26T12:04:05: 2025/08/26 12:04:05 [INFO] SSE connection attempt from 127.0.0.1:52032
2025-08-26T12:04:05: 2025/08/26 12:04:05 [INFO] New SSE user id : 1
2025-08-26T12:04:05: 2025/08/26 12:04:05 [INFO] Active Clients: map[1:0xc00015f320]
2025-08-26T13:01:35: 2025/08/26 13:01:35 [INFO] User ID : 1, Total : 2, Followers : [{{3 2025-07-11 03:34:59.874003 -0500 CDT 2025-07-11 03:34:59.874003 -0500 CDT {0001-01-01 00:00:00 +0000 UTC false}} testuser test@example.com $2a$10$hSXbMB48sBxxdyhmnV65BeoYOBTFmzZLHSMa0iv7W1Rttl62vUS7G  Austin Community College FALL 2025 junior false  [] <nil> [] []} {{19 2025-08-06 19:38:56.30408 -0500 CDT 2025-08-06 19:38:56.30408 -0500 CDT {0001-01-01 00:00:00 +0000 UTC false}} Will wfotso21@gmail.com $2a$10$C0/9rF6Az4nlFFea5gZYXuFbpggw4ZSzJ6kJnxGz70gbVerFuKbbS  Austin Community College FALL 2025 junior false en [] <nil> [] []}]
2025-08-26T13:29:54: 2025/08/26 13:29:54 [INFO] Client 1 disconnected (context canceled)
2025-08-26T13:29:54: 2025/08/26 13:29:54 [INFO] Removing client 1 (reason: connection closing)
2025-08-26T13:36:20: 2025/08/26 13:36:20 [INFO] SSE connection attempt from 127.0.0.1:34994
2025-08-26T13:36:20: 2025/08/26 13:36:20 [INFO] New SSE user id : 1
2025-08-26T13:36:20: 2025/08/26 13:36:20 [INFO] Active Clients: map[1:0xc0002f0870]
2025-08-26T14:25:27: 2025/08/26 14:25:27 [INFO] User ID : 1, Total : 2, Followers : [{{3 2025-07-11 03:34:59.874003 -0500 CDT 2025-07-11 03:34:59.874003 -0500 CDT {0001-01-01 00:00:00 +0000 UTC false}} testuser test@example.com $2a$10$hSXbMB48sBxxdyhmnV65BeoYOBTFmzZLHSMa0iv7W1Rttl62vUS7G  Austin Community College FALL 2025 junior false  [] <nil> [] []} {{19 2025-08-06 19:38:56.30408 -0500 CDT 2025-08-06 19:38:56.30408 -0500 CDT {0001-01-01 00:00:00 +0000 UTC false}} Will wfotso21@gmail.com $2a$10$C0/9rF6Az4nlFFea5gZYXuFbpggw4ZSzJ6kJnxGz70gbVerFuKbbS  Austin Community College FALL 2025 junior false en [] <nil> [] []}]
2025-08-26T14:33:44: 2025/08/26 14:33:44 [INFO] user_id 1 column deleted_at value 2025-08-26T14:33:43-05:00
2025-08-26T14:35:46: 2025/08/26 14:35:46 [INFO] user_id 1 column deleted_at value 2025-08-26T14:35:46-05:00
2025-08-26T14:51:07: 2025/08/26 14:51:07 [INFO] user_id 1 assignment 136 column deadline value 2025-09-01 00:00:00-05:00
2025-08-26T14:55:50: 2025/08/26 14:55:50 [INFO] User ID : 1, Total : 2, Followers : [{{3 2025-07-11 03:34:59.874003 -0500 CDT 2025-07-11 03:34:59.874003 -0500 CDT {0001-01-01 00:00:00 +0000 UTC false}} testuser test@example.com $2a$10$hSXbMB48sBxxdyhmnV65BeoYOBTFmzZLHSMa0iv7W1Rttl62vUS7G  Austin Community College FALL 2025 junior false  [] <nil> [] []} {{19 2025-08-06 19:38:56.30408 -0500 CDT 2025-08-06 19:38:56.30408 -0500 CDT {0001-01-01 00:00:00 +0000 UTC false}} Will wfotso21@gmail.com $2a$10$C0/9rF6Az4nlFFea5gZYXuFbpggw4ZSzJ6kJnxGz70gbVerFuKbbS  Austin Community College FALL 2025 junior false en [] <nil> [] []}]
2025-08-26T14:56:09: 2025/08/26 14:56:09 [INFO] user_id 1 column deleted_at value 2025-08-26T14:56:09-05:00
2025-08-26T15:33:48: 2025/08/26 15:33:48 [INFO] Client 1 disconnected (context canceled)
2025-08-26T15:33:48: 2025/08/26 15:33:48 [INFO] Removing client 1 (reason: connection closing)
2025-08-26T15:37:24: 2025/08/26 15:37:24 [INFO] SSE connection attempt from 127.0.0.1:53598
2025-08-26T15:37:24: 2025/08/26 15:37:24 [INFO] New SSE user id : 1
2025-08-26T15:37:24: 2025/08/26 15:37:24 [INFO] Active Clients: map[1:0xc00038e840]
2025-08-26T15:54:05: 2025/08/26 15:54:05 [INFO] Client 1 disconnected (context canceled)
2025-08-26T15:54:05: 2025/08/26 15:54:05 [INFO] Removing client 1 (reason: connection closing)
2025-08-26T17:20:10: 2025/08/26 17:20:10 [INFO] User ID : 1, Total : 2, Followers : [{{3 2025-07-11 03:34:59.874003 -0500 CDT 2025-07-11 03:34:59.874003 -0500 CDT {0001-01-01 00:00:00 +0000 UTC false}} testuser test@example.com $2a$10$hSXbMB48sBxxdyhmnV65BeoYOBTFmzZLHSMa0iv7W1Rttl62vUS7G  Austin Community College FALL 2025 junior false  [] <nil> [] []} {{19 2025-08-06 19:38:56.30408 -0500 CDT 2025-08-06 19:38:56.30408 -0500 CDT {0001-01-01 00:00:00 +0000 UTC false}} Will wfotso21@gmail.com $2a$10$C0/9rF6Az4nlFFea5gZYXuFbpggw4ZSzJ6kJnxGz70gbVerFuKbbS  Austin Community College FALL 2025 junior false en [] <nil> [] []}]
2025-08-26T17:20:21: 2025/08/26 17:20:21 [INFO] SSE connection attempt from 127.0.0.1:57390
2025-08-26T17:20:21: 2025/08/26 17:20:21 [INFO] New SSE user id : 1
2025-08-26T17:20:21: 2025/08/26 17:20:21 [INFO] Active Clients: map[1:0xc0002f0840]
2025-08-26T17:52:55: 2025/08/26 17:52:55 [INFO] User ID : 1, Total : 2, Followers : [{{3 2025-07-11 03:34:59.874003 -0500 CDT 2025-07-11 03:34:59.874003 -0500 CDT {0001-01-01 00:00:00 +0000 UTC false}} testuser test@example.com $2a$10$hSXbMB48sBxxdyhmnV65BeoYOBTFmzZLHSMa0iv7W1Rttl62vUS7G  Austin Community College FALL 2025 junior false  [] <nil> [] []} {{19 2025-08-06 19:38:56.30408 -0500 CDT 2025-08-06 19:38:56.30408 -0500 CDT {0001-01-01 00:00:00 +0000 UTC false}} Will wfotso21@gmail.com $2a$10$C0/9rF6Az4nlFFea5gZYXuFbpggw4ZSzJ6kJnxGz70gbVerFuKbbS  Austin Community College FALL 2025 junior false en [] <nil> [] []}]
2025-08-26T19:03:06: 2025/08/26 19:03:06 [INFO] User ID : 1, Total : 2, Followers : [{{3 2025-07-11 03:34:59.874003 -0500 CDT 2025-07-11 03:34:59.874003 -0500 CDT {0001-01-01 00:00:00 +0000 UTC false}} testuser test@example.com $2a$10$hSXbMB48sBxxdyhmnV65BeoYOBTFmzZLHSMa0iv7W1Rttl62vUS7G  Austin Community College FALL 2025 junior false  [] <nil> [] []} {{19 2025-08-06 19:38:56.30408 -0500 CDT 2025-08-06 19:38:56.30408 -0500 CDT {0001-01-01 00:00:00 +0000 UTC false}} Will wfotso21@gmail.com $2a$10$C0/9rF6Az4nlFFea5gZYXuFbpggw4ZSzJ6kJnxGz70gbVerFuKbbS  Austin Community College FALL 2025 junior false en [] <nil> [] []}]
2025-08-26T19:03:10: 2025/08/26 19:03:10 [INFO] user_id 1 assignment 135 column status_name value Done
2025-08-26T19:03:31: 2025/08/26 19:03:31 [INFO] user_id 1 assignment 138 column status_name value Not started
2025-08-26T19:03:40: 2025/08/26 19:03:40 [INFO] user_id 1 assignment 138 column status_name value Done
2025-08-26T19:04:03: 2025/08/26 19:04:03 [INFO] user_id 1 assignment 139 column todo value Read Chapter 1 :
2025-08-26T19:04:03: - Introduction foundations of human communication
2025-08-26T19:04:03: - On Revel (e-book)
2025-08-26T19:04:41: 2025/08/26 19:04:41 [INFO] User ID : 19, Total : 0, Followers : []
2025-08-26T19:04:41: 2025/08/26 19:04:41 [INFO] User ID : 3, Total : 0, Followers : []
2025-08-26T19:35:58: 2025/08/26 19:35:58 [INFO] User ID : 1, Total : 2, Followers : [{{3 2025-07-11 03:34:59.874003 -0500 CDT 2025-07-11 03:34:59.874003 -0500 CDT {0001-01-01 00:00:00 +0000 UTC false}} testuser test@example.com $2a$10$hSXbMB48sBxxdyhmnV65BeoYOBTFmzZLHSMa0iv7W1Rttl62vUS7G  Austin Community College FALL 2025 junior false  [] <nil> [] []} {{19 2025-08-06 19:38:56.30408 -0500 CDT 2025-08-06 19:38:56.30408 -0500 CDT {0001-01-01 00:00:00 +0000 UTC false}} Will wfotso21@gmail.com $2a$10$C0/9rF6Az4nlFFea5gZYXuFbpggw4ZSzJ6kJnxGz70gbVerFuKbbS  Austin Community College FALL 2025 junior false en [] <nil> [] []}]
2025-08-26T19:45:37: 2025/08/26 19:45:37 [INFO] Client 1 disconnected (context canceled)
2025-08-26T19:45:37: 2025/08/26 19:45:37 [INFO] Removing client 1 (reason: connection closing)
2025-08-26T19:46:11: 2025/08/26 19:46:11 [INFO] User ID : 1, Total : 2, Followers : [{{3 2025-07-11 03:34:59.874003 -0500 CDT 2025-07-11 03:34:59.874003 -0500 CDT {0001-01-01 00:00:00 +0000 UTC false}} testuser test@example.com $2a$10$hSXbMB48sBxxdyhmnV65BeoYOBTFmzZLHSMa0iv7W1Rttl62vUS7G  Austin Community College FALL 2025 junior false  [] <nil> [] []} {{19 2025-08-06 19:38:56.30408 -0500 CDT 2025-08-06 19:38:56.30408 -0500 CDT {0001-01-01 00:00:00 +0000 UTC false}} Will wfotso21@gmail.com $2a$10$C0/9rF6Az4nlFFea5gZYXuFbpggw4ZSzJ6kJnxGz70gbVerFuKbbS  Austin Community College FALL 2025 junior false en [] <nil> [] []}]
2025-08-26T19:46:40: 2025/08/26 19:46:40 [INFO] SSE connection attempt from 127.0.0.1:39054
2025-08-26T19:46:40: 2025/08/26 19:46:40 [INFO] New SSE user id : 1
2025-08-26T19:46:40: 2025/08/26 19:46:40 [INFO] Active Clients: map[1:0xc0002f0750]
2025-08-26T19:51:48: 2025/08/26 19:51:48 [INFO] assignment input data local ID : 98 Title: 2.1 HW - The Idea of Limits : Course code: MATH-2413 Type : HW Deadline : 2025-08-27 
2025-08-26T19:51:48: 2025/08/26 19:51:48 [INFO] assignment input : {98 2.1 HW - The Idea of Limits - Use points on a graph to identify input and output values.
2025-08-26T19:51:48: - Evaluate functions.
2025-08-26T19:51:48: - Answer conceptual questions involving average velocity, secant lines, and tangent lines.
2025-08-26T19:51:48: - Calculate average and instantaneous velocities.
2025-08-26T19:51:48: - Calculate slopes of secant and tangent lines.
2025-08-26T19:51:48: - Solve applications involving average and instantaneous velocities 2025-08-27 MATH-2413 HW Not started low}
2025-08-26T19:53:17: 2025/08/26 19:53:17 [INFO] Client 1 disconnected (context canceled)
2025-08-26T19:53:17: 2025/08/26 19:53:17 [INFO] Removing client 1 (reason: connection closing)
2025-08-27T06:33:06: 2025/08/27 06:33:06 [INFO] SSE connection attempt from 127.0.0.1:45554
2025-08-27T06:33:06: 2025/08/27 06:33:06 [INFO] New SSE user id : 1
2025-08-27T06:33:06: 2025/08/27 06:33:06 [INFO] Active Clients: map[1:0xc0003a2ed0]
2025-08-27T06:41:17: 2025/08/27 06:41:17 [INFO] User ID : 1, Total : 2, Followers : [{{3 2025-07-11 03:34:59.874003 -0500 CDT 2025-07-11 03:34:59.874003 -0500 CDT {0001-01-01 00:00:00 +0000 UTC false}} testuser test@example.com $2a$10$hSXbMB48sBxxdyhmnV65BeoYOBTFmzZLHSMa0iv7W1Rttl62vUS7G  Austin Community College FALL 2025 junior false  [] <nil> [] []} {{19 2025-08-06 19:38:56.30408 -0500 CDT 2025-08-06 19:38:56.30408 -0500 CDT {0001-01-01 00:00:00 +0000 UTC false}} Will wfotso21@gmail.com $2a$10$C0/9rF6Az4nlFFea5gZYXuFbpggw4ZSzJ6kJnxGz70gbVerFuKbbS  Austin Community College FALL 2025 junior false en [] <nil> [] []}]
2025-08-27T07:00:40: 2025/08/27 07:00:40 [INFO] Client 1 disconnected (context canceled)
2025-08-27T07:00:40: 2025/08/27 07:00:40 [INFO] Removing client 1 (reason: connection closing)
2025-08-27T08:29:06: 2025/08/27 08:29:06 [INFO] SSE connection attempt from 127.0.0.1:46530
2025-08-27T08:29:06: 2025/08/27 08:29:06 [INFO] New SSE user id : 1
2025-08-27T08:29:06: 2025/08/27 08:29:06 [INFO] Active Clients: map[1:0xc00038e840]
2025-08-27T08:31:08: 2025/08/27 08:31:08 [INFO] User ID : 1, Total : 2, Followers : [{{3 2025-07-11 03:34:59.874003 -0500 CDT 2025-07-11 03:34:59.874003 -0500 CDT {0001-01-01 00:00:00 +0000 UTC false}} testuser test@example.com $2a$10$hSXbMB48sBxxdyhmnV65BeoYOBTFmzZLHSMa0iv7W1Rttl62vUS7G  Austin Community College FALL 2025 junior false  [] <nil> [] []} {{19 2025-08-06 19:38:56.30408 -0500 CDT 2025-08-06 19:38:56.30408 -0500 CDT {0001-01-01 00:00:00 +0000 UTC false}} Will wfotso21@gmail.com $2a$10$C0/9rF6Az4nlFFea5gZYXuFbpggw4ZSzJ6kJnxGz70gbVerFuKbbS  Austin Community College FALL 2025 junior false en [] <nil> [] []}]
2025-08-27T08:33:28: 2025/08/27 08:33:28 [INFO] user_id 1 assignment 140 column status_name value In progress
2025-08-27T10:17:50: 2025/08/27 10:17:50 [INFO] User ID : 1, Total : 2, Followers : [{{3 2025-07-11 03:34:59.874003 -0500 CDT 2025-07-11 03:34:59.874003 -0500 CDT {0001-01-01 00:00:00 +0000 UTC false}} testuser test@example.com $2a$10$hSXbMB48sBxxdyhmnV65BeoYOBTFmzZLHSMa0iv7W1Rttl62vUS7G  Austin Community College FALL 2025 junior false  [] <nil> [] []} {{19 2025-08-06 19:38:56.30408 -0500 CDT 2025-08-06 19:38:56.30408 -0500 CDT {0001-01-01 00:00:00 +0000 UTC false}} Will wfotso21@gmail.com $2a$10$C0/9rF6Az4nlFFea5gZYXuFbpggw4ZSzJ6kJnxGz70gbVerFuKbbS  Austin Community College FALL 2025 junior false en [] <nil> [] []}]
2025-08-27T10:57:20: 2025/08/27 10:57:20 [INFO] Client 1 disconnected (context canceled)
2025-08-27T10:57:20: 2025/08/27 10:57:20 [INFO] Removing client 1 (reason: connection closing)
2025-08-27T10:57:57: 2025/08/27 10:57:57 [INFO] SSE connection attempt from 127.0.0.1:45850
2025-08-27T10:57:57: 2025/08/27 10:57:57 [INFO] New SSE user id : 1
2025-08-27T10:57:57: 2025/08/27 10:57:57 [INFO] Active Clients: map[1:0xc00038eab0]
2025-08-27T11:14:24: 2025/08/27 11:14:24 [INFO] Client 1 disconnected (context canceled)
2025-08-27T11:14:24: 2025/08/27 11:14:24 [INFO] Removing client 1 (reason: connection closing)
2025-08-27T12:47:17: 2025/08/27 12:47:17 [INFO] SSE connection attempt from 127.0.0.1:58918
2025-08-27T12:47:17: 2025/08/27 12:47:17 [INFO] New SSE user id : 1
2025-08-27T12:47:17: 2025/08/27 12:47:17 [INFO] Active Clients: map[1:0xc0002f0870]
2025-08-27T12:47:26: 2025/08/27 12:47:26 [INFO] User ID : 1, Total : 2, Followers : [{{3 2025-07-11 03:34:59.874003 -0500 CDT 2025-07-11 03:34:59.874003 -0500 CDT {0001-01-01 00:00:00 +0000 UTC false}} testuser test@example.com $2a$10$hSXbMB48sBxxdyhmnV65BeoYOBTFmzZLHSMa0iv7W1Rttl62vUS7G  Austin Community College FALL 2025 junior false  [] <nil> [] []} {{19 2025-08-06 19:38:56.30408 -0500 CDT 2025-08-06 19:38:56.30408 -0500 CDT {0001-01-01 00:00:00 +0000 UTC false}} Will wfotso21@gmail.com $2a$10$C0/9rF6Az4nlFFea5gZYXuFbpggw4ZSzJ6kJnxGz70gbVerFuKbbS  Austin Community College FALL 2025 junior false en [] <nil> [] []}]
2025-08-27T12:47:50: 2025/08/27 12:47:50 [INFO] user_id 1 assignment 137 column status_name value In progress
2025-08-27T13:36:48: 2025/08/27 13:36:48 [INFO] User ID : 1, Total : 2, Followers : [{{3 2025-07-11 03:34:59.874003 -0500 CDT 2025-07-11 03:34:59.874003 -0500 CDT {0001-01-01 00:00:00 +0000 UTC false}} testuser test@example.com $2a$10$hSXbMB48sBxxdyhmnV65BeoYOBTFmzZLHSMa0iv7W1Rttl62vUS7G  Austin Community College FALL 2025 junior false  [] <nil> [] []} {{19 2025-08-06 19:38:56.30408 -0500 CDT 2025-08-06 19:38:56.30408 -0500 CDT {0001-01-01 00:00:00 +0000 UTC false}} Will wfotso21@gmail.com $2a$10$C0/9rF6Az4nlFFea5gZYXuFbpggw4ZSzJ6kJnxGz70gbVerFuKbbS  Austin Community College FALL 2025 junior false en [] <nil> [] []}]
2025-08-27T14:16:05: 2025/08/27 14:16:05 [INFO] User ID : 1, Total : 2, Followers : [{{3 2025-07-11 03:34:59.874003 -0500 CDT 2025-07-11 03:34:59.874003 -0500 CDT {0001-01-01 00:00:00 +0000 UTC false}} testuser test@example.com $2a$10$hSXbMB48sBxxdyhmnV65BeoYOBTFmzZLHSMa0iv7W1Rttl62vUS7G  Austin Community College FALL 2025 junior false  [] <nil> [] []} {{19 2025-08-06 19:38:56.30408 -0500 CDT 2025-08-06 19:38:56.30408 -0500 CDT {0001-01-01 00:00:00 +0000 UTC false}} Will wfotso21@gmail.com $2a$10$C0/9rF6Az4nlFFea5gZYXuFbpggw4ZSzJ6kJnxGz70gbVerFuKbbS  Austin Community College FALL 2025 junior false en [] <nil> [] []}]
2025-08-27T14:38:10: 2025/08/27 14:38:10 [INFO] User ID : 3, Total : 0, Followers : []
2025-08-27T14:38:10: 2025/08/27 14:38:10 [INFO] User ID : 19, Total : 0, Followers : []
2025-08-27T14:47:09: 2025/08/27 14:47:09 [INFO] User ID : 1, Total : 2, Followers : [{{3 2025-07-11 03:34:59.874003 -0500 CDT 2025-07-11 03:34:59.874003 -0500 CDT {0001-01-01 00:00:00 +0000 UTC false}} testuser test@example.com $2a$10$hSXbMB48sBxxdyhmnV65BeoYOBTFmzZLHSMa0iv7W1Rttl62vUS7G  Austin Community College FALL 2025 junior false  [] <nil> [] []} {{19 2025-08-06 19:38:56.30408 -0500 CDT 2025-08-06 19:38:56.30408 -0500 CDT {0001-01-01 00:00:00 +0000 UTC false}} Will wfotso21@gmail.com $2a$10$C0/9rF6Az4nlFFea5gZYXuFbpggw4ZSzJ6kJnxGz70gbVerFuKbbS  Austin Community College FALL 2025 junior false en [] <nil> [] []}]
2025-08-27T15:04:20: 2025/08/27 15:04:20 [INFO] Client 1 disconnected (context canceled)
2025-08-27T15:04:20: 2025/08/27 15:04:20 [INFO] Removing client 1 (reason: connection closing)
2025-08-27T15:14:06: 2025/08/27 15:14:06 [INFO] SSE connection attempt from 127.0.0.1:44474
2025-08-27T15:14:06: 2025/08/27 15:14:06 [INFO] New SSE user id : 1
2025-08-27T15:14:06: 2025/08/27 15:14:06 [INFO] Active Clients: map[1:0xc00038e750]
2025-08-27T15:19:00: 2025/08/27 15:19:00 [INFO] User ID : 1, Total : 2, Followers : [{{3 2025-07-11 03:34:59.874003 -0500 CDT 2025-07-11 03:34:59.874003 -0500 CDT {0001-01-01 00:00:00 +0000 UTC false}} testuser test@example.com $2a$10$hSXbMB48sBxxdyhmnV65BeoYOBTFmzZLHSMa0iv7W1Rttl62vUS7G  Austin Community College FALL 2025 junior false  [] <nil> [] []} {{19 2025-08-06 19:38:56.30408 -0500 CDT 2025-08-06 19:38:56.30408 -0500 CDT {0001-01-01 00:00:00 +0000 UTC false}} Will wfotso21@gmail.com $2a$10$C0/9rF6Az4nlFFea5gZYXuFbpggw4ZSzJ6kJnxGz70gbVerFuKbbS  Austin Community College FALL 2025 junior false en [] <nil> [] []}]
2025-08-27T15:51:18: 2025/08/27 15:51:18 [INFO] Client 1 disconnected (context canceled)
2025-08-27T15:51:18: 2025/08/27 15:51:18 [INFO] Removing client 1 (reason: connection closing)
2025-08-27T15:59:19: 2025/08/27 15:59:19 [INFO] SSE connection attempt from 127.0.0.1:46636
2025-08-27T15:59:19: 2025/08/27 15:59:19 [INFO] New SSE user id : 1
2025-08-27T15:59:19: 2025/08/27 15:59:19 [INFO] Active Clients: map[1:0xc00038e840]
2025-08-27T15:59:31: 2025/08/27 15:59:31 [INFO] User ID : 1, Total : 2, Followers : [{{3 2025-07-11 03:34:59.874003 -0500 CDT 2025-07-11 03:34:59.874003 -0500 CDT {0001-01-01 00:00:00 +0000 UTC false}} testuser test@example.com $2a$10$hSXbMB48sBxxdyhmnV65BeoYOBTFmzZLHSMa0iv7W1Rttl62vUS7G  Austin Community College FALL 2025 junior false  [] <nil> [] []} {{19 2025-08-06 19:38:56.30408 -0500 CDT 2025-08-06 19:38:56.30408 -0500 CDT {0001-01-01 00:00:00 +0000 UTC false}} Will wfotso21@gmail.com $2a$10$C0/9rF6Az4nlFFea5gZYXuFbpggw4ZSzJ6kJnxGz70gbVerFuKbbS  Austin Community College FALL 2025 junior false en [] <nil> [] []}]
2025-08-27T15:59:57: 2025/08/27 15:59:57 [INFO] user_id 1 assignment 137 column deadline value 2025-09-01 00:00:00-05:00
2025-08-27T15:59:57: 2025/08/27 15:59:57 [INFO] user_id 1 assignment 136 column deadline value 2025-08-29 00:00:00-05:00
2025-08-27T16:31:01: 2025/08/27 16:31:01 [INFO] User ID : 1, Total : 2, Followers : [{{3 2025-07-11 03:34:59.874003 -0500 CDT 2025-07-11 03:34:59.874003 -0500 CDT {0001-01-01 00:00:00 +0000 UTC false}} testuser test@example.com $2a$10$hSXbMB48sBxxdyhmnV65BeoYOBTFmzZLHSMa0iv7W1Rttl62vUS7G  Austin Community College FALL 2025 junior false  [] <nil> [] []} {{19 2025-08-06 19:38:56.30408 -0500 CDT 2025-08-06 19:38:56.30408 -0500 CDT {0001-01-01 00:00:00 +0000 UTC false}} Will wfotso21@gmail.com $2a$10$C0/9rF6Az4nlFFea5gZYXuFbpggw4ZSzJ6kJnxGz70gbVerFuKbbS  Austin Community College FALL 2025 junior false en [] <nil> [] []}]
2025-08-27T16:33:55: 2025/08/27 16:33:55 [INFO] User ID : 1, Total : 2, Followers : [{{3 2025-07-11 03:34:59.874003 -0500 CDT 2025-07-11 03:34:59.874003 -0500 CDT {0001-01-01 00:00:00 +0000 UTC false}} testuser test@example.com $2a$10$hSXbMB48sBxxdyhmnV65BeoYOBTFmzZLHSMa0iv7W1Rttl62vUS7G  Austin Community College FALL 2025 junior false  [] <nil> [] []} {{19 2025-08-06 19:38:56.30408 -0500 CDT 2025-08-06 19:38:56.30408 -0500 CDT {0001-01-01 00:00:00 +0000 UTC false}} Will wfotso21@gmail.com $2a$10$C0/9rF6Az4nlFFea5gZYXuFbpggw4ZSzJ6kJnxGz70gbVerFuKbbS  Austin Community College FALL 2025 junior false en [] <nil> [] []}]
2025-08-27T16:35:24: 2025/08/27 16:35:24 [INFO] User ID : 1, Total : 2, Followers : [{{3 2025-07-11 03:34:59.874003 -0500 CDT 2025-07-11 03:34:59.874003 -0500 CDT {0001-01-01 00:00:00 +0000 UTC false}} testuser test@example.com $2a$10$hSXbMB48sBxxdyhmnV65BeoYOBTFmzZLHSMa0iv7W1Rttl62vUS7G  Austin Community College FALL 2025 junior false  [] <nil> [] []} {{19 2025-08-06 19:38:56.30408 -0500 CDT 2025-08-06 19:38:56.30408 -0500 CDT {0001-01-01 00:00:00 +0000 UTC false}} Will wfotso21@gmail.com $2a$10$C0/9rF6Az4nlFFea5gZYXuFbpggw4ZSzJ6kJnxGz70gbVerFuKbbS  Austin Community College FALL 2025 junior false en [] <nil> [] []}]
2025-08-27T16:39:36: 2025/08/27 16:39:36 [INFO] User ID : 1, Total : 2, Followers : [{{3 2025-07-11 03:34:59.874003 -0500 CDT 2025-07-11 03:34:59.874003 -0500 CDT {0001-01-01 00:00:00 +0000 UTC false}} testuser test@example.com $2a$10$hSXbMB48sBxxdyhmnV65BeoYOBTFmzZLHSMa0iv7W1Rttl62vUS7G  Austin Community College FALL 2025 junior false  [] <nil> [] []} {{19 2025-08-06 19:38:56.30408 -0500 CDT 2025-08-06 19:38:56.30408 -0500 CDT {0001-01-01 00:00:00 +0000 UTC false}} Will wfotso21@gmail.com $2a$10$C0/9rF6Az4nlFFea5gZYXuFbpggw4ZSzJ6kJnxGz70gbVerFuKbbS  Austin Community College FALL 2025 junior false en [] <nil> [] []}]
2025-08-27T16:41:29: 2025/08/27 16:41:29 [INFO] User ID : 1, Total : 2, Followers : [{{3 2025-07-11 03:34:59.874003 -0500 CDT 2025-07-11 03:34:59.874003 -0500 CDT {0001-01-01 00:00:00 +0000 UTC false}} testuser test@example.com $2a$10$hSXbMB48sBxxdyhmnV65BeoYOBTFmzZLHSMa0iv7W1Rttl62vUS7G  Austin Community College FALL 2025 junior false  [] <nil> [] []} {{19 2025-08-06 19:38:56.30408 -0500 CDT 2025-08-06 19:38:56.30408 -0500 CDT {0001-01-01 00:00:00 +0000 UTC false}} Will wfotso21@gmail.com $2a$10$C0/9rF6Az4nlFFea5gZYXuFbpggw4ZSzJ6kJnxGz70gbVerFuKbbS  Austin Community College FALL 2025 junior false en [] <nil> [] []}]
2025-08-27T16:42:54: 2025/08/27 16:42:54 [INFO] User ID : 1, Total : 2, Followers : [{{3 2025-07-11 03:34:59.874003 -0500 CDT 2025-07-11 03:34:59.874003 -0500 CDT {0001-01-01 00:00:00 +0000 UTC false}} testuser test@example.com $2a$10$hSXbMB48sBxxdyhmnV65BeoYOBTFmzZLHSMa0iv7W1Rttl62vUS7G  Austin Community College FALL 2025 junior false  [] <nil> [] []} {{19 2025-08-06 19:38:56.30408 -0500 CDT 2025-08-06 19:38:56.30408 -0500 CDT {0001-01-01 00:00:00 +0000 UTC false}} Will wfotso21@gmail.com $2a$10$C0/9rF6Az4nlFFea5gZYXuFbpggw4ZSzJ6kJnxGz70gbVerFuKbbS  Austin Community College FALL 2025 junior false en [] <nil> [] []}]
2025-08-27T16:44:39: 2025/08/27 16:44:39 [INFO] User ID : 1, Total : 2, Followers : [{{3 2025-07-11 03:34:59.874003 -0500 CDT 2025-07-11 03:34:59.874003 -0500 CDT {0001-01-01 00:00:00 +0000 UTC false}} testuser test@example.com $2a$10$hSXbMB48sBxxdyhmnV65BeoYOBTFmzZLHSMa0iv7W1Rttl62vUS7G  Austin Community College FALL 2025 junior false  [] <nil> [] []} {{19 2025-08-06 19:38:56.30408 -0500 CDT 2025-08-06 19:38:56.30408 -0500 CDT {0001-01-01 00:00:00 +0000 UTC false}} Will wfotso21@gmail.com $2a$10$C0/9rF6Az4nlFFea5gZYXuFbpggw4ZSzJ6kJnxGz70gbVerFuKbbS  Austin Community College FALL 2025 junior false en [] <nil> [] []}]
2025-08-27T16:53:23: 2025/08/27 16:53:23 [INFO] User ID : 1, Total : 2, Followers : [{{3 2025-07-11 03:34:59.874003 -0500 CDT 2025-07-11 03:34:59.874003 -0500 CDT {0001-01-01 00:00:00 +0000 UTC false}} testuser test@example.com $2a$10$hSXbMB48sBxxdyhmnV65BeoYOBTFmzZLHSMa0iv7W1Rttl62vUS7G  Austin Community College FALL 2025 junior false  [] <nil> [] []} {{19 2025-08-06 19:38:56.30408 -0500 CDT 2025-08-06 19:38:56.30408 -0500 CDT {0001-01-01 00:00:00 +0000 UTC false}} Will wfotso21@gmail.com $2a$10$C0/9rF6Az4nlFFea5gZYXuFbpggw4ZSzJ6kJnxGz70gbVerFuKbbS  Austin Community College FALL 2025 junior false en [] <nil> [] []}]
2025-08-27T17:15:28: 2025/08/27 17:15:28 [INFO] Client 1 disconnected (context canceled)
2025-08-27T17:15:28: 2025/08/27 17:15:28 [INFO] Removing client 1 (reason: connection closing)
2025-08-27T19:07:39: 2025/08/27 19:07:39 [INFO] SSE connection attempt from 127.0.0.1:38460
2025-08-27T19:07:39: 2025/08/27 19:07:39 [INFO] New SSE user id : 1
2025-08-27T19:07:39: 2025/08/27 19:07:39 [INFO] Active Clients: map[1:0xc0002f0870]
2025-08-27T19:11:08: 2025/08/27 19:11:08 [INFO] User ID : 1, Total : 2, Followers : [{{3 2025-07-11 03:34:59.874003 -0500 CDT 2025-07-11 03:34:59.874003 -0500 CDT {0001-01-01 00:00:00 +0000 UTC false}} testuser test@example.com $2a$10$hSXbMB48sBxxdyhmnV65BeoYOBTFmzZLHSMa0iv7W1Rttl62vUS7G  Austin Community College FALL 2025 junior false  [] <nil> [] []} {{19 2025-08-06 19:38:56.30408 -0500 CDT 2025-08-06 19:38:56.30408 -0500 CDT {0001-01-01 00:00:00 +0000 UTC false}} Will wfotso21@gmail.com $2a$10$C0/9rF6Az4nlFFea5gZYXuFbpggw4ZSzJ6kJnxGz70gbVerFuKbbS  Austin Community College FALL 2025 junior false en [] <nil> [] []}]
2025-08-27T20:44:01: 2025/08/27 20:44:01 [INFO] User ID : 1, Total : 2, Followers : [{{3 2025-07-11 03:34:59.874003 -0500 CDT 2025-07-11 03:34:59.874003 -0500 CDT {0001-01-01 00:00:00 +0000 UTC false}} testuser test@example.com $2a$10$hSXbMB48sBxxdyhmnV65BeoYOBTFmzZLHSMa0iv7W1Rttl62vUS7G  Austin Community College FALL 2025 junior false  [] <nil> [] []} {{19 2025-08-06 19:38:56.30408 -0500 CDT 2025-08-06 19:38:56.30408 -0500 CDT {0001-01-01 00:00:00 +0000 UTC false}} Will wfotso21@gmail.com $2a$10$C0/9rF6Az4nlFFea5gZYXuFbpggw4ZSzJ6kJnxGz70gbVerFuKbbS  Austin Community College FALL 2025 junior false en [] <nil> [] []}]
2025-08-27T20:44:16: 2025/08/27 20:44:16 [INFO] User ID : 3, Total : 0, Followers : []
2025-08-27T20:44:16: 2025/08/27 20:44:16 [INFO] User ID : 19, Total : 0, Followers : []
2025-08-27T20:44:24: 2025/08/27 20:44:24 [INFO] user_id 1 assignment 140 column deadline value 2025-08-28 00:00:00-05:00
2025-08-27T23:05:00: 2025/08/27 23:05:00 [INFO] Client 1 disconnected (context canceled)
2025-08-27T23:05:00: 2025/08/27 23:05:00 [INFO] Removing client 1 (reason: connection closing)
2025-08-27T23:37:17: 2025/08/27 23:37:17 [INFO] SSE connection attempt from 127.0.0.1:49996
2025-08-27T23:37:17: 2025/08/27 23:37:17 [INFO] New SSE user id : 1
2025-08-27T23:37:17: 2025/08/27 23:37:17 [INFO] Active Clients: map[1:0xc00038a900]
2025-08-27T23:54:05: 2025/08/27 23:54:05 [INFO] Client 1 disconnected (context canceled)
2025-08-27T23:54:05: 2025/08/27 23:54:05 [INFO] Removing client 1 (reason: connection closing)
2025-08-27T23:54:25: 2025/08/27 23:54:25 [INFO] SSE connection attempt from 127.0.0.1:55284
2025-08-27T23:54:25: 2025/08/27 23:54:25 [INFO] New SSE user id : 1
2025-08-27T23:54:25: 2025/08/27 23:54:25 [INFO] Active Clients: map[1:0xc00038ac00]
2025-08-28T00:11:13: 2025/08/28 00:11:13 [INFO] Client 1 disconnected (context canceled)
2025-08-28T00:11:13: 2025/08/28 00:11:13 [INFO] Removing client 1 (reason: connection closing)
2025-08-28T00:29:35: 2025/08/28 00:29:35 [INFO] SSE connection attempt from 127.0.0.1:34114
2025-08-28T00:29:35: 2025/08/28 00:29:35 [INFO] New SSE user id : 1
2025-08-28T00:29:35: 2025/08/28 00:29:35 [INFO] Active Clients: map[1:0xc00038a930]
2025-08-28T00:46:18: 2025/08/28 00:46:18 [INFO] Client 1 disconnected (context canceled)
2025-08-28T00:46:18: 2025/08/28 00:46:18 [INFO] Removing client 1 (reason: connection closing)
2025-08-28T01:21:25: 2025/08/28 01:21:25 [INFO] SSE connection attempt from 127.0.0.1:56232
2025-08-28T01:21:25: 2025/08/28 01:21:25 [INFO] New SSE user id : 1
2025-08-28T01:21:25: 2025/08/28 01:21:25 [INFO] Active Clients: map[1:0xc00038a930]
2025-08-28T01:38:19: 2025/08/28 01:38:19 [INFO] Client 1 disconnected (context canceled)
2025-08-28T01:38:19: 2025/08/28 01:38:19 [INFO] Removing client 1 (reason: connection closing)
2025-08-28T02:06:53: 2025/08/28 02:06:53 [INFO] SSE connection attempt from 127.0.0.1:57580
2025-08-28T02:06:53: 2025/08/28 02:06:53 [INFO] New SSE user id : 1
2025-08-28T02:06:53: 2025/08/28 02:06:53 [INFO] Active Clients: map[1:0xc00038a930]
2025-08-28T02:23:39: 2025/08/28 02:23:39 [INFO] Client 1 disconnected (context canceled)
2025-08-28T02:23:39: 2025/08/28 02:23:39 [INFO] Removing client 1 (reason: connection closing)
2025-08-28T02:51:03: 2025/08/28 02:51:03 [INFO] SSE connection attempt from 127.0.0.1:39938
2025-08-28T02:51:03: 2025/08/28 02:51:03 [INFO] New SSE user id : 1
2025-08-28T02:51:03: 2025/08/28 02:51:03 [INFO] Active Clients: map[1:0xc00038a930]
2025-08-28T03:07:37: 2025/08/28 03:07:37 [INFO] Client 1 disconnected (context canceled)
2025-08-28T03:07:37: 2025/08/28 03:07:37 [INFO] Removing client 1 (reason: connection closing)
2025-08-28T04:39:24: 2025/08/28 04:39:24 [INFO] SSE connection attempt from 127.0.0.1:33210
2025-08-28T04:39:24: 2025/08/28 04:39:24 [INFO] New SSE user id : 1
2025-08-28T04:39:24: 2025/08/28 04:39:24 [INFO] Active Clients: map[1:0xc00038a270]
2025-08-28T04:56:10: 2025/08/28 04:56:10 [INFO] Client 1 disconnected (context canceled)
2025-08-28T04:56:10: 2025/08/28 04:56:10 [INFO] Removing client 1 (reason: connection closing)
2025-08-28T05:28:11: 2025/08/28 05:28:11 [INFO] SSE connection attempt from 127.0.0.1:41588
2025-08-28T05:28:11: 2025/08/28 05:28:11 [INFO] New SSE user id : 1
2025-08-28T05:28:11: 2025/08/28 05:28:11 [INFO] Active Clients: map[1:0xc00038a900]
2025-08-28T05:44:58: 2025/08/28 05:44:58 [INFO] Client 1 disconnected (context canceled)
2025-08-28T05:44:58: 2025/08/28 05:44:58 [INFO] Removing client 1 (reason: connection closing)
2025-08-28T06:00:06: 2025/08/28 06:00:06 [INFO] SSE connection attempt from 127.0.0.1:52158
2025-08-28T06:00:06: 2025/08/28 06:00:06 [INFO] New SSE user id : 1
2025-08-28T06:00:06: 2025/08/28 06:00:06 [INFO] Active Clients: map[1:0xc00038a930]
2025-08-28T06:09:59: 2025/08/28 06:09:59 [INFO] User ID : 1, Total : 2, Followers : [{{3 2025-07-11 03:34:59.874003 -0500 CDT 2025-07-11 03:34:59.874003 -0500 CDT {0001-01-01 00:00:00 +0000 UTC false}} testuser test@example.com $2a$10$hSXbMB48sBxxdyhmnV65BeoYOBTFmzZLHSMa0iv7W1Rttl62vUS7G  Austin Community College FALL 2025 junior false  [] <nil> [] []} {{19 2025-08-06 19:38:56.30408 -0500 CDT 2025-08-06 19:38:56.30408 -0500 CDT {0001-01-01 00:00:00 +0000 UTC false}} Will wfotso21@gmail.com $2a$10$C0/9rF6Az4nlFFea5gZYXuFbpggw4ZSzJ6kJnxGz70gbVerFuKbbS  Austin Community College FALL 2025 junior false en [] <nil> [] []}]
2025-08-28T07:03:24: 2025/08/28 07:03:24 [INFO] Client 1 disconnected (context canceled)
2025-08-28T07:03:24: 2025/08/28 07:03:24 [INFO] Removing client 1 (reason: connection closing)
2025-08-28T08:40:46: 2025/08/28 08:40:46 [INFO] SSE connection attempt from 127.0.0.1:45028
2025-08-28T08:40:46: 2025/08/28 08:40:46 [INFO] New SSE user id : 1
2025-08-28T08:40:46: 2025/08/28 08:40:46 [INFO] Active Clients: map[1:0xc00038a900]
2025-08-28T09:47:58: 2025/08/28 09:47:58 [INFO] User ID : 1, Total : 2, Followers : [{{3 2025-07-11 03:34:59.874003 -0500 CDT 2025-07-11 03:34:59.874003 -0500 CDT {0001-01-01 00:00:00 +0000 UTC false}} testuser test@example.com $2a$10$hSXbMB48sBxxdyhmnV65BeoYOBTFmzZLHSMa0iv7W1Rttl62vUS7G  Austin Community College FALL 2025 junior false  [] <nil> [] []} {{19 2025-08-06 19:38:56.30408 -0500 CDT 2025-08-06 19:38:56.30408 -0500 CDT {0001-01-01 00:00:00 +0000 UTC false}} Will wfotso21@gmail.com $2a$10$C0/9rF6Az4nlFFea5gZYXuFbpggw4ZSzJ6kJnxGz70gbVerFuKbbS  Austin Community College FALL 2025 junior false en [] <nil> [] []}]
2025-08-28T09:51:41: 2025/08/28 09:51:41 [INFO] User ID : 1, Total : 2, Followers : [{{3 2025-07-11 03:34:59.874003 -0500 CDT 2025-07-11 03:34:59.874003 -0500 CDT {0001-01-01 00:00:00 +0000 UTC false}} testuser test@example.com $2a$10$hSXbMB48sBxxdyhmnV65BeoYOBTFmzZLHSMa0iv7W1Rttl62vUS7G  Austin Community College FALL 2025 junior false  [] <nil> [] []} {{19 2025-08-06 19:38:56.30408 -0500 CDT 2025-08-06 19:38:56.30408 -0500 CDT {0001-01-01 00:00:00 +0000 UTC false}} Will wfotso21@gmail.com $2a$10$C0/9rF6Az4nlFFea5gZYXuFbpggw4ZSzJ6kJnxGz70gbVerFuKbbS  Austin Community College FALL 2025 junior false en [] <nil> [] []}]
2025-08-28T09:55:47: 2025/08/28 09:55:47 [INFO] User ID : 1, Total : 2, Followers : [{{3 2025-07-11 03:34:59.874003 -0500 CDT 2025-07-11 03:34:59.874003 -0500 CDT {0001-01-01 00:00:00 +0000 UTC false}} testuser test@example.com $2a$10$hSXbMB48sBxxdyhmnV65BeoYOBTFmzZLHSMa0iv7W1Rttl62vUS7G  Austin Community College FALL 2025 junior false  [] <nil> [] []} {{19 2025-08-06 19:38:56.30408 -0500 CDT 2025-08-06 19:38:56.30408 -0500 CDT {0001-01-01 00:00:00 +0000 UTC false}} Will wfotso21@gmail.com $2a$10$C0/9rF6Az4nlFFea5gZYXuFbpggw4ZSzJ6kJnxGz70gbVerFuKbbS  Austin Community College FALL 2025 junior false en [] <nil> [] []}]
2025-08-28T10:16:33: 2025/08/28 10:16:33 [INFO] User ID : 1, Total : 2, Followers : [{{3 2025-07-11 03:34:59.874003 -0500 CDT 2025-07-11 03:34:59.874003 -0500 CDT {0001-01-01 00:00:00 +0000 UTC false}} testuser test@example.com $2a$10$hSXbMB48sBxxdyhmnV65BeoYOBTFmzZLHSMa0iv7W1Rttl62vUS7G  Austin Community College FALL 2025 junior false  [] <nil> [] []} {{19 2025-08-06 19:38:56.30408 -0500 CDT 2025-08-06 19:38:56.30408 -0500 CDT {0001-01-01 00:00:00 +0000 UTC false}} Will wfotso21@gmail.com $2a$10$C0/9rF6Az4nlFFea5gZYXuFbpggw4ZSzJ6kJnxGz70gbVerFuKbbS  Austin Community College FALL 2025 junior false en [] <nil> [] []}]
2025-08-28T10:21:46: 2025/08/28 10:21:46 [INFO] User ID : 1, Total : 2, Followers : [{{3 2025-07-11 03:34:59.874003 -0500 CDT 2025-07-11 03:34:59.874003 -0500 CDT {0001-01-01 00:00:00 +0000 UTC false}} testuser test@example.com $2a$10$hSXbMB48sBxxdyhmnV65BeoYOBTFmzZLHSMa0iv7W1Rttl62vUS7G  Austin Community College FALL 2025 junior false  [] <nil> [] []} {{19 2025-08-06 19:38:56.30408 -0500 CDT 2025-08-06 19:38:56.30408 -0500 CDT {0001-01-01 00:00:00 +0000 UTC false}} Will wfotso21@gmail.com $2a$10$C0/9rF6Az4nlFFea5gZYXuFbpggw4ZSzJ6kJnxGz70gbVerFuKbbS  Austin Community College FALL 2025 junior false en [] <nil> [] []}]
2025-08-28T10:21:50: 2025/08/28 10:21:50 [INFO] user_id 1 assignment 139 column status_name value Done
2025-08-28T10:41:15: 2025/08/28 10:41:15 [INFO] User ID : 1, Total : 2, Followers : [{{3 2025-07-11 03:34:59.874003 -0500 CDT 2025-07-11 03:34:59.874003 -0500 CDT {0001-01-01 00:00:00 +0000 UTC false}} testuser test@example.com $2a$10$hSXbMB48sBxxdyhmnV65BeoYOBTFmzZLHSMa0iv7W1Rttl62vUS7G  Austin Community College FALL 2025 junior false  [] <nil> [] []} {{19 2025-08-06 19:38:56.30408 -0500 CDT 2025-08-06 19:38:56.30408 -0500 CDT {0001-01-01 00:00:00 +0000 UTC false}} Will wfotso21@gmail.com $2a$10$C0/9rF6Az4nlFFea5gZYXuFbpggw4ZSzJ6kJnxGz70gbVerFuKbbS  Austin Community College FALL 2025 junior false en [] <nil> [] []}]
2025-08-28T10:46:52: 2025/08/28 10:46:52 [INFO] User ID : 1, Total : 2, Followers : [{{3 2025-07-11 03:34:59.874003 -0500 CDT 2025-07-11 03:34:59.874003 -0500 CDT {0001-01-01 00:00:00 +0000 UTC false}} testuser test@example.com $2a$10$hSXbMB48sBxxdyhmnV65BeoYOBTFmzZLHSMa0iv7W1Rttl62vUS7G  Austin Community College FALL 2025 junior false  [] <nil> [] []} {{19 2025-08-06 19:38:56.30408 -0500 CDT 2025-08-06 19:38:56.30408 -0500 CDT {0001-01-01 00:00:00 +0000 UTC false}} Will wfotso21@gmail.com $2a$10$C0/9rF6Az4nlFFea5gZYXuFbpggw4ZSzJ6kJnxGz70gbVerFuKbbS  Austin Community College FALL 2025 junior false en [] <nil> [] []}]
2025-08-28T10:51:03: 2025/08/28 10:51:03 [INFO] User ID : 1, Total : 2, Followers : [{{3 2025-07-11 03:34:59.874003 -0500 CDT 2025-07-11 03:34:59.874003 -0500 CDT {0001-01-01 00:00:00 +0000 UTC false}} testuser test@example.com $2a$10$hSXbMB48sBxxdyhmnV65BeoYOBTFmzZLHSMa0iv7W1Rttl62vUS7G  Austin Community College FALL 2025 junior false  [] <nil> [] []} {{19 2025-08-06 19:38:56.30408 -0500 CDT 2025-08-06 19:38:56.30408 -0500 CDT {0001-01-01 00:00:00 +0000 UTC false}} Will wfotso21@gmail.com $2a$10$C0/9rF6Az4nlFFea5gZYXuFbpggw4ZSzJ6kJnxGz70gbVerFuKbbS  Austin Community College FALL 2025 junior false en [] <nil> [] []}]
2025-08-28T10:54:43: 2025/08/28 10:54:43 [INFO] User ID : 1, Total : 2, Followers : [{{3 2025-07-11 03:34:59.874003 -0500 CDT 2025-07-11 03:34:59.874003 -0500 CDT {0001-01-01 00:00:00 +0000 UTC false}} testuser test@example.com $2a$10$hSXbMB48sBxxdyhmnV65BeoYOBTFmzZLHSMa0iv7W1Rttl62vUS7G  Austin Community College FALL 2025 junior false  [] <nil> [] []} {{19 2025-08-06 19:38:56.30408 -0500 CDT 2025-08-06 19:38:56.30408 -0500 CDT {0001-01-01 00:00:00 +0000 UTC false}} Will wfotso21@gmail.com $2a$10$C0/9rF6Az4nlFFea5gZYXuFbpggw4ZSzJ6kJnxGz70gbVerFuKbbS  Austin Community College FALL 2025 junior false en [] <nil> [] []}]
2025-08-28T11:12:31: 2025/08/28 11:12:31 [INFO] User ID : 1, Total : 2, Followers : [{{3 2025-07-11 03:34:59.874003 -0500 CDT 2025-07-11 03:34:59.874003 -0500 CDT {0001-01-01 00:00:00 +0000 UTC false}} testuser test@example.com $2a$10$hSXbMB48sBxxdyhmnV65BeoYOBTFmzZLHSMa0iv7W1Rttl62vUS7G  Austin Community College FALL 2025 junior false  [] <nil> [] []} {{19 2025-08-06 19:38:56.30408 -0500 CDT 2025-08-06 19:38:56.30408 -0500 CDT {0001-01-01 00:00:00 +0000 UTC false}} Will wfotso21@gmail.com $2a$10$C0/9rF6Az4nlFFea5gZYXuFbpggw4ZSzJ6kJnxGz70gbVerFuKbbS  Austin Community College FALL 2025 junior false en [] <nil> [] []}]
2025-08-28T11:14:01: 2025/08/28 11:14:01 [INFO] User ID : 1, Total : 2, Followers : [{{3 2025-07-11 03:34:59.874003 -0500 CDT 2025-07-11 03:34:59.874003 -0500 CDT {0001-01-01 00:00:00 +0000 UTC false}} testuser test@example.com $2a$10$hSXbMB48sBxxdyhmnV65BeoYOBTFmzZLHSMa0iv7W1Rttl62vUS7G  Austin Community College FALL 2025 junior false  [] <nil> [] []} {{19 2025-08-06 19:38:56.30408 -0500 CDT 2025-08-06 19:38:56.30408 -0500 CDT {0001-01-01 00:00:00 +0000 UTC false}} Will wfotso21@gmail.com $2a$10$C0/9rF6Az4nlFFea5gZYXuFbpggw4ZSzJ6kJnxGz70gbVerFuKbbS  Austin Community College FALL 2025 junior false en [] <nil> [] []}]
2025-08-28T11:16:27: 2025/08/28 11:16:27 [INFO] User ID : 1, Total : 2, Followers : [{{3 2025-07-11 03:34:59.874003 -0500 CDT 2025-07-11 03:34:59.874003 -0500 CDT {0001-01-01 00:00:00 +0000 UTC false}} testuser test@example.com $2a$10$hSXbMB48sBxxdyhmnV65BeoYOBTFmzZLHSMa0iv7W1Rttl62vUS7G  Austin Community College FALL 2025 junior false  [] <nil> [] []} {{19 2025-08-06 19:38:56.30408 -0500 CDT 2025-08-06 19:38:56.30408 -0500 CDT {0001-01-01 00:00:00 +0000 UTC false}} Will wfotso21@gmail.com $2a$10$C0/9rF6Az4nlFFea5gZYXuFbpggw4ZSzJ6kJnxGz70gbVerFuKbbS  Austin Community College FALL 2025 junior false en [] <nil> [] []}]
2025-08-28T11:17:41: 2025/08/28 11:17:41 [INFO] User ID : 1, Total : 2, Followers : [{{3 2025-07-11 03:34:59.874003 -0500 CDT 2025-07-11 03:34:59.874003 -0500 CDT {0001-01-01 00:00:00 +0000 UTC false}} testuser test@example.com $2a$10$hSXbMB48sBxxdyhmnV65BeoYOBTFmzZLHSMa0iv7W1Rttl62vUS7G  Austin Community College FALL 2025 junior false  [] <nil> [] []} {{19 2025-08-06 19:38:56.30408 -0500 CDT 2025-08-06 19:38:56.30408 -0500 CDT {0001-01-01 00:00:00 +0000 UTC false}} Will wfotso21@gmail.com $2a$10$C0/9rF6Az4nlFFea5gZYXuFbpggw4ZSzJ6kJnxGz70gbVerFuKbbS  Austin Community College FALL 2025 junior false en [] <nil> [] []}]
2025-08-28T11:19:34: 2025/08/28 11:19:34 [INFO] User ID : 1, Total : 2, Followers : [{{3 2025-07-11 03:34:59.874003 -0500 CDT 2025-07-11 03:34:59.874003 -0500 CDT {0001-01-01 00:00:00 +0000 UTC false}} testuser test@example.com $2a$10$hSXbMB48sBxxdyhmnV65BeoYOBTFmzZLHSMa0iv7W1Rttl62vUS7G  Austin Community College FALL 2025 junior false  [] <nil> [] []} {{19 2025-08-06 19:38:56.30408 -0500 CDT 2025-08-06 19:38:56.30408 -0500 CDT {0001-01-01 00:00:00 +0000 UTC false}} Will wfotso21@gmail.com $2a$10$C0/9rF6Az4nlFFea5gZYXuFbpggw4ZSzJ6kJnxGz70gbVerFuKbbS  Austin Community College FALL 2025 junior false en [] <nil> [] []}]
2025-08-28T12:11:05: 2025/08/28 12:11:05 [INFO] User ID : 1, Total : 2, Followers : [{{3 2025-07-11 03:34:59.874003 -0500 CDT 2025-07-11 03:34:59.874003 -0500 CDT {0001-01-01 00:00:00 +0000 UTC false}} testuser test@example.com $2a$10$hSXbMB48sBxxdyhmnV65BeoYOBTFmzZLHSMa0iv7W1Rttl62vUS7G  Austin Community College FALL 2025 junior false  [] <nil> [] []} {{19 2025-08-06 19:38:56.30408 -0500 CDT 2025-08-06 19:38:56.30408 -0500 CDT {0001-01-01 00:00:00 +0000 UTC false}} Will wfotso21@gmail.com $2a$10$C0/9rF6Az4nlFFea5gZYXuFbpggw4ZSzJ6kJnxGz70gbVerFuKbbS  Austin Community College FALL 2025 junior false en [] <nil> [] []}]
2025-08-28T12:47:07: 2025/08/28 12:47:07 [INFO] User ID : 1, Total : 2, Followers : [{{3 2025-07-11 03:34:59.874003 -0500 CDT 2025-07-11 03:34:59.874003 -0500 CDT {0001-01-01 00:00:00 +0000 UTC false}} testuser test@example.com $2a$10$hSXbMB48sBxxdyhmnV65BeoYOBTFmzZLHSMa0iv7W1Rttl62vUS7G  Austin Community College FALL 2025 junior false  [] <nil> [] []} {{19 2025-08-06 19:38:56.30408 -0500 CDT 2025-08-06 19:38:56.30408 -0500 CDT {0001-01-01 00:00:00 +0000 UTC false}} Will wfotso21@gmail.com $2a$10$C0/9rF6Az4nlFFea5gZYXuFbpggw4ZSzJ6kJnxGz70gbVerFuKbbS  Austin Community College FALL 2025 junior false en [] <nil> [] []}]
2025-08-28T14:42:00: 2025/08/28 14:42:00 [INFO] User ID : 1, Total : 2, Followers : [{{3 2025-07-11 03:34:59.874003 -0500 CDT 2025-07-11 03:34:59.874003 -0500 CDT {0001-01-01 00:00:00 +0000 UTC false}} testuser test@example.com $2a$10$hSXbMB48sBxxdyhmnV65BeoYOBTFmzZLHSMa0iv7W1Rttl62vUS7G  Austin Community College FALL 2025 junior false  [] <nil> [] []} {{19 2025-08-06 19:38:56.30408 -0500 CDT 2025-08-06 19:38:56.30408 -0500 CDT {0001-01-01 00:00:00 +0000 UTC false}} Will wfotso21@gmail.com $2a$10$C0/9rF6Az4nlFFea5gZYXuFbpggw4ZSzJ6kJnxGz70gbVerFuKbbS  Austin Community College FALL 2025 junior false en [] <nil> [] []}]
2025-08-28T14:42:05: 2025/08/28 14:42:05 [INFO] user_id 1 assignment 140 column status_name value Done
2025-08-28T14:43:34: 2025/08/28 14:43:34 [INFO] assignment input data local ID : 99 Title: 2.2 HW - Definitions of Limits : Course code: MATH-2413 Type : HW Deadline : 2025-08-29 
2025-08-28T14:43:34: 2025/08/28 14:43:34 [INFO] assignment input : {99 2.2 HW - Definitions of Limits  2025-08-29 MATH-2413 HW Not started low}
2025-08-28T14:45:21: 2025/08/28 14:45:21 [INFO] user_id 1 assignment 141 column todo value Use points on a graph to identify input and output values.
2025-08-28T14:45:21: Answer conceptual questions involving definitions of limits.
2025-08-28T14:45:21: Find limits from a graph.
2025-08-28T14:45:21: Estimate limits from a table.
2025-08-28T14:45:21: Solve applications involving the evaluation of limits by graphing.
2025-08-28T14:45:21: Estimate limits using a graphing utility.
2025-08-28T14:45:21: Sketch graphs of functions given information about limits and function values.
2025-08-28T14:45:21: 2025/08/28 14:45:21 [INFO] user_id 1 assignment 141 column link value https://acconline.austincc.edu/ultra/courses/_949881_1/outline/lti/launchFrame?toolHref=https:~2F~2Facconline.austincc.edu~2Fwebapps~2Fblackboard~2Fexecute~2Fblti~2FlaunchLink%3Fcourse_id%3D_949881_1%26content_id%3D_30382495_1%26from_ultra%3Dtrue&toolTitle=2.2%20HW%20-%20Definitions%20of%20Limits
2025-08-28T14:54:27: 2025/08/28 14:54:27 [INFO] User ID : 19, Total : 0, Followers : []
2025-08-28T14:54:27: 2025/08/28 14:54:27 [INFO] User ID : 3, Total : 0, Followers : []
2025-08-28T15:24:13: 2025/08/28 15:24:13 [INFO] Client 1 disconnected (context canceled)
2025-08-28T15:24:13: 2025/08/28 15:24:13 [INFO] Removing client 1 (reason: connection closing)
2025-08-28T18:37:17: 2025/08/28 18:37:17 [INFO] SSE connection attempt from 127.0.0.1:56742
2025-08-28T18:37:17: 2025/08/28 18:37:17 [INFO] New SSE user id : 1
2025-08-28T18:37:17: 2025/08/28 18:37:17 [INFO] Active Clients: map[1:0xc0002f0270]
2025-08-28T19:03:34: 2025/08/28 19:03:34 [INFO] User ID : 1, Total : 2, Followers : [{{3 2025-07-11 03:34:59.874003 -0500 CDT 2025-07-11 03:34:59.874003 -0500 CDT {0001-01-01 00:00:00 +0000 UTC false}} testuser test@example.com $2a$10$hSXbMB48sBxxdyhmnV65BeoYOBTFmzZLHSMa0iv7W1Rttl62vUS7G  Austin Community College FALL 2025 junior false  [] <nil> [] []} {{19 2025-08-06 19:38:56.30408 -0500 CDT 2025-08-06 19:38:56.30408 -0500 CDT {0001-01-01 00:00:00 +0000 UTC false}} Will wfotso21@gmail.com $2a$10$C0/9rF6Az4nlFFea5gZYXuFbpggw4ZSzJ6kJnxGz70gbVerFuKbbS  Austin Community College FALL 2025 junior false en [] <nil> [] []}]
2025-08-28T20:45:20: 2025/08/28 20:45:20 [INFO] Client 1 disconnected (context canceled)
2025-08-28T20:45:20: 2025/08/28 20:45:20 [INFO] Removing client 1 (reason: connection closing)
2025-08-28T21:32:36: 2025/08/28 21:32:36 [INFO] SSE connection attempt from 127.0.0.1:35524
2025-08-28T21:32:36: 2025/08/28 21:32:36 [INFO] New SSE user id : 1
2025-08-28T21:32:36: 2025/08/28 21:32:36 [INFO] Active Clients: map[1:0xc00037d7d0]
2025-08-28T21:49:22: 2025/08/28 21:49:22 [INFO] Client 1 disconnected (context canceled)
2025-08-28T21:49:22: 2025/08/28 21:49:22 [INFO] Removing client 1 (reason: connection closing)
2025-08-28T23:02:58: 2025/08/28 23:02:58 [INFO] SSE connection attempt from 127.0.0.1:45416
2025-08-28T23:02:58: 2025/08/28 23:02:58 [INFO] New SSE user id : 1
2025-08-28T23:02:58: 2025/08/28 23:02:58 [INFO] Active Clients: map[1:0xc00037d860]
2025-08-28T23:19:54: 2025/08/28 23:19:54 [INFO] Client 1 disconnected (context canceled)
2025-08-28T23:19:54: 2025/08/28 23:19:54 [INFO] Removing client 1 (reason: connection closing)
2025-08-28T23:30:30: 2025/08/28 23:30:30 [INFO] SSE connection attempt from 127.0.0.1:34134
2025-08-28T23:30:30: 2025/08/28 23:30:30 [INFO] New SSE user id : 1
2025-08-28T23:30:30: 2025/08/28 23:30:30 [INFO] Active Clients: map[1:0xc00037d860]
2025-08-28T23:47:24: 2025/08/28 23:47:24 [INFO] Client 1 disconnected (context canceled)
2025-08-28T23:47:24: 2025/08/28 23:47:24 [INFO] Removing client 1 (reason: connection closing)
2025-08-29T00:31:14: 2025/08/29 00:31:14 [INFO] SSE connection attempt from 127.0.0.1:49394
2025-08-29T00:31:14: 2025/08/29 00:31:14 [INFO] New SSE user id : 1
2025-08-29T00:31:14: 2025/08/29 00:31:14 [INFO] Active Clients: map[1:0xc00037d860]
2025-08-29T00:48:10: 2025/08/29 00:48:10 [INFO] Client 1 disconnected (context canceled)
2025-08-29T00:48:10: 2025/08/29 00:48:10 [INFO] Removing client 1 (reason: connection closing)
2025-08-29T01:04:16: 2025/08/29 01:04:16 [INFO] SSE connection attempt from 127.0.0.1:46436
2025-08-29T01:04:16: 2025/08/29 01:04:16 [INFO] New SSE user id : 1
2025-08-29T01:04:16: 2025/08/29 01:04:16 [INFO] Active Clients: map[1:0xc00037d860]
2025-08-29T01:21:04: 2025/08/29 01:21:04 [INFO] Client 1 disconnected (context canceled)
2025-08-29T01:21:04: 2025/08/29 01:21:04 [INFO] Removing client 1 (reason: connection closing)
2025-08-29T01:32:14: 2025/08/29 01:32:14 [INFO] SSE connection attempt from 127.0.0.1:57426
2025-08-29T01:32:14: 2025/08/29 01:32:14 [INFO] New SSE user id : 1
2025-08-29T01:32:14: 2025/08/29 01:32:14 [INFO] Active Clients: map[1:0xc00037d860]
2025-08-29T01:49:07: 2025/08/29 01:49:07 [INFO] Client 1 disconnected (context canceled)
2025-08-29T01:49:07: 2025/08/29 01:49:07 [INFO] Removing client 1 (reason: connection closing)
2025-08-29T02:20:44: 2025/08/29 02:20:44 [INFO] SSE connection attempt from 127.0.0.1:53702
2025-08-29T02:20:44: 2025/08/29 02:20:44 [INFO] New SSE user id : 1
2025-08-29T02:20:44: 2025/08/29 02:20:44 [INFO] Active Clients: map[1:0xc00037d860]
2025-08-29T02:37:32: 2025/08/29 02:37:32 [INFO] Client 1 disconnected (context canceled)
2025-08-29T02:37:32: 2025/08/29 02:37:32 [INFO] Removing client 1 (reason: connection closing)
2025-08-29T03:06:58: 2025/08/29 03:06:58 [INFO] SSE connection attempt from 127.0.0.1:59390
2025-08-29T03:06:58: 2025/08/29 03:06:58 [INFO] New SSE user id : 1
2025-08-29T03:06:58: 2025/08/29 03:06:58 [INFO] Active Clients: map[1:0xc00037d860]
2025-08-29T03:23:53: 2025/08/29 03:23:53 [INFO] Client 1 disconnected (context canceled)
2025-08-29T03:23:53: 2025/08/29 03:23:53 [INFO] Removing client 1 (reason: connection closing)
2025-08-29T04:01:33: 2025/08/29 04:01:33 [INFO] SSE connection attempt from 127.0.0.1:56682
2025-08-29T04:01:33: 2025/08/29 04:01:33 [INFO] New SSE user id : 1
2025-08-29T04:01:33: 2025/08/29 04:01:33 [INFO] Active Clients: map[1:0xc00037d860]
2025-08-29T04:18:21: 2025/08/29 04:18:21 [INFO] Client 1 disconnected (context canceled)
2025-08-29T04:18:21: 2025/08/29 04:18:21 [INFO] Removing client 1 (reason: connection closing)
2025-08-29T04:53:06: 2025/08/29 04:53:06 [INFO] SSE connection attempt from 127.0.0.1:41882
2025-08-29T04:53:06: 2025/08/29 04:53:06 [INFO] New SSE user id : 1
2025-08-29T04:53:06: 2025/08/29 04:53:06 [INFO] Active Clients: map[1:0xc00037d860]
2025-08-29T04:57:40: 2025/08/29 04:57:40 [ERROR] [401] Unauthorized - please login
2025-08-29T05:09:58: 2025/08/29 05:09:58 [INFO] Client 1 disconnected (context canceled)
2025-08-29T05:09:58: 2025/08/29 05:09:58 [INFO] Removing client 1 (reason: connection closing)
2025-08-29T05:36:22: 2025/08/29 05:36:22 [INFO] SSE connection attempt from 127.0.0.1:57702
2025-08-29T05:36:22: 2025/08/29 05:36:22 [INFO] New SSE user id : 1
2025-08-29T05:36:22: 2025/08/29 05:36:22 [INFO] Active Clients: map[1:0xc00037d860]
2025-08-29T05:53:11: 2025/08/29 05:53:11 [INFO] Client 1 disconnected (context canceled)
2025-08-29T05:53:11: 2025/08/29 05:53:11 [INFO] Removing client 1 (reason: connection closing)
2025-08-29T06:00:15: 2025/08/29 06:00:15 [INFO] SSE connection attempt from 127.0.0.1:60746
2025-08-29T06:00:15: 2025/08/29 06:00:15 [INFO] New SSE user id : 1
2025-08-29T06:00:15: 2025/08/29 06:00:15 [INFO] Active Clients: map[1:0xc00037d860]
2025-08-29T06:12:52: 2025/08/29 06:12:52 [INFO] User ID : 1, Total : 2, Followers : [{{3 2025-07-11 03:34:59.874003 -0500 CDT 2025-07-11 03:34:59.874003 -0500 CDT {0001-01-01 00:00:00 +0000 UTC false}} testuser test@example.com $2a$10$hSXbMB48sBxxdyhmnV65BeoYOBTFmzZLHSMa0iv7W1Rttl62vUS7G  Austin Community College FALL 2025 junior false  [] <nil> [] []} {{19 2025-08-06 19:38:56.30408 -0500 CDT 2025-08-06 19:38:56.30408 -0500 CDT {0001-01-01 00:00:00 +0000 UTC false}} Will wfotso21@gmail.com $2a$10$C0/9rF6Az4nlFFea5gZYXuFbpggw4ZSzJ6kJnxGz70gbVerFuKbbS  Austin Community College FALL 2025 junior false en [] <nil> [] []}]
2025-08-29T06:13:04: 2025/08/29 06:13:04 [INFO] user_id 1 assignment 141 column status_name value In progress
2025-08-29T06:14:14: 2025/08/29 06:14:14 [INFO] User ID : 3, Total : 0, Followers : []
2025-08-29T06:14:14: 2025/08/29 06:14:14 [INFO] User ID : 19, Total : 0, Followers : []
2025-08-29T07:05:49: 2025/08/29 07:05:49 [INFO] Client 1 disconnected (context canceled)
2025-08-29T07:05:49: 2025/08/29 07:05:49 [INFO] Removing client 1 (reason: connection closing)
2025-08-29T08:37:22: 2025/08/29 08:37:22 [INFO] User ID : 1, Total : 2, Followers : [{{3 2025-07-11 03:34:59.874003 -0500 CDT 2025-07-11 03:34:59.874003 -0500 CDT {0001-01-01 00:00:00 +0000 UTC false}} testuser test@example.com $2a$10$hSXbMB48sBxxdyhmnV65BeoYOBTFmzZLHSMa0iv7W1Rttl62vUS7G  Austin Community College FALL 2025 junior false  [] <nil> [] []} {{19 2025-08-06 19:38:56.30408 -0500 CDT 2025-08-06 19:38:56.30408 -0500 CDT {0001-01-01 00:00:00 +0000 UTC false}} Will wfotso21@gmail.com $2a$10$C0/9rF6Az4nlFFea5gZYXuFbpggw4ZSzJ6kJnxGz70gbVerFuKbbS  Austin Community College FALL 2025 junior false en [] <nil> [] []}]
2025-08-29T08:38:26: 2025/08/29 08:38:26 [INFO] SSE connection attempt from 127.0.0.1:58602
2025-08-29T08:38:26: 2025/08/29 08:38:26 [INFO] New SSE user id : 1
2025-08-29T08:38:26: 2025/08/29 08:38:26 [INFO] Active Clients: map[1:0xc0002f0e10]
2025-08-29T10:00:15: 2025/08/29 10:00:15 [INFO] User ID : 1, Total : 2, Followers : [{{3 2025-07-11 03:34:59.874003 -0500 CDT 2025-07-11 03:34:59.874003 -0500 CDT {0001-01-01 00:00:00 +0000 UTC false}} testuser test@example.com $2a$10$hSXbMB48sBxxdyhmnV65BeoYOBTFmzZLHSMa0iv7W1Rttl62vUS7G  Austin Community College FALL 2025 junior false  [] <nil> [] []} {{19 2025-08-06 19:38:56.30408 -0500 CDT 2025-08-06 19:38:56.30408 -0500 CDT {0001-01-01 00:00:00 +0000 UTC false}} Will wfotso21@gmail.com $2a$10$C0/9rF6Az4nlFFea5gZYXuFbpggw4ZSzJ6kJnxGz70gbVerFuKbbS  Austin Community College FALL 2025 junior false en [] <nil> [] []}]
2025-08-29T10:00:19: 2025/08/29 10:00:19 [INFO] user_id 1 assignment 141 column status_name value Done
2025-08-29T10:00:25: 2025/08/29 10:00:25 [INFO] user_id 1 assignment 136 column status_name value In progress
2025-08-29T11:08:22: 2025/08/29 11:08:22 [INFO] User ID : 1, Total : 2, Followers : [{{3 2025-07-11 03:34:59.874003 -0500 CDT 2025-07-11 03:34:59.874003 -0500 CDT {0001-01-01 00:00:00 +0000 UTC false}} testuser test@example.com $2a$10$hSXbMB48sBxxdyhmnV65BeoYOBTFmzZLHSMa0iv7W1Rttl62vUS7G  Austin Community College FALL 2025 junior false  [] <nil> [] []} {{19 2025-08-06 19:38:56.30408 -0500 CDT 2025-08-06 19:38:56.30408 -0500 CDT {0001-01-01 00:00:00 +0000 UTC false}} Will wfotso21@gmail.com $2a$10$C0/9rF6Az4nlFFea5gZYXuFbpggw4ZSzJ6kJnxGz70gbVerFuKbbS  Austin Community College FALL 2025 junior false en [] <nil> [] []}]
2025-08-29T11:10:17: 2025/08/29 11:10:17 [INFO] assignment input data local ID : 100 Title: 2.4-2.5 Note Submission : Course code: MATH-2413 Type : HW Deadline : 2025-09-04 
2025-08-29T11:10:17: 2025/08/29 11:10:17 [INFO] assignment input : {100 2.4-2.5 Note Submission 2.4 : Infinite Limits
2025-08-29T11:10:17: 2.5 : Limits at Infinity 2025-09-04 MATH-2413 HW Not started low}
2025-08-29T11:15:04: 2025/08/29 11:15:04 [INFO] assignment input data local ID : 101 Title: Chapter 6 : Course code: SPCH-1311 Type : Quiz Deadline : 2025-09-02 
2025-08-29T11:15:04: 2025/08/29 11:15:04 [INFO] assignment input : {101 Chapter 6 Read Chapter 6 : Diversity and communication on Revel 2025-09-02 SPCH-1311 Quiz Not started low}
2025-08-29T11:15:24: 2025/08/29 11:15:24 [INFO] user_id 1 assignment 143 column deadline value 2025-09-01 00:00:00-05:00
2025-08-29T11:16:30: 2025/08/29 11:16:30 [INFO] user_id 1 assignment 136 column status_name value Done
2025-08-29T11:19:29: 2025/08/29 11:19:29 [INFO] assignment input data local ID : 102 Title: 2.3 HW - Techniques for computing limits : Course code: MATH-2413 Type : HW Deadline : 2025-08-31 
2025-08-29T11:19:29: 2025/08/29 11:19:29 [INFO] assignment input : {102 2.3 HW - Techniques for computing limits Answer question for section 2.3 in Homework for unit 1a in Blackboard 2025-08-31 MATH-2413 HW Not started low}
2025-08-29T11:19:46: 2025/08/29 11:19:46 [INFO] user_id 1 assignment 144 column todo value Answer questions for section 2.3 in Homework for unit 1a in Blackboard
2025-08-29T11:20:03: 2025/08/29 11:20:03 [INFO] User ID : 19, Total : 0, Followers : []
2025-08-29T11:20:03: 2025/08/29 11:20:03 [INFO] User ID : 3, Total : 0, Followers : []
2025-08-29T11:33:12: 2025/08/29 11:33:12 [INFO] assignment input data local ID : 103 Title: PreLab - Linux Commands : Course code: ITSC-2337 Type : Lab Deadline : 2025-08-30 
2025-08-29T11:33:12: 2025/08/29 11:33:12 [INFO] assignment input : {103 PreLab - Linux Commands Install Ubuntu on a VM . and follow instructions on blackboard. 2025-08-30 ITSC-2337 Lab Not started low}
2025-08-29T11:35:13: 2025/08/29 11:35:13 [INFO] assignment input data local ID : 104 Title: Unix II Chapter 1 Quiz : Course code: ITSC-2337 Type : Quiz Deadline : 2025-08-31 
2025-08-29T11:35:13: 2025/08/29 11:35:13 [INFO] assignment input : {104 Unix II Chapter 1 Quiz https://acconline.austincc.edu/ultra/courses/_949262_1/grades/assessment/_30751945_1/overview?courseId=_949262_1 2025-08-31 ITSC-2337 Quiz Not started low}
2025-08-29T11:35:34: 2025/08/29 11:35:34 [INFO] assignment input data local ID : 105 Title: Unix II Chapter 2 Quiz : Course code: ITSC-2337 Type : Quiz Deadline : 2025-08-31 
2025-08-29T11:35:34: 2025/08/29 11:35:34 [INFO] assignment input : {105 Unix II Chapter 2 Quiz https://acconline.austincc.edu/ultra/courses/_949262_1/grades/assessment/_30751946_1/overview?courseId=_949262_1 2025-08-31 ITSC-2337 Quiz  low}
2025-08-29T11:35:34: 2025/08/29 11:35:34 [ERROR] [409] Error creating assignment in database%!(EXTRA <nil>)
2025-08-29T11:36:23: 2025/08/29 11:36:23 [INFO] assignment input data local ID : 106 Title: Unix Lab 2 -- Red Hat : Course code: ITSC-2337 Type : Lab Deadline : 2025-08-31 
2025-08-29T11:36:23: 2025/08/29 11:36:23 [INFO] assignment input : {106 Unix Lab 2 -- Red Hat https://acconline.austincc.edu/ultra/courses/_949262_1/grades/assessment/_30751929_1/overview?courseId=_949262_1 2025-08-31 ITSC-2337 Lab  low}
2025-08-29T11:36:23: 2025/08/29 11:36:23 [ERROR] [409] Error creating assignment in database%!(EXTRA <nil>)
2025-08-29T11:36:45: 2025/08/29 11:36:45 [INFO] assignment input data local ID : 105 Title: Unix II Chapter 2 Quiz : Course code: ITSC-2337 Type : Quiz Deadline : 2025-08-31 
2025-08-29T11:36:45: 2025/08/29 11:36:45 [INFO] assignment input : {105 Unix II Chapter 2 Quiz https://acconline.austincc.edu/ultra/courses/_949262_1/grades/assessment/_30751946_1/overview?courseId=_949262_1 2025-08-31 ITSC-2337 Quiz  low}
2025-08-29T11:36:45: 2025/08/29 11:36:45 [ERROR] [409] Error creating assignment in database%!(EXTRA <nil>)
2025-08-29T11:36:45: 2025/08/29 11:36:45 [INFO] assignment input data local ID : 106 Title: Unix Lab 2 -- Red Hat : Course code: ITSC-2337 Type : Lab Deadline : 2025-08-31 
2025-08-29T11:36:45: 2025/08/29 11:36:45 [INFO] assignment input : {106 Unix Lab 2 -- Red Hat https://acconline.austincc.edu/ultra/courses/_949262_1/grades/assessment/_30751929_1/overview?courseId=_949262_1 2025-08-31 ITSC-2337 Lab  low}
2025-08-29T11:36:45: 2025/08/29 11:36:45 [ERROR] [409] Error creating assignment in database%!(EXTRA <nil>)
2025-08-29T11:37:57: 2025/08/29 11:37:57 [INFO] assignment input data local ID : 107 Title: Unix Lab 1 - Install Linux - Ubuntu : Course code: ITSC-2337 Type : Lab Deadline : 2025-08-30 
2025-08-29T11:37:57: 2025/08/29 11:37:57 [INFO] assignment input : {107 Unix Lab 1 - Install Linux - Ubuntu https://acconline.austincc.edu/ultra/courses/_949262_1/grades/assessment/_30751928_1/overview?courseId=_949262_1 2025-08-30 ITSC-2337 Lab Not started low}
2025-08-29T11:38:27: 2025/08/29 11:38:27 [INFO] User ID : 1, Total : 2, Followers : [{{3 2025-07-11 03:34:59.874003 -0500 CDT 2025-07-11 03:34:59.874003 -0500 CDT {0001-01-01 00:00:00 +0000 UTC false}} testuser test@example.com $2a$10$hSXbMB48sBxxdyhmnV65BeoYOBTFmzZLHSMa0iv7W1Rttl62vUS7G  Austin Community College FALL 2025 junior false  [] <nil> [] []} {{19 2025-08-06 19:38:56.30408 -0500 CDT 2025-08-06 19:38:56.30408 -0500 CDT {0001-01-01 00:00:00 +0000 UTC false}} Will wfotso21@gmail.com $2a$10$C0/9rF6Az4nlFFea5gZYXuFbpggw4ZSzJ6kJnxGz70gbVerFuKbbS  Austin Community College FALL 2025 junior false en [] <nil> [] []}]
2025-08-29T11:38:32: 2025/08/29 11:38:32 [INFO] user_id 1 assignment 151 column link value https://acconline.austincc.edu/ultra/courses/_949262_1/grades/assessment/_30751928_1/overview?courseId=_949262_1
2025-08-29T11:38:32: 2025/08/29 11:38:32 [INFO] user_id 1 assignment 151 column todo value Unix Lab 1 - Install Linux - Ubuntu
2025-08-29T11:38:32: 
2025-08-29T11:38:32: In this Lab, students will install the Ubuntu Linux Operating System.
2025-08-29T11:38:32: 
2025-08-29T11:38:32: Place in a word document and submit to Blackboard.
2025-08-29T11:38:32: 
2025-08-29T11:38:32: Professor Wade
2025-08-29T11:38:44: 2025/08/29 11:38:44 [INFO] assignment input data local ID : 105 Title: Unix II Chapter 2 Quiz : Course code: ITSC-2337 Type : Quiz Deadline : 2025-08-31 
2025-08-29T11:38:44: 2025/08/29 11:38:44 [INFO] assignment input : {105 Unix II Chapter 2 Quiz https://acconline.austincc.edu/ultra/courses/_949262_1/grades/assessment/_30751946_1/overview?courseId=_949262_1 2025-08-31 ITSC-2337 Quiz  low}
2025-08-29T11:38:44: 2025/08/29 11:38:44 [ERROR] [409] Error creating assignment in database%!(EXTRA <nil>)
2025-08-29T11:38:45: 2025/08/29 11:38:45 [INFO] assignment input data local ID : 106 Title: Unix Lab 2 -- Red Hat : Course code: ITSC-2337 Type : Lab Deadline : 2025-08-31 
2025-08-29T11:38:45: 2025/08/29 11:38:45 [INFO] assignment input : {106 Unix Lab 2 -- Red Hat https://acconline.austincc.edu/ultra/courses/_949262_1/grades/assessment/_30751929_1/overview?courseId=_949262_1 2025-08-31 ITSC-2337 Lab  low}
2025-08-29T11:38:45: 2025/08/29 11:38:45 [ERROR] [409] Error creating assignment in database%!(EXTRA <nil>)
2025-08-29T11:40:44: 2025/08/29 11:40:44 [INFO] assignment input data local ID : 105 Title: Unix II Chapter 2 Quiz : Course code: ITSC-2337 Type : Quiz Deadline : 2025-08-31 
2025-08-29T11:40:44: 2025/08/29 11:40:44 [INFO] assignment input : {105 Unix II Chapter 2 Quiz https://acconline.austincc.edu/ultra/courses/_949262_1/grades/assessment/_30751946_1/overview?courseId=_949262_1 2025-08-31 ITSC-2337 Quiz  low}
2025-08-29T11:40:44: 2025/08/29 11:40:44 [ERROR] [409] Error creating assignment in database%!(EXTRA <nil>)
2025-08-29T11:40:44: 2025/08/29 11:40:44 [INFO] assignment input data local ID : 106 Title: Unix Lab 2 -- Red Hat : Course code: ITSC-2337 Type : Lab Deadline : 2025-08-31 
2025-08-29T11:40:44: 2025/08/29 11:40:44 [INFO] assignment input : {106 Unix Lab 2 -- Red Hat https://acconline.austincc.edu/ultra/courses/_949262_1/grades/assessment/_30751929_1/overview?courseId=_949262_1 2025-08-31 ITSC-2337 Lab  low}
2025-08-29T11:40:44: 2025/08/29 11:40:44 [ERROR] [409] Error creating assignment in database%!(EXTRA <nil>)
2025-08-29T11:41:58: 2025/08/29 11:41:58 [INFO] user_id 1 assignment 146 column todo value Chapter 1 : Installing Red Hat Enterprise Linux
2025-08-29T11:41:58: 2025/08/29 11:41:58 [INFO] user_id 1 assignment 146 column link value https://acconline.austincc.edu/ultra/courses/_949262_1/grades/assessment/_30751945_1/overview?courseId=_949262_1
2025-08-29T11:42:19: 2025/08/29 11:42:19 [ERROR] [500] failed to getting assignment: record not found
2025-08-29T11:42:19: 2025/08/29 11:42:19 [ERROR] [500] failed to getting assignment: record not found
2025-08-29T11:42:44: 2025/08/29 11:42:44 [INFO] assignment input data local ID : 105 Title: Unix II Chapter 2 Quiz : Course code: ITSC-2337 Type : Quiz Deadline : 2025-08-31 
2025-08-29T11:42:44: 2025/08/29 11:42:44 [INFO] assignment input : {105 Unix II Chapter 2 Quiz Chapter 2 Using Essential Tools 2025-08-31 ITSC-2337 Quiz  low}
2025-08-29T11:42:44: 2025/08/29 11:42:44 [ERROR] [409] Error creating assignment in database%!(EXTRA <nil>)
2025-08-29T11:42:44: 2025/08/29 11:42:44 [INFO] assignment input data local ID : 106 Title: Unix Lab 2 -- Red Hat : Course code: ITSC-2337 Type : Lab Deadline : 2025-08-31 
2025-08-29T11:42:44: 2025/08/29 11:42:44 [INFO] assignment input : {106 Unix Lab 2 -- Red Hat https://acconline.austincc.edu/ultra/courses/_949262_1/grades/assessment/_30751929_1/overview?courseId=_949262_1 2025-08-31 ITSC-2337 Lab  low}
2025-08-29T11:42:44: 2025/08/29 11:42:44 [ERROR] [409] Error creating assignment in database%!(EXTRA <nil>)
2025-08-29T11:43:05: 2025/08/29 11:43:05 [ERROR] [500] failed to getting assignment: record not found
2025-08-29T11:43:06: 2025/08/29 11:43:06 [ERROR] [500] failed to getting assignment: record not found
2025-08-29T11:44:45: 2025/08/29 11:44:45 [INFO] assignment input data local ID : 105 Title: Unix II Chapter 2 Quiz : Course code: ITSC-2337 Type : Quiz Deadline : 2025-08-31 
2025-08-29T11:44:45: 2025/08/29 11:44:45 [INFO] assignment input : {105 Unix II Chapter 2 Quiz Chapter 2 Using Essential Tools 2025-08-31 ITSC-2337 Quiz  low}
2025-08-29T11:44:45: 2025/08/29 11:44:45 [ERROR] [409] Error creating assignment in database%!(EXTRA <nil>)
2025-08-29T11:44:45: 2025/08/29 11:44:45 [INFO] assignment input data local ID : 106 Title: Unix Lab 2 -- Red Hat : Course code: ITSC-2337 Type : Lab Deadline : 2025-08-31 
2025-08-29T11:44:45: 2025/08/29 11:44:45 [INFO] assignment input : {106 Unix Lab 2 -- Red Hat Complete the following below, once Red Hat is installed, provide screenshots.
2025-08-29T11:44:45: 
2025-08-29T11:44:45: Register on: https://www.redhat.com/en/developersProvide a username
2025-08-29T11:44:45: Use your ACC email address.
2025-08-29T11:44:45: For Company, Austin Community College,
2025-08-29T11:44:45: For address:
2025-08-29T11:44:45:   5930 Middle Fiskville Rd, Austin, TX 78752
2025-08-29T11:44:45: Validate our email account. (It sends and email to your account.)
2025-08-29T11:44:45: Download Linux Enterprise edition: Download
2025-08-29T11:44:45: Use the following instructions: Install RedHat
2025-08-29T11:44:45: EMAIL YOUR INSTRUCTOR WITH YOUR USERNAME & ACC EMAIL. --- Redhat username and email address your enrolled with. Also, we will be using Red Hat Academy lab environment for future labs, and I will use your Red Hat username to register you. PLEASE EMAIL TITLE: RED HAT USERNAME UNIX 2 SATURDAY
2025-08-29T11:44:45: 
2025-08-29T11:44:45: Another source for install, but uses Virtual Box, the install process of Redhat itself though is the same for VMWare: Install Redhat
2025-08-29T11:44:45:      Install Server with GUI.  Install the lates version of Red Hat (Release 9)- x86_64 - DVD.iso - 10.22gb download
2025-08-29T11:44:45: 
2025-08-29T11:44:45: SUBMISSION: Provide a screenshot showing your login name and another Screenshot showing Firefox can reach the internet. Pick any site. Also, answer any questions in the Lab or additional snippets requested. 2025-08-31 ITSC-2337 Lab  low}
2025-08-29T11:44:45: 2025/08/29 11:44:45 [ERROR] [409] Error creating assignment in database%!(EXTRA <nil>)
2025-08-29T12:00:02: 2025/08/29 12:00:02 [INFO] assignment input data local ID : 105 Title: Unix II Chapter 2 Quiz : Course code: ITSC-2337 Type : Quiz Deadline : 2025-08-31 
2025-08-29T12:00:02: 2025/08/29 12:00:02 [INFO] assignment input : {105 Unix II Chapter 2 Quiz Chapter 2 Using Essential Tools 2025-08-31 ITSC-2337 Quiz  low}
2025-08-29T12:00:02: 2025/08/29 12:00:02 [ERROR] [409] Error creating assignment in database%!(EXTRA <nil>)
2025-08-29T12:00:02: 2025/08/29 12:00:02 [INFO] assignment input data local ID : 106 Title: Unix Lab 2 -- Red Hat : Course code: ITSC-2337 Type : Lab Deadline : 2025-08-31 
2025-08-29T12:00:02: 2025/08/29 12:00:02 [INFO] assignment input : {106 Unix Lab 2 -- Red Hat Complete the following below, once Red Hat is installed, provide screenshots.
2025-08-29T12:00:02: 
2025-08-29T12:00:02: Register on: https://www.redhat.com/en/developersProvide a username
2025-08-29T12:00:02: Use your ACC email address.
2025-08-29T12:00:02: For Company, Austin Community College,
2025-08-29T12:00:02: For address:
2025-08-29T12:00:02:   5930 Middle Fiskville Rd, Austin, TX 78752
2025-08-29T12:00:02: Validate our email account. (It sends and email to your account.)
2025-08-29T12:00:02: Download Linux Enterprise edition: Download
2025-08-29T12:00:02: Use the following instructions: Install RedHat
2025-08-29T12:00:02: EMAIL YOUR INSTRUCTOR WITH YOUR USERNAME & ACC EMAIL. --- Redhat username and email address your enrolled with. Also, we will be using Red Hat Academy lab environment for future labs, and I will use your Red Hat username to register you. PLEASE EMAIL TITLE: RED HAT USERNAME UNIX 2 SATURDAY
2025-08-29T12:00:02: 
2025-08-29T12:00:02: Another source for install, but uses Virtual Box, the install process of Redhat itself though is the same for VMWare: Install Redhat
2025-08-29T12:00:02:      Install Server with GUI.  Install the lates version of Red Hat (Release 9)- x86_64 - DVD.iso - 10.22gb download
2025-08-29T12:00:02: 
2025-08-29T12:00:02: SUBMISSION: Provide a screenshot showing your login name and another Screenshot showing Firefox can reach the internet. Pick any site. Also, answer any questions in the Lab or additional snippets requested. 2025-08-31 ITSC-2337 Lab  low}
2025-08-29T12:00:02: 2025/08/29 12:00:02 [ERROR] [409] Error creating assignment in database%!(EXTRA <nil>)
2025-08-29T12:02:02: 2025/08/29 12:02:02 [INFO] assignment input data local ID : 105 Title: Unix II Chapter 2 Quiz : Course code: ITSC-2337 Type : Quiz Deadline : 2025-08-31 
2025-08-29T12:02:02: 2025/08/29 12:02:02 [INFO] assignment input : {105 Unix II Chapter 2 Quiz Chapter 2 Using Essential Tools 2025-08-31 ITSC-2337 Quiz  low}
2025-08-29T12:02:02: 2025/08/29 12:02:02 [ERROR] [409] Error creating assignment in database%!(EXTRA <nil>)
2025-08-29T12:02:02: 2025/08/29 12:02:02 [INFO] assignment input data local ID : 106 Title: Unix Lab 2 -- Red Hat : Course code: ITSC-2337 Type : Lab Deadline : 2025-08-31 
2025-08-29T12:02:02: 2025/08/29 12:02:02 [INFO] assignment input : {106 Unix Lab 2 -- Red Hat Complete the following below, once Red Hat is installed, provide screenshots.
2025-08-29T12:02:02: 
2025-08-29T12:02:02: Register on: https://www.redhat.com/en/developersProvide a username
2025-08-29T12:02:02: Use your ACC email address.
2025-08-29T12:02:02: For Company, Austin Community College,
2025-08-29T12:02:02: For address:
2025-08-29T12:02:02:   5930 Middle Fiskville Rd, Austin, TX 78752
2025-08-29T12:02:02: Validate our email account. (It sends and email to your account.)
2025-08-29T12:02:02: Download Linux Enterprise edition: Download
2025-08-29T12:02:02: Use the following instructions: Install RedHat
2025-08-29T12:02:02: EMAIL YOUR INSTRUCTOR WITH YOUR USERNAME & ACC EMAIL. --- Redhat username and email address your enrolled with. Also, we will be using Red Hat Academy lab environment for future labs, and I will use your Red Hat username to register you. PLEASE EMAIL TITLE: RED HAT USERNAME UNIX 2 SATURDAY
2025-08-29T12:02:02: 
2025-08-29T12:02:02: Another source for install, but uses Virtual Box, the install process of Redhat itself though is the same for VMWare: Install Redhat
2025-08-29T12:02:02:      Install Server with GUI.  Install the lates version of Red Hat (Release 9)- x86_64 - DVD.iso - 10.22gb download
2025-08-29T12:02:02: 
2025-08-29T12:02:02: SUBMISSION: Provide a screenshot showing your login name and another Screenshot showing Firefox can reach the internet. Pick any site. Also, answer any questions in the Lab or additional snippets requested. 2025-08-31 ITSC-2337 Lab  low}
2025-08-29T12:02:02: 2025/08/29 12:02:02 [ERROR] [409] Error creating assignment in database%!(EXTRA <nil>)
2025-08-29T12:06:02: 2025/08/29 12:06:02 [INFO] assignment input data local ID : 105 Title: Unix II Chapter 2 Quiz : Course code: ITSC-2337 Type : Quiz Deadline : 2025-08-31 
2025-08-29T12:06:02: 2025/08/29 12:06:02 [INFO] assignment input : {105 Unix II Chapter 2 Quiz Chapter 2 Using Essential Tools 2025-08-31 ITSC-2337 Quiz  low}
2025-08-29T12:06:02: 2025/08/29 12:06:02 [ERROR] [409] Error creating assignment in database%!(EXTRA <nil>)
2025-08-29T12:06:02: 2025/08/29 12:06:02 [INFO] assignment input data local ID : 106 Title: Unix Lab 2 -- Red Hat : Course code: ITSC-2337 Type : Lab Deadline : 2025-08-31 
2025-08-29T12:06:02: 2025/08/29 12:06:02 [INFO] assignment input : {106 Unix Lab 2 -- Red Hat Complete the following below, once Red Hat is installed, provide screenshots.
2025-08-29T12:06:02: 
2025-08-29T12:06:02: Register on: https://www.redhat.com/en/developersProvide a username
2025-08-29T12:06:02: Use your ACC email address.
2025-08-29T12:06:02: For Company, Austin Community College,
2025-08-29T12:06:02: For address:
2025-08-29T12:06:02:   5930 Middle Fiskville Rd, Austin, TX 78752
2025-08-29T12:06:02: Validate our email account. (It sends and email to your account.)
2025-08-29T12:06:02: Download Linux Enterprise edition: Download
2025-08-29T12:06:02: Use the following instructions: Install RedHat
2025-08-29T12:06:02: EMAIL YOUR INSTRUCTOR WITH YOUR USERNAME & ACC EMAIL. --- Redhat username and email address your enrolled with. Also, we will be using Red Hat Academy lab environment for future labs, and I will use your Red Hat username to register you. PLEASE EMAIL TITLE: RED HAT USERNAME UNIX 2 SATURDAY
2025-08-29T12:06:02: 
2025-08-29T12:06:02: Another source for install, but uses Virtual Box, the install process of Redhat itself though is the same for VMWare: Install Redhat
2025-08-29T12:06:02:      Install Server with GUI.  Install the lates version of Red Hat (Release 9)- x86_64 - DVD.iso - 10.22gb download
2025-08-29T12:06:02: 
2025-08-29T12:06:02: SUBMISSION: Provide a screenshot showing your login name and another Screenshot showing Firefox can reach the internet. Pick any site. Also, answer any questions in the Lab or additional snippets requested. 2025-08-31 ITSC-2337 Lab  low}
2025-08-29T12:06:02: 2025/08/29 12:06:02 [ERROR] [409] Error creating assignment in database%!(EXTRA <nil>)
2025-08-29T12:12:02: 2025/08/29 12:12:02 [INFO] assignment input data local ID : 105 Title: Unix II Chapter 2 Quiz : Course code: ITSC-2337 Type : Quiz Deadline : 2025-08-31 
2025-08-29T12:12:02: 2025/08/29 12:12:02 [INFO] assignment input : {105 Unix II Chapter 2 Quiz Chapter 2 Using Essential Tools 2025-08-31 ITSC-2337 Quiz  low}
2025-08-29T12:12:02: 2025/08/29 12:12:02 [ERROR] [409] Error creating assignment in database%!(EXTRA <nil>)
2025-08-29T12:12:02: 2025/08/29 12:12:02 [INFO] assignment input data local ID : 106 Title: Unix Lab 2 -- Red Hat : Course code: ITSC-2337 Type : Lab Deadline : 2025-08-31 
2025-08-29T12:12:02: 2025/08/29 12:12:02 [INFO] assignment input : {106 Unix Lab 2 -- Red Hat Complete the following below, once Red Hat is installed, provide screenshots.
2025-08-29T12:12:02: 
2025-08-29T12:12:02: Register on: https://www.redhat.com/en/developersProvide a username
2025-08-29T12:12:02: Use your ACC email address.
2025-08-29T12:12:02: For Company, Austin Community College,
2025-08-29T12:12:02: For address:
2025-08-29T12:12:02:   5930 Middle Fiskville Rd, Austin, TX 78752
2025-08-29T12:12:02: Validate our email account. (It sends and email to your account.)
2025-08-29T12:12:02: Download Linux Enterprise edition: Download
2025-08-29T12:12:02: Use the following instructions: Install RedHat
2025-08-29T12:12:02: EMAIL YOUR INSTRUCTOR WITH YOUR USERNAME & ACC EMAIL. --- Redhat username and email address your enrolled with. Also, we will be using Red Hat Academy lab environment for future labs, and I will use your Red Hat username to register you. PLEASE EMAIL TITLE: RED HAT USERNAME UNIX 2 SATURDAY
2025-08-29T12:12:02: 
2025-08-29T12:12:02: Another source for install, but uses Virtual Box, the install process of Redhat itself though is the same for VMWare: Install Redhat
2025-08-29T12:12:02:      Install Server with GUI.  Install the lates version of Red Hat (Release 9)- x86_64 - DVD.iso - 10.22gb download
2025-08-29T12:12:02: 
2025-08-29T12:12:02: SUBMISSION: Provide a screenshot showing your login name and another Screenshot showing Firefox can reach the internet. Pick any site. Also, answer any questions in the Lab or additional snippets requested. 2025-08-31 ITSC-2337 Lab  low}
2025-08-29T12:12:02: 2025/08/29 12:12:02 [ERROR] [409] Error creating assignment in database%!(EXTRA <nil>)
2025-08-29T12:18:02: 2025/08/29 12:18:02 [INFO] assignment input data local ID : 105 Title: Unix II Chapter 2 Quiz : Course code: ITSC-2337 Type : Quiz Deadline : 2025-08-31 
2025-08-29T12:18:02: 2025/08/29 12:18:02 [INFO] assignment input : {105 Unix II Chapter 2 Quiz Chapter 2 Using Essential Tools 2025-08-31 ITSC-2337 Quiz  low}
2025-08-29T12:18:02: 2025/08/29 12:18:02 [ERROR] [409] Error creating assignment in database%!(EXTRA <nil>)
2025-08-29T12:18:02: 2025/08/29 12:18:02 [INFO] assignment input data local ID : 106 Title: Unix Lab 2 -- Red Hat : Course code: ITSC-2337 Type : Lab Deadline : 2025-08-31 
2025-08-29T12:18:02: 2025/08/29 12:18:02 [INFO] assignment input : {106 Unix Lab 2 -- Red Hat Complete the following below, once Red Hat is installed, provide screenshots.
2025-08-29T12:18:02: 
2025-08-29T12:18:02: Register on: https://www.redhat.com/en/developersProvide a username
2025-08-29T12:18:02: Use your ACC email address.
2025-08-29T12:18:02: For Company, Austin Community College,
2025-08-29T12:18:02: For address:
2025-08-29T12:18:02:   5930 Middle Fiskville Rd, Austin, TX 78752
2025-08-29T12:18:02: Validate our email account. (It sends and email to your account.)
2025-08-29T12:18:02: Download Linux Enterprise edition: Download
2025-08-29T12:18:02: Use the following instructions: Install RedHat
2025-08-29T12:18:02: EMAIL YOUR INSTRUCTOR WITH YOUR USERNAME & ACC EMAIL. --- Redhat username and email address your enrolled with. Also, we will be using Red Hat Academy lab environment for future labs, and I will use your Red Hat username to register you. PLEASE EMAIL TITLE: RED HAT USERNAME UNIX 2 SATURDAY
2025-08-29T12:18:02: 
2025-08-29T12:18:02: Another source for install, but uses Virtual Box, the install process of Redhat itself though is the same for VMWare: Install Redhat
2025-08-29T12:18:02:      Install Server with GUI.  Install the lates version of Red Hat (Release 9)- x86_64 - DVD.iso - 10.22gb download
2025-08-29T12:18:02: 
2025-08-29T12:18:02: SUBMISSION: Provide a screenshot showing your login name and another Screenshot showing Firefox can reach the internet. Pick any site. Also, answer any questions in the Lab or additional snippets requested. 2025-08-31 ITSC-2337 Lab  low}
2025-08-29T12:18:02: 2025/08/29 12:18:02 [ERROR] [409] Error creating assignment in database%!(EXTRA <nil>)
2025-08-29T12:24:02: 2025/08/29 12:24:02 [INFO] assignment input data local ID : 105 Title: Unix II Chapter 2 Quiz : Course code: ITSC-2337 Type : Quiz Deadline : 2025-08-31 
2025-08-29T12:24:02: 2025/08/29 12:24:02 [INFO] assignment input : {105 Unix II Chapter 2 Quiz Chapter 2 Using Essential Tools 2025-08-31 ITSC-2337 Quiz  low}
2025-08-29T12:24:02: 2025/08/29 12:24:02 [ERROR] [409] Error creating assignment in database%!(EXTRA <nil>)
2025-08-29T12:24:02: 2025/08/29 12:24:02 [INFO] assignment input data local ID : 106 Title: Unix Lab 2 -- Red Hat : Course code: ITSC-2337 Type : Lab Deadline : 2025-08-31 
2025-08-29T12:24:02: 2025/08/29 12:24:02 [INFO] assignment input : {106 Unix Lab 2 -- Red Hat Complete the following below, once Red Hat is installed, provide screenshots.
2025-08-29T12:24:02: 
2025-08-29T12:24:02: Register on: https://www.redhat.com/en/developersProvide a username
2025-08-29T12:24:02: Use your ACC email address.
2025-08-29T12:24:02: For Company, Austin Community College,
2025-08-29T12:24:02: For address:
2025-08-29T12:24:02:   5930 Middle Fiskville Rd, Austin, TX 78752
2025-08-29T12:24:02: Validate our email account. (It sends and email to your account.)
2025-08-29T12:24:02: Download Linux Enterprise edition: Download
2025-08-29T12:24:02: Use the following instructions: Install RedHat
2025-08-29T12:24:02: EMAIL YOUR INSTRUCTOR WITH YOUR USERNAME & ACC EMAIL. --- Redhat username and email address your enrolled with. Also, we will be using Red Hat Academy lab environment for future labs, and I will use your Red Hat username to register you. PLEASE EMAIL TITLE: RED HAT USERNAME UNIX 2 SATURDAY
2025-08-29T12:24:02: 
2025-08-29T12:24:02: Another source for install, but uses Virtual Box, the install process of Redhat itself though is the same for VMWare: Install Redhat
2025-08-29T12:24:02:      Install Server with GUI.  Install the lates version of Red Hat (Release 9)- x86_64 - DVD.iso - 10.22gb download
2025-08-29T12:24:02: 
2025-08-29T12:24:02: SUBMISSION: Provide a screenshot showing your login name and another Screenshot showing Firefox can reach the internet. Pick any site. Also, answer any questions in the Lab or additional snippets requested. 2025-08-31 ITSC-2337 Lab  low}
2025-08-29T12:24:02: 2025/08/29 12:24:02 [ERROR] [409] Error creating assignment in database%!(EXTRA <nil>)
2025-08-29T12:28:27: 2025/08/29 12:28:27 [INFO] User ID : 1, Total : 2, Followers : [{{3 2025-07-11 03:34:59.874003 -0500 CDT 2025-07-11 03:34:59.874003 -0500 CDT {0001-01-01 00:00:00 +0000 UTC false}} testuser test@example.com $2a$10$hSXbMB48sBxxdyhmnV65BeoYOBTFmzZLHSMa0iv7W1Rttl62vUS7G  Austin Community College FALL 2025 junior false  [] <nil> [] []} {{19 2025-08-06 19:38:56.30408 -0500 CDT 2025-08-06 19:38:56.30408 -0500 CDT {0001-01-01 00:00:00 +0000 UTC false}} Will wfotso21@gmail.com $2a$10$C0/9rF6Az4nlFFea5gZYXuFbpggw4ZSzJ6kJnxGz70gbVerFuKbbS  Austin Community College FALL 2025 junior false en [] <nil> [] []}]
2025-08-29T12:44:51: 2025/08/29 12:44:51 [INFO] User ID : 1, Total : 2, Followers : [{{3 2025-07-11 03:34:59.874003 -0500 CDT 2025-07-11 03:34:59.874003 -0500 CDT {0001-01-01 00:00:00 +0000 UTC false}} testuser test@example.com $2a$10$hSXbMB48sBxxdyhmnV65BeoYOBTFmzZLHSMa0iv7W1Rttl62vUS7G  Austin Community College FALL 2025 junior false  [] <nil> [] []} {{19 2025-08-06 19:38:56.30408 -0500 CDT 2025-08-06 19:38:56.30408 -0500 CDT {0001-01-01 00:00:00 +0000 UTC false}} Will wfotso21@gmail.com $2a$10$C0/9rF6Az4nlFFea5gZYXuFbpggw4ZSzJ6kJnxGz70gbVerFuKbbS  Austin Community College FALL 2025 junior false en [] <nil> [] []}]
2025-08-29T12:44:51: 2025/08/29 12:44:51 [INFO] assignment input data local ID : 105 Title: Unix II Chapter 2 Quiz : Course code: ITSC-2337 Type : Quiz Deadline : 2025-08-31 
2025-08-29T12:44:51: 2025/08/29 12:44:51 [INFO] assignment input : {105 Unix II Chapter 2 Quiz Chapter 2 Using Essential Tools 2025-08-31 ITSC-2337 Quiz  low}
2025-08-29T12:44:51: 2025/08/29 12:44:51 [ERROR] [409] Error creating assignment in database%!(EXTRA <nil>)
2025-08-29T12:44:52: 2025/08/29 12:44:52 [INFO] assignment input data local ID : 106 Title: Unix Lab 2 -- Red Hat : Course code: ITSC-2337 Type : Lab Deadline : 2025-08-31 
2025-08-29T12:44:52: 2025/08/29 12:44:52 [INFO] assignment input : {106 Unix Lab 2 -- Red Hat Complete the following below, once Red Hat is installed, provide screenshots.
2025-08-29T12:44:52: 
2025-08-29T12:44:52: Register on: https://www.redhat.com/en/developersProvide a username
2025-08-29T12:44:52: Use your ACC email address.
2025-08-29T12:44:52: For Company, Austin Community College,
2025-08-29T12:44:52: For address:
2025-08-29T12:44:52:   5930 Middle Fiskville Rd, Austin, TX 78752
2025-08-29T12:44:52: Validate our email account. (It sends and email to your account.)
2025-08-29T12:44:52: Download Linux Enterprise edition: Download
2025-08-29T12:44:52: Use the following instructions: Install RedHat
2025-08-29T12:44:52: EMAIL YOUR INSTRUCTOR WITH YOUR USERNAME & ACC EMAIL. --- Redhat username and email address your enrolled with. Also, we will be using Red Hat Academy lab environment for future labs, and I will use your Red Hat username to register you. PLEASE EMAIL TITLE: RED HAT USERNAME UNIX 2 SATURDAY
2025-08-29T12:44:52: 
2025-08-29T12:44:52: Another source for install, but uses Virtual Box, the install process of Redhat itself though is the same for VMWare: Install Redhat
2025-08-29T12:44:52:      Install Server with GUI.  Install the lates version of Red Hat (Release 9)- x86_64 - DVD.iso - 10.22gb download
2025-08-29T12:44:52: 
2025-08-29T12:44:52: SUBMISSION: Provide a screenshot showing your login name and another Screenshot showing Firefox can reach the internet. Pick any site. Also, answer any questions in the Lab or additional snippets requested. 2025-08-31 ITSC-2337 Lab  low}
2025-08-29T12:44:52: 2025/08/29 12:44:52 [ERROR] [409] Error creating assignment in database%!(EXTRA <nil>)
2025-08-29T12:46:07: 2025/08/29 12:46:07 [ERROR] [500] failed to getting assignment: record not found
2025-08-29T12:47:07: 2025/08/29 12:47:07 [INFO] user_id 1 assignment 142 column deadline value 2025-09-02 00:00:00-05:00
2025-08-29T13:18:51: 2025/08/29 13:18:51 [INFO] assignment input data local ID : 105 Title: Unix II Chapter 2 Quiz : Course code: ITSC-2337 Type : Quiz Deadline : 2025-08-31 
2025-08-29T13:18:51: 2025/08/29 13:18:51 [INFO] assignment input : {105 Unix II Chapter 2 Quiz Chapter 2 Using Essential Tools 2025-08-31 ITSC-2337 Quiz  low}
2025-08-29T13:18:51: 2025/08/29 13:18:51 [ERROR] [409] Error creating assignment in database%!(EXTRA <nil>)
2025-08-29T13:18:51: 2025/08/29 13:18:51 [INFO] User ID : 1, Total : 2, Followers : [{{3 2025-07-11 03:34:59.874003 -0500 CDT 2025-07-11 03:34:59.874003 -0500 CDT {0001-01-01 00:00:00 +0000 UTC false}} testuser test@example.com $2a$10$hSXbMB48sBxxdyhmnV65BeoYOBTFmzZLHSMa0iv7W1Rttl62vUS7G  Austin Community College FALL 2025 junior false  [] <nil> [] []} {{19 2025-08-06 19:38:56.30408 -0500 CDT 2025-08-06 19:38:56.30408 -0500 CDT {0001-01-01 00:00:00 +0000 UTC false}} Will wfotso21@gmail.com $2a$10$C0/9rF6Az4nlFFea5gZYXuFbpggw4ZSzJ6kJnxGz70gbVerFuKbbS  Austin Community College FALL 2025 junior false en [] <nil> [] []}]
2025-08-29T13:18:51: 2025/08/29 13:18:51 [INFO] assignment input data local ID : 106 Title: Unix Lab 2 -- Red Hat : Course code: ITSC-2337 Type : Lab Deadline : 2025-08-31 
2025-08-29T13:18:51: 2025/08/29 13:18:51 [INFO] assignment input : {106 Unix Lab 2 -- Red Hat Complete the following below, once Red Hat is installed, provide screenshots.
2025-08-29T13:18:51: 
2025-08-29T13:18:51: Register on: https://www.redhat.com/en/developersProvide a username
2025-08-29T13:18:51: Use your ACC email address.
2025-08-29T13:18:51: For Company, Austin Community College,
2025-08-29T13:18:51: For address:
2025-08-29T13:18:51:   5930 Middle Fiskville Rd, Austin, TX 78752
2025-08-29T13:18:51: Validate our email account. (It sends and email to your account.)
2025-08-29T13:18:51: Download Linux Enterprise edition: Download
2025-08-29T13:18:51: Use the following instructions: Install RedHat
2025-08-29T13:18:51: EMAIL YOUR INSTRUCTOR WITH YOUR USERNAME & ACC EMAIL. --- Redhat username and email address your enrolled with. Also, we will be using Red Hat Academy lab environment for future labs, and I will use your Red Hat username to register you. PLEASE EMAIL TITLE: RED HAT USERNAME UNIX 2 SATURDAY
2025-08-29T13:18:51: 
2025-08-29T13:18:51: Another source for install, but uses Virtual Box, the install process of Redhat itself though is the same for VMWare: Install Redhat
2025-08-29T13:18:51:      Install Server with GUI.  Install the lates version of Red Hat (Release 9)- x86_64 - DVD.iso - 10.22gb download
2025-08-29T13:18:51: 
2025-08-29T13:18:51: SUBMISSION: Provide a screenshot showing your login name and another Screenshot showing Firefox can reach the internet. Pick any site. Also, answer any questions in the Lab or additional snippets requested. 2025-08-31 ITSC-2337 Lab Not started low}
2025-08-29T13:29:51: 2025/08/29 13:29:51 [INFO] assignment input data local ID : 105 Title: Unix II Chapter 2 Quiz : Course code: ITSC-2337 Type : Quiz Deadline : 2025-08-31 
2025-08-29T13:29:51: 2025/08/29 13:29:51 [INFO] assignment input : {105 Unix II Chapter 2 Quiz Chapter 2 Using Essential Tools 2025-08-31 ITSC-2337 Quiz  low}
2025-08-29T13:29:51: 2025/08/29 13:29:51 [ERROR] [409] Error creating assignment in database%!(EXTRA <nil>)
2025-08-29T13:35:45: 2025/08/29 13:35:45 [INFO] assignment input data local ID : 105 Title: Unix II Chapter 2 Quiz : Course code: ITSC-2337 Type : Quiz Deadline : 2025-08-31 
2025-08-29T13:35:45: 2025/08/29 13:35:45 [INFO] assignment input : {105 Unix II Chapter 2 Quiz Chapter 2 Using Essential Tools 2025-08-31 ITSC-2337 Quiz  low}
2025-08-29T13:35:45: 2025/08/29 13:35:45 [ERROR] [409] Error creating assignment in database%!(EXTRA <nil>)
2025-08-29T13:41:45: 2025/08/29 13:41:45 [INFO] assignment input data local ID : 105 Title: Unix II Chapter 2 Quiz : Course code: ITSC-2337 Type : Quiz Deadline : 2025-08-31 
2025-08-29T13:41:45: 2025/08/29 13:41:45 [INFO] assignment input : {105 Unix II Chapter 2 Quiz Chapter 2 Using Essential Tools 2025-08-31 ITSC-2337 Quiz  low}
2025-08-29T13:41:45: 2025/08/29 13:41:45 [ERROR] [409] Error creating assignment in database%!(EXTRA <nil>)
2025-08-29T15:21:22: 2025/08/29 15:21:22 [INFO] Client 1 disconnected (context canceled)
2025-08-29T15:21:22: 2025/08/29 15:21:22 [INFO] Removing client 1 (reason: connection closing)
2025-08-29T17:54:36: 2025/08/29 17:54:36 [INFO] SSE connection attempt from 127.0.0.1:57020
2025-08-29T17:54:36: 2025/08/29 17:54:36 [INFO] New SSE user id : 1
2025-08-29T17:54:36: 2025/08/29 17:54:36 [INFO] Active Clients: map[1:0xc00045ad80]
2025-08-29T20:06:24: 2025/08/29 20:06:24 [INFO] assignment input data local ID : 105 Title: Unix II Chapter 2 Quiz : Course code: ITSC-2337 Type : Quiz Deadline : 2025-08-31 
2025-08-29T20:06:24: 2025/08/29 20:06:24 [INFO] assignment input : {105 Unix II Chapter 2 Quiz Chapter 2 Using Essential Tools 2025-08-31 ITSC-2337 Quiz  low}
2025-08-29T20:06:24: 2025/08/29 20:06:24 [ERROR] [409] Error creating assignment in database%!(EXTRA <nil>)
2025-08-29T20:06:24: 2025/08/29 20:06:24 [INFO] User ID : 1, Total : 2, Followers : [{{3 2025-07-11 03:34:59.874003 -0500 CDT 2025-07-11 03:34:59.874003 -0500 CDT {0001-01-01 00:00:00 +0000 UTC false}} testuser test@example.com $2a$10$hSXbMB48sBxxdyhmnV65BeoYOBTFmzZLHSMa0iv7W1Rttl62vUS7G  Austin Community College FALL 2025 junior false  [] <nil> [] []} {{19 2025-08-06 19:38:56.30408 -0500 CDT 2025-08-06 19:38:56.30408 -0500 CDT {0001-01-01 00:00:00 +0000 UTC false}} Will wfotso21@gmail.com $2a$10$C0/9rF6Az4nlFFea5gZYXuFbpggw4ZSzJ6kJnxGz70gbVerFuKbbS  Austin Community College FALL 2025 junior false en [] <nil> [] []}]
2025-08-29T20:09:28: 2025/08/29 20:09:28 [ERROR] [500] failed to getting assignment: record not found
2025-08-29T20:10:12: 2025/08/29 20:10:12 [INFO] user_id 1 assignment 151 column status_name value In progress
2025-08-29T20:10:18: 2025/08/29 20:10:18 [INFO] user_id 1 assignment 145 column status_name value In progress
2025-08-29T20:10:20: 2025/08/29 20:10:20 [INFO] user_id 1 assignment 151 column status_name value Not started
2025-08-29T20:12:24: 2025/08/29 20:12:24 [INFO] assignment input data local ID : 105 Title: Unix II Chapter 2 Quiz : Course code: ITSC-2337 Type : Quiz Deadline : 2025-08-31 
2025-08-29T20:12:24: 2025/08/29 20:12:24 [INFO] assignment input : {105 Unix II Chapter 2 Quiz Chapter 2 Using Essential Tools 2025-08-31 ITSC-2337 Quiz Not started low}
2025-08-29T20:32:09: 2025/08/29 20:32:09 [INFO] User ID : 1, Total : 2, Followers : [{{3 2025-07-11 03:34:59.874003 -0500 CDT 2025-07-11 03:34:59.874003 -0500 CDT {0001-01-01 00:00:00 +0000 UTC false}} testuser test@example.com $2a$10$hSXbMB48sBxxdyhmnV65BeoYOBTFmzZLHSMa0iv7W1Rttl62vUS7G  Austin Community College FALL 2025 junior false  [] <nil> [] []} {{19 2025-08-06 19:38:56.30408 -0500 CDT 2025-08-06 19:38:56.30408 -0500 CDT {0001-01-01 00:00:00 +0000 UTC false}} Will wfotso21@gmail.com $2a$10$C0/9rF6Az4nlFFea5gZYXuFbpggw4ZSzJ6kJnxGz70gbVerFuKbbS  Austin Community College FALL 2025 junior false en [] <nil> [] []}]
2025-08-29T20:32:28: 2025/08/29 20:32:28 [ERROR] [401] Unauthorized - please login
2025-08-29T20:32:29: 2025/08/29 20:32:29 [ERROR] [401] Unauthorized - please login
2025-08-29T20:32:32: 2025/08/29 20:32:32 [ERROR] [401] Unauthorized - please login
2025-08-29T20:32:56: 2025/08/29 20:32:56 [INFO] User ID : 3, Total : 0, Followers : []
2025-08-29T20:32:56: 2025/08/29 20:32:56 [INFO] User ID : 3, Total : 0, Followers : []
2025-08-29T20:35:50: 2025/08/29 20:35:50 [INFO] User ID : 3, Total : 0, Followers : []
2025-08-29T20:36:18: 2025/08/29 20:36:18 [INFO] User ID : 3, Total : 0, Followers : []
2025-08-29T20:37:44: 2025/08/29 20:37:44 [INFO] User ID : 1, Total : 2, Followers : [{{3 2025-07-11 03:34:59.874003 -0500 CDT 2025-07-11 03:34:59.874003 -0500 CDT {0001-01-01 00:00:00 +0000 UTC false}} testuser test@example.com $2a$10$hSXbMB48sBxxdyhmnV65BeoYOBTFmzZLHSMa0iv7W1Rttl62vUS7G  Austin Community College FALL 2025 junior false  [] <nil> [] []} {{19 2025-08-06 19:38:56.30408 -0500 CDT 2025-08-06 19:38:56.30408 -0500 CDT {0001-01-01 00:00:00 +0000 UTC false}} Will wfotso21@gmail.com $2a$10$C0/9rF6Az4nlFFea5gZYXuFbpggw4ZSzJ6kJnxGz70gbVerFuKbbS  Austin Community College FALL 2025 junior false en [] <nil> [] []}]
2025-08-29T20:37:44: 2025/08/29 20:37:44 [INFO] User ID : 19, Total : 0, Followers : []
2025-08-29T20:37:48: 2025/08/29 20:37:48 [INFO] User ID : 1, Total : 1, Followers : [{{19 2025-08-06 19:38:56.30408 -0500 CDT 2025-08-06 19:38:56.30408 -0500 CDT {0001-01-01 00:00:00 +0000 UTC false}} Will wfotso21@gmail.com $2a$10$C0/9rF6Az4nlFFea5gZYXuFbpggw4ZSzJ6kJnxGz70gbVerFuKbbS  Austin Community College FALL 2025 junior false en [] <nil> [] []}]
2025-08-29T20:43:16: 2025/08/29 20:43:16 [ERROR] [401] Invalid credentials
2025-08-29T20:43:17: 2025/08/29 20:43:17 [ERROR] [401] Invalid credentials
2025-08-29T20:43:25: 2025/08/29 20:43:25 [INFO] User ID : 3, Total : 0, Followers : []
2025-08-29T20:45:00: 2025/08/29 20:45:00 [INFO] User ID : 3, Total : 0, Followers : []
2025-08-29T20:45:41: 2025/08/29 20:45:41 [INFO] User ID : 3, Total : 0, Followers : []
2025-08-29T20:46:43: 2025/08/29 20:46:43 [INFO] Client 1 disconnected (context canceled)
2025-08-29T20:46:43: 2025/08/29 20:46:43 [INFO] Removing client 1 (reason: connection closing)
2025-08-30T08:17:31: 2025/08/30 08:17:31 [INFO] SSE connection attempt from 127.0.0.1:39900
2025-08-30T08:17:31: 2025/08/30 08:17:31 [INFO] New SSE user id : 3
2025-08-30T08:17:31: 2025/08/30 08:17:31 [INFO] Active Clients: map[3:0xc000600870]
2025-08-30T08:22:10: 2025/08/30 08:22:10 [INFO] User ID : 3, Total : 0, Followers : []
2025-08-30T08:22:44: 2025/08/30 08:22:44 [INFO] User ID : 1, Total : 1, Followers : [{{19 2025-08-06 19:38:56.30408 -0500 CDT 2025-08-06 19:38:56.30408 -0500 CDT {0001-01-01 00:00:00 +0000 UTC false}} Will wfotso21@gmail.com $2a$10$C0/9rF6Az4nlFFea5gZYXuFbpggw4ZSzJ6kJnxGz70gbVerFuKbbS  Austin Community College FALL 2025 junior false en [] <nil> [] []}]
2025-08-30T08:56:47: 2025/08/30 08:56:47 [INFO] User ID : 1, Total : 1, Followers : [{{19 2025-08-06 19:38:56.30408 -0500 CDT 2025-08-06 19:38:56.30408 -0500 CDT {0001-01-01 00:00:00 +0000 UTC false}} Will wfotso21@gmail.com $2a$10$C0/9rF6Az4nlFFea5gZYXuFbpggw4ZSzJ6kJnxGz70gbVerFuKbbS  Austin Community College FALL 2025 junior false en [] <nil> [] []}]
2025-08-30T08:58:54: 2025/08/30 08:58:54 [INFO] user_id 1 assignment 151 column status_name value Done
2025-08-30T09:27:20: 2025/08/30 09:27:20 [INFO] User ID : 1, Total : 1, Followers : [{{19 2025-08-06 19:38:56.30408 -0500 CDT 2025-08-06 19:38:56.30408 -0500 CDT {0001-01-01 00:00:00 +0000 UTC false}} Will wfotso21@gmail.com $2a$10$C0/9rF6Az4nlFFea5gZYXuFbpggw4ZSzJ6kJnxGz70gbVerFuKbbS  Austin Community College FALL 2025 junior false en [] <nil> [] []}]
2025-08-30T09:44:37: 2025/08/30 09:44:37 [INFO] user_id 1 assignment 175 column status_name value In progress
2025-08-30T09:50:06: 2025/08/30 09:50:06 [INFO] user_id 1 assignment 103 column deleted_at value 2025-08-30T09:50:06-05:00
2025-08-30T09:58:23: 2025/08/30 09:58:23 [INFO] User ID : 1, Total : 1, Followers : [{{19 2025-08-06 19:38:56.30408 -0500 CDT 2025-08-06 19:38:56.30408 -0500 CDT {0001-01-01 00:00:00 +0000 UTC false}} Will wfotso21@gmail.com $2a$10$C0/9rF6Az4nlFFea5gZYXuFbpggw4ZSzJ6kJnxGz70gbVerFuKbbS  Austin Community College FALL 2025 junior false en [] <nil> [] []}]
2025-08-30T10:29:23: 2025/08/30 10:29:23 [INFO] User ID : 1, Total : 1, Followers : [{{19 2025-08-06 19:38:56.30408 -0500 CDT 2025-08-06 19:38:56.30408 -0500 CDT {0001-01-01 00:00:00 +0000 UTC false}} Will wfotso21@gmail.com $2a$10$C0/9rF6Az4nlFFea5gZYXuFbpggw4ZSzJ6kJnxGz70gbVerFuKbbS  Austin Community College FALL 2025 junior false en [] <nil> [] []}]
2025-08-30T10:44:06: 2025/08/30 10:44:06 [INFO] user_id 1 assignment 151 column deadline value 2025-09-06 00:00:00-05:00
2025-08-30T10:44:10: 2025/08/30 10:44:10 [INFO] user_id 1 assignment 151 column status_name value Not started
2025-08-30T10:44:12: 2025/08/30 10:44:12 [INFO] user_id 1 assignment 151 column status_name value In progress
2025-08-30T10:44:23: 2025/08/30 10:44:23 [INFO] user_id 1 assignment 175 column deadline value 2025-09-13 00:00:00-05:00
2025-08-30T10:44:38: 2025/08/30 10:44:38 [INFO] user_id 1 assignment 180 column deadline value 2025-09-06 00:00:00-05:00
2025-08-30T10:44:58: 2025/08/30 10:44:58 [INFO] user_id 1 assignment 146 column deadline value 2025-09-06 00:00:00-05:00
2025-08-30T13:23:39: 2025/08/30 13:23:39 [INFO] User ID : 1, Total : 1, Followers : [{{19 2025-08-06 19:38:56.30408 -0500 CDT 2025-08-06 19:38:56.30408 -0500 CDT {0001-01-01 00:00:00 +0000 UTC false}} Will wfotso21@gmail.com $2a$10$C0/9rF6Az4nlFFea5gZYXuFbpggw4ZSzJ6kJnxGz70gbVerFuKbbS  Austin Community College FALL 2025 junior false en [] <nil> [] []}]
